ds,timestamp,avgHighPrice,avgLowPrice,highPriceVolume,lowPriceVolume,daily_volume,roi,margin,potential_profit,margin_x_volume,fetched_at,source,item_id,_raw_json
2025-08-08 00:00:00+00:00,1754611200,6,5,94119300,12171300,106290600,20.0,1.0,106290600.0,106290600.0,2026-08-07T15:11:26.634526+00:00,timeseries_24h,556,"{""timestamp"": 1754611200, ""avgHighPrice"": 6, ""avgLowPrice"": 5, ""highPriceVolume"": 94119300, ""lowPriceVolume"": 12171300}"
2025-08-09 00:00:00+00:00,1754697600,6,5,77504016,8165150,85669166,20.0,1.0,85669166.0,85669166.0,2026-08-07T15:11:26.634526+00:00,timeseries_24h,556,"{""timestamp"": 1754697600, ""avgHighPrice"": 6, ""avgLowPrice"": 5, ""highPriceVolume"": 77504016, ""lowPriceVolume"": 8165150}"
2025-08-10 00:00:00+00:00,1754784000,6,5,96603579,12568564,109172143,20.0,1.0,109172143.0,109172143.0,2026-08-07T15:11:26.634526+00:00,timeseries_24h,556,"{""timestamp"": 1754784000, ""avgHighPrice"": 6, ""avgLowPrice"": 5, ""highPriceVolume"": 96603579, ""lowPriceVolume"": 12568564}"
2025-08-11 00:00:00+00:00,1754870400,6,5,83137224,10486069,93623293,20.0,1.0,93623293.0,93623293.0,2026-08-07T15:11:26.634526+00:00,timeseries_24h,556,"{""timestamp"": 1754870400, ""avgHighPrice"": 6, ""avgLowPrice"": 5, ""highPriceVolume"": 83137224, ""lowPriceVolume"": 10486069}"
2025-08-12 00:00:00+00:00,1754956800,6,5,85860725,11902818,97763543,20.0,1.0,97763543.0,97763543.0,2026-08-07T15:11:26.634526+00:00,timeseries_24h,556,"{""timestamp"": 1754956800, ""avgHighPrice"": 6, ""avgLowPrice"": 5, ""highPriceVolume"": 85860725, ""lowPriceVolume"": 11902818}"
2025-08-13 00:00:00+00:00,1755043200,6,5,79357950,7753725,87111675,20.0,1.0,87111675.0,87111675.0,2026-08-07T15:11:26.634526+00:00,timeseries_24h,556,"{""timestamp"": 1755043200, ""avgHighPrice"": 6, ""avgLowPrice"": 5, ""highPriceVolume"": 79357950, ""lowPriceVolume"": 7753725}"
2025-08-14 00:00:00+00:00,1755129600,6,5,74631772,8190153,82821925,20.0,1.0,82821925.0,82821925.0,2026-08-07T15:11:26.634526+00:00,timeseries_24h,556,"{""timestamp"": 1755129600, ""avgHighPrice"": 6, ""avgLowPrice"": 5, ""highPriceVolume"": 74631772, ""lowPriceVolume"": 8190153}"
2025-08-15 00:00:00+00:00,1755216000,6,5,72973824,12366766,85340590,20.0,1.0,85340590.0,85340590.0,2026-08-07T15:11:26.634526+00:00,timeseries_24h,556,"{""timestamp"": 1755216000, ""avgHighPrice"": 6, ""avgLowPrice"": 5, ""highPriceVolume"": 72973824, ""lowPriceVolume"": 12366766}"
2025-08-16 00:00:00+00:00,1755302400,6,5,95803272,10156946,105960218,20.0,1.0,105960218.0,105960218.0,2026-08-07T15:11:26.634526+00:00,timeseries_24h,556,"{""timestamp"": 1755302400, ""avgHighPrice"": 6, ""avgLowPrice"": 5, ""highPriceVolume"": 95803272, ""lowPriceVolume"": 10156946}"
2025-08-17 00:00:00+00:00,1755388800,6,5,96342407,22398591,118740998,20.0,1.0,118740998.0,118740998.0,2026-08-07T15:11:26.634526+00:00,timeseries_24h,556,"{""timestamp"": 1755388800, ""avgHighPrice"": 6, ""avgLowPrice"": 5, ""highPriceVolume"": 96342407, ""lowPriceVolume"": 22398591}"
2025-08-18 00:00:00+00:00,1755475200,6,5,65809310,19479110,85288420,20.0,1.0,85288420.0,85288420.0,2026-08-07T15:11:26.634526+00:00,timeseries_24h,556,"{""timestamp"": 1755475200, ""avgHighPrice"": 6, ""avgLowPrice"": 5, ""highPriceVolume"": 65809310, ""lowPriceVolume"": 19479110}"
2025-08-19 00:00:00+00:00,1755561600,6,5,87696542,8272293,95968835,20.0,1.0,95968835.0,95968835.0,2026-08-07T15:11:26.634526+00:00,timeseries_24h,556,"{""timestamp"": 1755561600, ""avgHighPrice"": 6, ""avgLowPrice"": 5, ""highPriceVolume"": 87696542, ""lowPriceVolume"": 8272293}"
2025-08-20 00:00:00+00:00,1755648000,6,5,74476898,7709602,82186500,20.0,1.0,82186500.0,82186500.0,2026-08-07T15:11:26.634526+00:00,timeseries_24h,556,"{""timestamp"": 1755648000, ""avgHighPrice"": 6, ""avgLowPrice"": 5, ""highPriceVolume"": 74476898, ""lowPriceVolume"": 7709602}"
2025-08-21 00:00:00+00:00,1755734400,6,5,62136386,14339059,76475445,20.0,1.0,76475445.0,76475445.0,2026-08-07T15:11:26.634526+00:00,timeseries_24h,556,"{""timestamp"": 1755734400, ""avgHighPrice"": 6, ""avgLowPrice"": 5, ""highPriceVolume"": 62136386, ""lowPriceVolume"": 14339059}"
2025-08-22 00:00:00+00:00,1755820800,6,5,84799444,13106792,97906236,20.0,1.0,97906236.0,97906236.0,2026-08-07T15:11:26.634526+00:00,timeseries_24h,556,"{""timestamp"": 1755820800, ""avgHighPrice"": 6, ""avgLowPrice"": 5, ""highPriceVolume"": 84799444, ""lowPriceVolume"": 13106792}"
2025-08-23 00:00:00+00:00,1755907200,6,5,89748694,25365845,115114539,20.0,1.0,115114539.0,115114539.0,2026-08-07T15:11:26.634526+00:00,timeseries_24h,556,"{""timestamp"": 1755907200, ""avgHighPrice"": 6, ""avgLowPrice"": 5, ""highPriceVolume"": 89748694, ""lowPriceVolume"": 25365845}"
2025-08-24 00:00:00+00:00,1755993600,6,5,74845490,28725989,103571479,20.0,1.0,103571479.0,103571479.0,2026-08-07T15:11:26.634526+00:00,timeseries_24h,556,"{""timestamp"": 1755993600, ""avgHighPrice"": 6, ""avgLowPrice"": 5, ""highPriceVolume"": 74845490, ""lowPriceVolume"": 28725989}"
2025-08-25 00:00:00+00:00,1756080000,6,5,85928735,17765620,103694355,20.0,1.0,103694355.0,103694355.0,2026-08-07T15:11:26.634526+00:00,timeseries_24h,556,"{""timestamp"": 1756080000, ""avgHighPrice"": 6, ""avgLowPrice"": 5, ""highPriceVolume"": 85928735, ""lowPriceVolume"": 17765620}"
2025-08-26 00:00:00+00:00,1756166400,6,5,85347747,13722565,99070312,20.0,1.0,99070312.0,99070312.0,2026-08-07T15:11:26.634526+00:00,timeseries_24h,556,"{""timestamp"": 1756166400, ""avgHighPrice"": 6, ""avgLowPrice"": 5, ""highPriceVolume"": 85347747, ""lowPriceVolume"": 13722565}"
2025-08-27 00:00:00+00:00,1756252800,6,5,67234934,29064702,96299636,20.0,1.0,96299636.0,96299636.0,2026-08-07T15:11:26.634526+00:00,timeseries_24h,556,"{""timestamp"": 1756252800, ""avgHighPrice"": 6, ""avgLowPrice"": 5, ""highPriceVolume"": 67234934, ""lowPriceVolume"": 29064702}"
2025-08-28 00:00:00+00:00,1756339200,6,5,53931044,16729036,70660080,20.0,1.0,70660080.0,70660080.0,2026-08-07T15:11:26.634526+00:00,timeseries_24h,556,"{""timestamp"": 1756339200, ""avgHighPrice"": 6, ""avgLowPrice"": 5, ""highPriceVolume"": 53931044, ""lowPriceVolume"": 16729036}"
2025-08-29 00:00:00+00:00,1756425600,6,5,62553311,27711094,90264405,20.0,1.0,90264405.0,90264405.0,2026-08-07T15:11:26.634526+00:00,timeseries_24h,556,"{""timestamp"": 1756425600, ""avgHighPrice"": 6, ""avgLowPrice"": 5, ""highPriceVolume"": 62553311, ""lowPriceVolume"": 27711094}"
2025-08-30 00:00:00+00:00,1756512000,6,5,78544582,12433526,90978108,20.0,1.0,90978108.0,90978108.0,2026-08-07T15:11:26.634526+00:00,timeseries_24h,556,"{""timestamp"": 1756512000, ""avgHighPrice"": 6, ""avgLowPrice"": 5, ""highPriceVolume"": 78544582, ""lowPriceVolume"": 12433526}"
2025-08-31 00:00:00+00:00,1756598400,6,5,88176066,10741429,98917495,20.0,1.0,98917495.0,98917495.0,2026-08-07T15:11:26.634526+00:00,timeseries_24h,556,"{""timestamp"": 1756598400, ""avgHighPrice"": 6, ""avgLowPrice"": 5, ""highPriceVolume"": 88176066, ""lowPriceVolume"": 10741429}"
2025-09-01 00:00:00+00:00,1756684800,6,5,100753795,13581194,114334989,20.0,1.0,114334989.0,114334989.0,2026-08-07T15:11:26.634526+00:00,timeseries_24h,556,"{""timestamp"": 1756684800, ""avgHighPrice"": 6, ""avgLowPrice"": 5, ""highPriceVolume"": 100753795, ""lowPriceVolume"": 13581194}"
2025-09-02 00:00:00+00:00,1756771200,6,5,102978942,18943042,121921984,20.0,1.0,121921984.0,121921984.0,2026-08-07T15:11:26.634526+00:00,timeseries_24h,556,"{""timestamp"": 1756771200, ""avgHighPrice"": 6, ""avgLowPrice"": 5, ""highPriceVolume"": 102978942, ""lowPriceVolume"": 18943042}"
2025-09-03 00:00:00+00:00,1756857600,6,5,98037256,18596629,116633885,20.0,1.0,116633885.0,116633885.0,2026-08-07T15:11:26.634526+00:00,timeseries_24h,556,"{""timestamp"": 1756857600, ""avgHighPrice"": 6, ""avgLowPrice"": 5, ""highPriceVolume"": 98037256, ""lowPriceVolume"": 18596629}"
2025-09-04 00:00:00+00:00,1756944000,6,5,79243822,13478297,92722119,20.0,1.0,92722119.0,92722119.0,2026-08-07T15:11:26.634526+00:00,timeseries_24h,556,"{""timestamp"": 1756944000, ""avgHighPrice"": 6, ""avgLowPrice"": 5, ""highPriceVolume"": 79243822, ""lowPriceVolume"": 13478297}"
2025-09-05 00:00:00+00:00,1757030400,6,5,82523339,12340745,94864084,20.0,1.0,94864084.0,94864084.0,2026-08-07T15:11:26.634526+00:00,timeseries_24h,556,"{""timestamp"": 1757030400, ""avgHighPrice"": 6, ""avgLowPrice"": 5, ""highPriceVolume"": 82523339, ""lowPriceVolume"": 12340745}"
2025-09-06 00:00:00+00:00,1757116800,6,5,87982143,7923225,95905368,20.0,1.0,95905368.0,95905368.0,2026-08-07T15:11:26.634526+00:00,timeseries_24h,556,"{""timestamp"": 1757116800, ""avgHighPrice"": 6, ""avgLowPrice"": 5, ""highPriceVolume"": 87982143, ""lowPriceVolume"": 7923225}"
2025-09-07 00:00:00+00:00,1757203200,6,5,98989578,8962168,107951746,20.0,1.0,107951746.0,107951746.0,2026-08-07T15:11:26.634526+00:00,timeseries_24h,556,"{""timestamp"": 1757203200, ""avgHighPrice"": 6, ""avgLowPrice"": 5, ""highPriceVolume"": 98989578, ""lowPriceVolume"": 8962168}"
2025-09-08 00:00:00+00:00,1757289600,6,5,92488457,11251934,103740391,20.0,1.0,103740391.0,103740391.0,2026-08-07T15:11:26.634526+00:00,timeseries_24h,556,"{""timestamp"": 1757289600, ""avgHighPrice"": 6, ""avgLowPrice"": 5, ""highPriceVolume"": 92488457, ""lowPriceVolume"": 11251934}"
2025-09-09 00:00:00+00:00,1757376000,6,5,76831386,8645728,85477114,20.0,1.0,85477114.0,85477114.0,2026-08-07T15:11:26.634526+00:00,timeseries_24h,556,"{""timestamp"": 1757376000, ""avgHighPrice"": 6, ""avgLowPrice"": 5, ""highPriceVolume"": 76831386, ""lowPriceVolume"": 8645728}"
2025-09-10 00:00:00+00:00,1757462400,6,5,87960683,7236653,95197336,20.0,1.0,95197336.0,95197336.0,2026-08-07T15:11:26.634526+00:00,timeseries_24h,556,"{""timestamp"": 1757462400, ""avgHighPrice"": 6, ""avgLowPrice"": 5, ""highPriceVolume"": 87960683, ""lowPriceVolume"": 7236653}"
2025-09-11 00:00:00+00:00,1757548800,6,5,94336716,11906201,106242917,20.0,1.0,106242917.0,106242917.0,2026-08-07T15:11:26.634526+00:00,timeseries_24h,556,"{""timestamp"": 1757548800, ""avgHighPrice"": 6, ""avgLowPrice"": 5, ""highPriceVolume"": 94336716, ""lowPriceVolume"": 11906201}"
2025-09-12 00:00:00+00:00,1757635200,6,5,71539283,8372377,79911660,20.0,1.0,79911660.0,79911660.0,2026-08-07T15:11:26.634526+00:00,timeseries_24h,556,"{""timestamp"": 1757635200, ""avgHighPrice"": 6, ""avgLowPrice"": 5, ""highPriceVolume"": 71539283, ""lowPriceVolume"": 8372377}"
2025-09-13 00:00:00+00:00,1757721600,6,5,89577399,7226728,96804127,20.0,1.0,96804127.0,96804127.0,2026-08-07T15:11:26.634526+00:00,timeseries_24h,556,"{""timestamp"": 1757721600, ""avgHighPrice"": 6, ""avgLowPrice"": 5, ""highPriceVolume"": 89577399, ""lowPriceVolume"": 7226728}"
2025-09-14 00:00:00+00:00,1757808000,6,5,97850522,9707194,107557716,20.0,1.0,107557716.0,107557716.0,2026-08-07T15:11:26.634526+00:00,timeseries_24h,556,"{""timestamp"": 1757808000, ""avgHighPrice"": 6, ""avgLowPrice"": 5, ""highPriceVolume"": 97850522, ""lowPriceVolume"": 9707194}"
2025-09-15 00:00:00+00:00,1757894400,6,5,102941036,9420405,112361441,20.0,1.0,112361441.0,112361441.0,2026-08-07T15:11:26.634526+00:00,timeseries_24h,556,"{""timestamp"": 1757894400, ""avgHighPrice"": 6, ""avgLowPrice"": 5, ""highPriceVolume"": 102941036, ""lowPriceVolume"": 9420405}"
2025-09-16 00:00:00+00:00,1757980800,6,5,74555596,8195862,82751458,20.0,1.0,82751458.0,82751458.0,2026-08-07T15:11:26.634526+00:00,timeseries_24h,556,"{""timestamp"": 1757980800, ""avgHighPrice"": 6, ""avgLowPrice"": 5, ""highPriceVolume"": 74555596, ""lowPriceVolume"": 8195862}"
2025-09-17 00:00:00+00:00,1758067200,6,5,80944549,8732240,89676789,20.0,1.0,89676789.0,89676789.0,2026-08-07T15:11:26.634526+00:00,timeseries_24h,556,"{""timestamp"": 1758067200, ""avgHighPrice"": 6, ""avgLowPrice"": 5, ""highPriceVolume"": 80944549, ""lowPriceVolume"": 8732240}"
2025-09-18 00:00:00+00:00,1758153600,6,5,76312528,11015348,87327876,20.0,1.0,87327876.0,87327876.0,2026-08-07T15:11:26.634526+00:00,timeseries_24h,556,"{""timestamp"": 1758153600, ""avgHighPrice"": 6, ""avgLowPrice"": 5, ""highPriceVolume"": 76312528, ""lowPriceVolume"": 11015348}"
2025-09-19 00:00:00+00:00,1758240000,6,5,66795168,11863079,78658247,20.0,1.0,78658247.0,78658247.0,2026-08-07T15:11:26.634526+00:00,timeseries_24h,556,"{""timestamp"": 1758240000, ""avgHighPrice"": 6, ""avgLowPrice"": 5, ""highPriceVolume"": 66795168, ""lowPriceVolume"": 11863079}"
2025-09-20 00:00:00+00:00,1758326400,6,5,70173980,11680976,81854956,20.0,1.0,81854956.0,81854956.0,2026-08-07T15:11:26.634526+00:00,timeseries_24h,556,"{""timestamp"": 1758326400, ""avgHighPrice"": 6, ""avgLowPrice"": 5, ""highPriceVolume"": 70173980, ""lowPriceVolume"": 11680976}"
2025-09-21 00:00:00+00:00,1758412800,6,5,79538986,6682029,86221015,20.0,1.0,86221015.0,86221015.0,2026-08-07T15:11:26.634526+00:00,timeseries_24h,556,"{""timestamp"": 1758412800, ""avgHighPrice"": 6, ""avgLowPrice"": 5, ""highPriceVolume"": 79538986, ""lowPriceVolume"": 6682029}"
2025-09-22 00:00:00+00:00,1758499200,6,5,74710184,7810817,82521001,20.0,1.0,82521001.0,82521001.0,2026-08-07T15:11:26.634526+00:00,timeseries_24h,556,"{""timestamp"": 1758499200, ""avgHighPrice"": 6, ""avgLowPrice"": 5, ""highPriceVolume"": 74710184, ""lowPriceVolume"": 7810817}"
2025-09-23 00:00:00+00:00,1758585600,6,5,74393601,4174726,78568327,20.0,1.0,78568327.0,78568327.0,2026-08-07T15:11:26.634526+00:00,timeseries_24h,556,"{""timestamp"": 1758585600, ""avgHighPrice"": 6, ""avgLowPrice"": 5, ""highPriceVolume"": 74393601, ""lowPriceVolume"": 4174726}"
2025-09-24 00:00:00+00:00,1758672000,5,5,95242115,9704334,104946449,0.0,0.0,0.0,0.0,2026-08-07T15:11:26.634526+00:00,timeseries_24h,556,"{""timestamp"": 1758672000, ""avgHighPrice"": 5, ""avgLowPrice"": 5, ""highPriceVolume"": 95242115, ""lowPriceVolume"": 9704334}"
2025-09-25 00:00:00+00:00,1758758400,6,5,58212964,21734351,79947315,20.0,1.0,79947315.0,79947315.0,2026-08-07T15:11:26.634526+00:00,timeseries_24h,556,"{""timestamp"": 1758758400, ""avgHighPrice"": 6, ""avgLowPrice"": 5, ""highPriceVolume"": 58212964, ""lowPriceVolume"": 21734351}"
2025-09-26 00:00:00+00:00,1758844800,6,5,605401,91376,696777,20.0,1.0,696777.0,696777.0,2026-08-07T15:11:26.634526+00:00,timeseries_24h,556,"{""timestamp"": 1758844800, ""avgHighPrice"": 6, ""avgLowPrice"": 5, ""highPriceVolume"": 605401, ""lowPriceVolume"": 91376}"
2025-09-27 00:00:00+00:00,1758931200,6,5,44923800,33401174,78324974,20.0,1.0,78324974.0,78324974.0,2026-08-07T15:11:26.634526+00:00,timeseries_24h,556,"{""timestamp"": 1758931200, ""avgHighPrice"": 6, ""avgLowPrice"": 5, ""highPriceVolume"": 44923800, ""lowPriceVolume"": 33401174}"
2025-09-28 00:00:00+00:00,1759017600,6,5,48007242,19175294,67182536,20.0,1.0,67182536.0,67182536.0,2026-08-07T15:11:26.634526+00:00,timeseries_24h,556,"{""timestamp"": 1759017600, ""avgHighPrice"": 6, ""avgLowPrice"": 5, ""highPriceVolume"": 48007242, ""lowPriceVolume"": 19175294}"
2025-09-29 00:00:00+00:00,1759104000,6,5,54114240,37680670,91794910,20.0,1.0,91794910.0,91794910.0,2026-08-07T15:11:26.634526+00:00,timeseries_24h,556,"{""timestamp"": 1759104000, ""avgHighPrice"": 6, ""avgLowPrice"": 5, ""highPriceVolume"": 54114240, ""lowPriceVolume"": 37680670}"
2025-09-30 00:00:00+00:00,1759190400,6,5,36809072,29693925,66502997,20.0,1.0,66502997.0,66502997.0,2026-08-07T15:11:26.634526+00:00,timeseries_24h,556,"{""timestamp"": 1759190400, ""avgHighPrice"": 6, ""avgLowPrice"": 5, ""highPriceVolume"": 36809072, ""lowPriceVolume"": 29693925}"
2025-10-01 00:00:00+00:00,1759276800,6,5,31237627,22477657,53715284,20.0,1.0,53715284.0,53715284.0,2026-08-07T15:11:26.634526+00:00,timeseries_24h,556,"{""timestamp"": 1759276800, ""avgHighPrice"": 6, ""avgLowPrice"": 5, ""highPriceVolume"": 31237627, ""lowPriceVolume"": 22477657}"
2025-10-02 00:00:00+00:00,1759363200,5,5,94420713,22173982,116594695,0.0,0.0,0.0,0.0,2026-08-07T15:11:26.634526+00:00,timeseries_24h,556,"{""timestamp"": 1759363200, ""avgHighPrice"": 5, ""avgLowPrice"": 5, ""highPriceVolume"": 94420713, ""lowPriceVolume"": 22173982}"
2025-10-03 00:00:00+00:00,1759449600,5,5,41061419,18964482,60025901,0.0,0.0,0.0,0.0,2026-08-07T15:11:26.634526+00:00,timeseries_24h,556,"{""timestamp"": 1759449600, ""avgHighPrice"": 5, ""avgLowPrice"": 5, ""highPriceVolume"": 41061419, ""lowPriceVolume"": 18964482}"
2025-10-04 00:00:00+00:00,1759536000,5,5,80731374,18787728,99519102,0.0,0.0,0.0,0.0,2026-08-07T15:11:26.634526+00:00,timeseries_24h,556,"{""timestamp"": 1759536000, ""avgHighPrice"": 5, ""avgLowPrice"": 5, ""highPriceVolume"": 80731374, ""lowPriceVolume"": 18787728}"
2025-10-05 00:00:00+00:00,1759622400,6,5,51815494,19527147,71342641,20.0,1.0,71342641.0,71342641.0,2026-08-07T15:11:26.634526+00:00,timeseries_24h,556,"{""timestamp"": 1759622400, ""avgHighPrice"": 6, ""avgLowPrice"": 5, ""highPriceVolume"": 51815494, ""lowPriceVolume"": 19527147}"
2025-10-06 00:00:00+00:00,1759708800,6,5,38310749,19632820,57943569,20.0,1.0,57943569.0,57943569.0,2026-08-07T15:11:26.634526+00:00,timeseries_24h,556,"{""timestamp"": 1759708800, ""avgHighPrice"": 6, ""avgLowPrice"": 5, ""highPriceVolume"": 38310749, ""lowPriceVolume"": 19632820}"
2025-10-07 00:00:00+00:00,1759795200,5,5,34982208,19342588,54324796,0.0,0.0,0.0,0.0,2026-08-07T15:11:26.634526+00:00,timeseries_24h,556,"{""timestamp"": 1759795200, ""avgHighPrice"": 5, ""avgLowPrice"": 5, ""highPriceVolume"": 34982208, ""lowPriceVolume"": 19342588}"
2025-10-08 00:00:00+00:00,1759881600,5,5,45067325,11544967,56612292,0.0,0.0,0.0,0.0,2026-08-07T15:11:26.634526+00:00,timeseries_24h,556,"{""timestamp"": 1759881600, ""avgHighPrice"": 5, ""avgLowPrice"": 5, ""highPriceVolume"": 45067325, ""lowPriceVolume"": 11544967}"
2025-10-09 00:00:00+00:00,1759968000,5,5,48686209,16572005,65258214,0.0,0.0,0.0,0.0,2026-08-07T15:11:26.634526+00:00,timeseries_24h,556,"{""timestamp"": 1759968000, ""avgHighPrice"": 5, ""avgLowPrice"": 5, ""highPriceVolume"": 48686209, ""lowPriceVolume"": 16572005}"
2025-10-10 00:00:00+00:00,1760054400,5,5,50996450,12753129,63749579,0.0,0.0,0.0,0.0,2026-08-07T15:11:26.634526+00:00,timeseries_24h,556,"{""timestamp"": 1760054400, ""avgHighPrice"": 5, ""avgLowPrice"": 5, ""highPriceVolume"": 50996450, ""lowPriceVolume"": 12753129}"
2025-10-11 00:00:00+00:00,1760140800,5,4,59220282,9072185,68292467,25.0,1.0,68292467.0,68292467.0,2026-08-07T15:11:26.634526+00:00,timeseries_24h,556,"{""timestamp"": 1760140800, ""avgHighPrice"": 5, ""avgLowPrice"": 4, ""highPriceVolume"": 59220282, ""lowPriceVolume"": 9072185}"
2025-10-12 00:00:00+00:00,1760227200,5,4,54184693,23201033,77385726,25.0,1.0,77385726.0,77385726.0,2026-08-07T15:11:26.634526+00:00,timeseries_24h,556,"{""timestamp"": 1760227200, ""avgHighPrice"": 5, ""avgLowPrice"": 4, ""highPriceVolume"": 54184693, ""lowPriceVolume"": 23201033}"
2025-10-13 00:00:00+00:00,1760313600,5,4,61484101,6126740,67610841,25.0,1.0,67610841.0,67610841.0,2026-08-07T15:11:26.634526+00:00,timeseries_24h,556,"{""timestamp"": 1760313600, ""avgHighPrice"": 5, ""avgLowPrice"": 4, ""highPriceVolume"": 61484101, ""lowPriceVolume"": 6126740}"
2025-10-14 00:00:00+00:00,1760400000,5,4,55787208,4581689,60368897,25.0,1.0,60368897.0,60368897.0,2026-08-07T15:11:26.634526+00:00,timeseries_24h,556,"{""timestamp"": 1760400000, ""avgHighPrice"": 5, ""avgLowPrice"": 4, ""highPriceVolume"": 55787208, ""lowPriceVolume"": 4581689}"
2025-10-15 00:00:00+00:00,1760486400,5,4,51246129,17855642,69101771,25.0,1.0,69101771.0,69101771.0,2026-08-07T15:11:26.634526+00:00,timeseries_24h,556,"{""timestamp"": 1760486400, ""avgHighPrice"": 5, ""avgLowPrice"": 4, ""highPriceVolume"": 51246129, ""lowPriceVolume"": 17855642}"
2025-10-16 00:00:00+00:00,1760572800,5,4,51029005,6858861,57887866,25.0,1.0,57887866.0,57887866.0,2026-08-07T15:11:26.634526+00:00,timeseries_24h,556,"{""timestamp"": 1760572800, ""avgHighPrice"": 5, ""avgLowPrice"": 4, ""highPriceVolume"": 51029005, ""lowPriceVolume"": 6858861}"
2025-10-17 00:00:00+00:00,1760659200,5,4,47992555,16296338,64288893,25.0,1.0,64288893.0,64288893.0,2026-08-07T15:11:26.634526+00:00,timeseries_24h,556,"{""timestamp"": 1760659200, ""avgHighPrice"": 5, ""avgLowPrice"": 4, ""highPriceVolume"": 47992555, ""lowPriceVolume"": 16296338}"
2025-10-18 00:00:00+00:00,1760745600,5,4,72012167,17498639,89510806,25.0,1.0,89510806.0,89510806.0,2026-08-07T15:11:26.634526+00:00,timeseries_24h,556,"{""timestamp"": 1760745600, ""avgHighPrice"": 5, ""avgLowPrice"": 4, ""highPriceVolume"": 72012167, ""lowPriceVolume"": 17498639}"
2025-10-19 00:00:00+00:00,1760832000,5,4,62626634,7707688,70334322,25.0,1.0,70334322.0,70334322.0,2026-08-07T15:11:26.634526+00:00,timeseries_24h,556,"{""timestamp"": 1760832000, ""avgHighPrice"": 5, ""avgLowPrice"": 4, ""highPriceVolume"": 62626634, ""lowPriceVolume"": 7707688}"
2025-10-20 00:00:00+00:00,1760918400,5,4,61627150,9446050,71073200,25.0,1.0,71073200.0,71073200.0,2026-08-07T15:11:26.634526+00:00,timeseries_24h,556,"{""timestamp"": 1760918400, ""avgHighPrice"": 5, ""avgLowPrice"": 4, ""highPriceVolume"": 61627150, ""lowPriceVolume"": 9446050}"
2025-10-21 00:00:00+00:00,1761004800,5,4,63422479,6099472,69521951,25.0,1.0,69521951.0,69521951.0,2026-08-07T15:11:26.634526+00:00,timeseries_24h,556,"{""timestamp"": 1761004800, ""avgHighPrice"": 5, ""avgLowPrice"": 4, ""highPriceVolume"": 63422479, ""lowPriceVolume"": 6099472}"
2025-10-22 00:00:00+00:00,1761091200,5,4,51378978,6549842,57928820,25.0,1.0,57928820.0,57928820.0,2026-08-07T15:11:26.634526+00:00,timeseries_24h,556,"{""timestamp"": 1761091200, ""avgHighPrice"": 5, ""avgLowPrice"": 4, ""highPriceVolume"": 51378978, ""lowPriceVolume"": 6549842}"
2025-10-23 00:00:00+00:00,1761177600,5,5,49297748,11724957,61022705,0.0,0.0,0.0,0.0,2026-08-07T15:11:26.634526+00:00,timeseries_24h,556,"{""timestamp"": 1761177600, ""avgHighPrice"": 5, ""avgLowPrice"": 5, ""highPriceVolume"": 49297748, ""lowPriceVolume"": 11724957}"
2025-10-24 00:00:00+00:00,1761264000,5,5,42680411,13058678,55739089,0.0,0.0,0.0,0.0,2026-08-07T15:11:26.634526+00:00,timeseries_24h,556,"{""timestamp"": 1761264000, ""avgHighPrice"": 5, ""avgLowPrice"": 5, ""highPriceVolume"": 42680411, ""lowPriceVolume"": 13058678}"
2025-10-25 00:00:00+00:00,1761350400,5,4,57128406,13861524,70989930,25.0,1.0,70989930.0,70989930.0,2026-08-07T15:11:26.634526+00:00,timeseries_24h,556,"{""timestamp"": 1761350400, ""avgHighPrice"": 5, ""avgLowPrice"": 4, ""highPriceVolume"": 57128406, ""lowPriceVolume"": 13861524}"
2025-10-26 00:00:00+00:00,1761436800,5,4,68698113,10673068,79371181,25.0,1.0,79371181.0,79371181.0,2026-08-07T15:11:26.634526+00:00,timeseries_24h,556,"{""timestamp"": 1761436800, ""avgHighPrice"": 5, ""avgLowPrice"": 4, ""highPriceVolume"": 68698113, ""lowPriceVolume"": 10673068}"
2025-10-27 00:00:00+00:00,1761523200,5,4,61253831,8152963,69406794,25.0,1.0,69406794.0,69406794.0,2026-08-07T15:11:26.634526+00:00,timeseries_24h,556,"{""timestamp"": 1761523200, ""avgHighPrice"": 5, ""avgLowPrice"": 4, ""highPriceVolume"": 61253831, ""lowPriceVolume"": 8152963}"
2025-10-28 00:00:00+00:00,1761609600,5,4,70956090,4917250,75873340,25.0,1.0,75873340.0,75873340.0,2026-08-07T15:11:26.634526+00:00,timeseries_24h,556,"{""timestamp"": 1761609600, ""avgHighPrice"": 5, ""avgLowPrice"": 4, ""highPriceVolume"": 70956090, ""lowPriceVolume"": 4917250}"
2025-10-29 00:00:00+00:00,1761696000,5,4,41542052,17227336,58769388,25.0,1.0,58769388.0,58769388.0,2026-08-07T15:11:26.634526+00:00,timeseries_24h,556,"{""timestamp"": 1761696000, ""avgHighPrice"": 5, ""avgLowPrice"": 4, ""highPriceVolume"": 41542052, ""lowPriceVolume"": 17227336}"
2025-10-30 00:00:00+00:00,1761782400,5,4,46684976,12036026,58721002,25.0,1.0,58721002.0,58721002.0,2026-08-07T15:11:26.634526+00:00,timeseries_24h,556,"{""timestamp"": 1761782400, ""avgHighPrice"": 5, ""avgLowPrice"": 4, ""highPriceVolume"": 46684976, ""lowPriceVolume"": 12036026}"
2025-10-31 00:00:00+00:00,1761868800,5,4,49795366,7895527,57690893,25.0,1.0,57690893.0,57690893.0,2026-08-07T15:11:26.634526+00:00,timeseries_24h,556,"{""timestamp"": 1761868800, ""avgHighPrice"": 5, ""avgLowPrice"": 4, ""highPriceVolume"": 49795366, ""lowPriceVolume"": 7895527}"
2025-11-01 00:00:00+00:00,1761955200,5,4,61026387,7761910,68788297,25.0,1.0,68788297.0,68788297.0,2026-08-07T15:11:26.634526+00:00,timeseries_24h,556,"{""timestamp"": 1761955200, ""avgHighPrice"": 5, ""avgLowPrice"": 4, ""highPriceVolume"": 61026387, ""lowPriceVolume"": 7761910}"
2025-11-02 00:00:00+00:00,1762041600,5,4,68772675,6023219,74795894,25.0,1.0,74795894.0,74795894.0,2026-08-07T15:11:26.634526+00:00,timeseries_24h,556,"{""timestamp"": 1762041600, ""avgHighPrice"": 5, ""avgLowPrice"": 4, ""highPriceVolume"": 68772675, ""lowPriceVolume"": 6023219}"
2025-11-03 00:00:00+00:00,1762128000,5,4,74788319,9710124,84498443,25.0,1.0,84498443.0,84498443.0,2026-08-07T15:11:26.634526+00:00,timeseries_24h,556,"{""timestamp"": 1762128000, ""avgHighPrice"": 5, ""avgLowPrice"": 4, ""highPriceVolume"": 74788319, ""lowPriceVolume"": 9710124}"
2025-11-04 00:00:00+00:00,1762214400,5,4,58767903,12450291,71218194,25.0,1.0,71218194.0,71218194.0,2026-08-07T15:11:26.634526+00:00,timeseries_24h,556,"{""timestamp"": 1762214400, ""avgHighPrice"": 5, ""avgLowPrice"": 4, ""highPriceVolume"": 58767903, ""lowPriceVolume"": 12450291}"
2025-11-05 00:00:00+00:00,1762300800,5,5,54606120,17814057,72420177,0.0,0.0,0.0,0.0,2026-08-07T15:11:26.634526+00:00,timeseries_24h,556,"{""timestamp"": 1762300800, ""avgHighPrice"": 5, ""avgLowPrice"": 5, ""highPriceVolume"": 54606120, ""lowPriceVolume"": 17814057}"
2025-11-06 00:00:00+00:00,1762387200,5,4,41263207,35503103,76766310,25.0,1.0,76766310.0,76766310.0,2026-08-07T15:11:26.634526+00:00,timeseries_24h,556,"{""timestamp"": 1762387200, ""avgHighPrice"": 5, ""avgLowPrice"": 4, ""highPriceVolume"": 41263207, ""lowPriceVolume"": 35503103}"
2025-11-07 00:00:00+00:00,1762473600,5,5,56083914,15884604,71968518,0.0,0.0,0.0,0.0,2026-08-07T15:11:26.634526+00:00,timeseries_24h,556,"{""timestamp"": 1762473600, ""avgHighPrice"": 5, ""avgLowPrice"": 5, ""highPriceVolume"": 56083914, ""lowPriceVolume"": 15884604}"
2025-11-08 00:00:00+00:00,1762560000,5,4,59672727,11198385,70871112,25.0,1.0,70871112.0,70871112.0,2026-08-07T15:11:26.634526+00:00,timeseries_24h,556,"{""timestamp"": 1762560000, ""avgHighPrice"": 5, ""avgLowPrice"": 4, ""highPriceVolume"": 59672727, ""lowPriceVolume"": 11198385}"
2025-11-09 00:00:00+00:00,1762646400,5,4,65508007,16748023,82256030,25.0,1.0,82256030.0,82256030.0,2026-08-07T15:11:26.634526+00:00,timeseries_24h,556,"{""timestamp"": 1762646400, ""avgHighPrice"": 5, ""avgLowPrice"": 4, ""highPriceVolume"": 65508007, ""lowPriceVolume"": 16748023}"
2025-11-10 00:00:00+00:00,1762732800,5,4,51325582,23634843,74960425,25.0,1.0,74960425.0,74960425.0,2026-08-07T15:11:26.634526+00:00,timeseries_24h,556,"{""timestamp"": 1762732800, ""avgHighPrice"": 5, ""avgLowPrice"": 4, ""highPriceVolume"": 51325582, ""lowPriceVolume"": 23634843}"
2025-11-11 00:00:00+00:00,1762819200,5,5,52085997,14018625,66104622,0.0,0.0,0.0,0.0,2026-08-07T15:11:26.634526+00:00,timeseries_24h,556,"{""timestamp"": 1762819200, ""avgHighPrice"": 5, ""avgLowPrice"": 5, ""highPriceVolume"": 52085997, ""lowPriceVolume"": 14018625}"
2025-11-12 00:00:00+00:00,1762905600,5,5,48349538,11146645,59496183,0.0,0.0,0.0,0.0,2026-08-07T15:11:26.634526+00:00,timeseries_24h,556,"{""timestamp"": 1762905600, ""avgHighPrice"": 5, ""avgLowPrice"": 5, ""highPriceVolume"": 48349538, ""lowPriceVolume"": 11146645}"
2025-11-13 00:00:00+00:00,1762992000,5,5,22971380,5849861,28821241,0.0,0.0,0.0,0.0,2026-08-07T15:11:26.634526+00:00,timeseries_24h,556,"{""timestamp"": 1762992000, ""avgHighPrice"": 5, ""avgLowPrice"": 5, ""highPriceVolume"": 22971380, ""lowPriceVolume"": 5849861}"
2025-11-14 00:00:00+00:00,1763078400,4,4,104379293,286511,104665804,0.0,0.0,0.0,0.0,2026-08-07T15:11:26.634526+00:00,timeseries_24h,556,"{""timestamp"": 1763078400, ""avgHighPrice"": 4, ""avgLowPrice"": 4, ""highPriceVolume"": 104379293, ""lowPriceVolume"": 286511}"
2025-11-15 00:00:00+00:00,1763164800,5,5,6325837,1478915,7804752,0.0,0.0,0.0,0.0,2026-08-07T15:11:26.634526+00:00,timeseries_24h,556,"{""timestamp"": 1763164800, ""avgHighPrice"": 5, ""avgLowPrice"": 5, ""highPriceVolume"": 6325837, ""lowPriceVolume"": 1478915}"
2025-11-16 00:00:00+00:00,1763251200,5,4,5131634,2424322,7555956,25.0,1.0,7555956.0,7555956.0,2026-08-07T15:11:26.634526+00:00,timeseries_24h,556,"{""timestamp"": 1763251200, ""avgHighPrice"": 5, ""avgLowPrice"": 4, ""highPriceVolume"": 5131634, ""lowPriceVolume"": 2424322}"
2025-11-17 00:00:00+00:00,1763337600,5,4,6215484,11367471,17582955,25.0,1.0,17582955.0,17582955.0,2026-08-07T15:11:26.634526+00:00,timeseries_24h,556,"{""timestamp"": 1763337600, ""avgHighPrice"": 5, ""avgLowPrice"": 4, ""highPriceVolume"": 6215484, ""lowPriceVolume"": 11367471}"
2025-11-18 00:00:00+00:00,1763424000,6,5,4545968,4013719,8559687,20.0,1.0,8559687.0,8559687.0,2026-08-07T15:11:26.634526+00:00,timeseries_24h,556,"{""timestamp"": 1763424000, ""avgHighPrice"": 6, ""avgLowPrice"": 5, ""highPriceVolume"": 4545968, ""lowPriceVolume"": 4013719}"
2025-11-19 00:00:00+00:00,1763510400,5,4,14766685,4260531,19027216,25.0,1.0,19027216.0,19027216.0,2026-08-07T15:11:26.634526+00:00,timeseries_24h,556,"{""timestamp"": 1763510400, ""avgHighPrice"": 5, ""avgLowPrice"": 4, ""highPriceVolume"": 14766685, ""lowPriceVolume"": 4260531}"
2025-11-20 00:00:00+00:00,1763596800,5,5,151861,53949,205810,0.0,0.0,0.0,0.0,2026-08-07T15:11:26.634526+00:00,timeseries_24h,556,"{""timestamp"": 1763596800, ""avgHighPrice"": 5, ""avgLowPrice"": 5, ""highPriceVolume"": 151861, ""lowPriceVolume"": 53949}"
2025-11-21 00:00:00+00:00,1763683200,5,5,47237162,8496779,55733941,0.0,0.0,0.0,0.0,2026-08-07T15:11:26.634526+00:00,timeseries_24h,556,"{""timestamp"": 1763683200, ""avgHighPrice"": 5, ""avgLowPrice"": 5, ""highPriceVolume"": 47237162, ""lowPriceVolume"": 8496779}"
2025-11-22 00:00:00+00:00,1763769600,5,4,66817091,6950324,73767415,25.0,1.0,73767415.0,73767415.0,2026-08-07T15:11:26.634526+00:00,timeseries_24h,556,"{""timestamp"": 1763769600, ""avgHighPrice"": 5, ""avgLowPrice"": 4, ""highPriceVolume"": 66817091, ""lowPriceVolume"": 6950324}"
2025-11-23 00:00:00+00:00,1763856000,6,5,71066673,6986937,78053610,20.0,1.0,78053610.0,78053610.0,2026-08-07T15:11:26.634526+00:00,timeseries_24h,556,"{""timestamp"": 1763856000, ""avgHighPrice"": 6, ""avgLowPrice"": 5, ""highPriceVolume"": 71066673, ""lowPriceVolume"": 6986937}"
2025-11-24 00:00:00+00:00,1763942400,6,5,114472316,4429180,118901496,20.0,1.0,118901496.0,118901496.0,2026-08-07T15:11:26.634526+00:00,timeseries_24h,556,"{""timestamp"": 1763942400, ""avgHighPrice"": 6, ""avgLowPrice"": 5, ""highPriceVolume"": 114472316, ""lowPriceVolume"": 4429180}"
2025-11-25 00:00:00+00:00,1764028800,6,4,119257951,17441368,136699319,50.0,2.0,273398638.0,273398638.0,2026-08-07T15:11:26.634526+00:00,timeseries_24h,556,"{""timestamp"": 1764028800, ""avgHighPrice"": 6, ""avgLowPrice"": 4, ""highPriceVolume"": 119257951, ""lowPriceVolume"": 17441368}"
2025-11-26 00:00:00+00:00,1764115200,6,5,110158460,10100148,120258608,20.0,1.0,120258608.0,120258608.0,2026-08-07T15:11:26.634526+00:00,timeseries_24h,556,"{""timestamp"": 1764115200, ""avgHighPrice"": 6, ""avgLowPrice"": 5, ""highPriceVolume"": 110158460, ""lowPriceVolume"": 10100148}"
2025-11-27 00:00:00+00:00,1764201600,6,5,88602128,9263146,97865274,20.0,1.0,97865274.0,97865274.0,2026-08-07T15:11:26.634526+00:00,timeseries_24h,556,"{""timestamp"": 1764201600, ""avgHighPrice"": 6, ""avgLowPrice"": 5, ""highPriceVolume"": 88602128, ""lowPriceVolume"": 9263146}"
2025-11-28 00:00:00+00:00,1764288000,6,5,78834943,14113933,92948876,20.0,1.0,92948876.0,92948876.0,2026-08-07T15:11:26.634526+00:00,timeseries_24h,556,"{""timestamp"": 1764288000, ""avgHighPrice"": 6, ""avgLowPrice"": 5, ""highPriceVolume"": 78834943, ""lowPriceVolume"": 14113933}"
2025-11-29 00:00:00+00:00,1764374400,6,5,140926162,9604533,150530695,20.0,1.0,150530695.0,150530695.0,2026-08-07T15:11:26.634526+00:00,timeseries_24h,556,"{""timestamp"": 1764374400, ""avgHighPrice"": 6, ""avgLowPrice"": 5, ""highPriceVolume"": 140926162, ""lowPriceVolume"": 9604533}"
2025-11-30 00:00:00+00:00,1764460800,6,5,101584734,19444462,121029196,20.0,1.0,121029196.0,121029196.0,2026-08-07T15:11:26.634526+00:00,timeseries_24h,556,"{""timestamp"": 1764460800, ""avgHighPrice"": 6, ""avgLowPrice"": 5, ""highPriceVolume"": 101584734, ""lowPriceVolume"": 19444462}"
2025-12-01 00:00:00+00:00,1764547200,6,5,69363315,12414546,81777861,20.0,1.0,81777861.0,81777861.0,2026-08-07T15:11:26.634526+00:00,timeseries_24h,556,"{""timestamp"": 1764547200, ""avgHighPrice"": 6, ""avgLowPrice"": 5, ""highPriceVolume"": 69363315, ""lowPriceVolume"": 12414546}"
2025-12-02 00:00:00+00:00,1764633600,6,5,80921022,20550103,101471125,20.0,1.0,101471125.0,101471125.0,2026-08-07T15:11:26.634526+00:00,timeseries_24h,556,"{""timestamp"": 1764633600, ""avgHighPrice"": 6, ""avgLowPrice"": 5, ""highPriceVolume"": 80921022, ""lowPriceVolume"": 20550103}"
2025-12-03 00:00:00+00:00,1764720000,6,5,27134355,3725641,30859996,20.0,1.0,30859996.0,30859996.0,2026-08-07T15:11:26.634526+00:00,timeseries_24h,556,"{""timestamp"": 1764720000, ""avgHighPrice"": 6, ""avgLowPrice"": 5, ""highPriceVolume"": 27134355, ""lowPriceVolume"": 3725641}"
2025-12-04 00:00:00+00:00,1764806400,6,5,27006464,2286081,29292545,20.0,1.0,29292545.0,29292545.0,2026-08-07T15:11:26.634526+00:00,timeseries_24h,556,"{""timestamp"": 1764806400, ""avgHighPrice"": 6, ""avgLowPrice"": 5, ""highPriceVolume"": 27006464, ""lowPriceVolume"": 2286081}"
2025-12-05 00:00:00+00:00,1764892800,6,5,66719271,4487671,71206942,20.0,1.0,71206942.0,71206942.0,2026-08-07T15:11:26.634526+00:00,timeseries_24h,556,"{""timestamp"": 1764892800, ""avgHighPrice"": 6, ""avgLowPrice"": 5, ""highPriceVolume"": 66719271, ""lowPriceVolume"": 4487671}"
2025-12-06 00:00:00+00:00,1764979200,6,5,25768805,1566302,27335107,20.0,1.0,27335107.0,27335107.0,2026-08-07T15:11:26.634526+00:00,timeseries_24h,556,"{""timestamp"": 1764979200, ""avgHighPrice"": 6, ""avgLowPrice"": 5, ""highPriceVolume"": 25768805, ""lowPriceVolume"": 1566302}"
2025-12-07 00:00:00+00:00,1765065600,6,5,119317072,10925804,130242876,20.0,1.0,130242876.0,130242876.0,2026-08-07T15:11:26.634526+00:00,timeseries_24h,556,"{""timestamp"": 1765065600, ""avgHighPrice"": 6, ""avgLowPrice"": 5, ""highPriceVolume"": 119317072, ""lowPriceVolume"": 10925804}"
2025-12-08 00:00:00+00:00,1765152000,6,5,72334918,16879698,89214616,20.0,1.0,89214616.0,89214616.0,2026-08-07T15:11:26.634526+00:00,timeseries_24h,556,"{""timestamp"": 1765152000, ""avgHighPrice"": 6, ""avgLowPrice"": 5, ""highPriceVolume"": 72334918, ""lowPriceVolume"": 16879698}"
2025-12-09 00:00:00+00:00,1765238400,6,5,61968047,13447712,75415759,20.0,1.0,75415759.0,75415759.0,2026-08-07T15:11:26.634526+00:00,timeseries_24h,556,"{""timestamp"": 1765238400, ""avgHighPrice"": 6, ""avgLowPrice"": 5, ""highPriceVolume"": 61968047, ""lowPriceVolume"": 13447712}"
2025-12-10 00:00:00+00:00,1765324800,6,5,80799837,8526663,89326500,20.0,1.0,89326500.0,89326500.0,2026-08-07T15:11:26.634526+00:00,timeseries_24h,556,"{""timestamp"": 1765324800, ""avgHighPrice"": 6, ""avgLowPrice"": 5, ""highPriceVolume"": 80799837, ""lowPriceVolume"": 8526663}"
2025-12-11 00:00:00+00:00,1765411200,6,5,23098129,858824,23956953,20.0,1.0,23956953.0,23956953.0,2026-08-07T15:11:26.634526+00:00,timeseries_24h,556,"{""timestamp"": 1765411200, ""avgHighPrice"": 6, ""avgLowPrice"": 5, ""highPriceVolume"": 23098129, ""lowPriceVolume"": 858824}"
2025-12-12 00:00:00+00:00,1765497600,6,5,64430907,7225321,71656228,20.0,1.0,71656228.0,71656228.0,2026-08-07T15:11:26.634526+00:00,timeseries_24h,556,"{""timestamp"": 1765497600, ""avgHighPrice"": 6, ""avgLowPrice"": 5, ""highPriceVolume"": 64430907, ""lowPriceVolume"": 7225321}"
2025-12-13 00:00:00+00:00,1765584000,6,5,44686754,12725410,57412164,20.0,1.0,57412164.0,57412164.0,2026-08-07T15:11:26.634526+00:00,timeseries_24h,556,"{""timestamp"": 1765584000, ""avgHighPrice"": 6, ""avgLowPrice"": 5, ""highPriceVolume"": 44686754, ""lowPriceVolume"": 12725410}"
2025-12-14 00:00:00+00:00,1765670400,6,5,60936418,5001416,65937834,20.0,1.0,65937834.0,65937834.0,2026-08-07T15:11:26.634526+00:00,timeseries_24h,556,"{""timestamp"": 1765670400, ""avgHighPrice"": 6, ""avgLowPrice"": 5, ""highPriceVolume"": 60936418, ""lowPriceVolume"": 5001416}"
2025-12-15 00:00:00+00:00,1765756800,6,5,56268975,7281242,63550217,20.0,1.0,63550217.0,63550217.0,2026-08-07T15:11:26.634526+00:00,timeseries_24h,556,"{""timestamp"": 1765756800, ""avgHighPrice"": 6, ""avgLowPrice"": 5, ""highPriceVolume"": 56268975, ""lowPriceVolume"": 7281242}"
2025-12-16 00:00:00+00:00,1765843200,6,5,82624553,5010791,87635344,20.0,1.0,87635344.0,87635344.0,2026-08-07T15:11:26.634526+00:00,timeseries_24h,556,"{""timestamp"": 1765843200, ""avgHighPrice"": 6, ""avgLowPrice"": 5, ""highPriceVolume"": 82624553, ""lowPriceVolume"": 5010791}"
2025-12-17 00:00:00+00:00,1765929600,6,5,66687799,11343180,78030979,20.0,1.0,78030979.0,78030979.0,2026-08-07T15:11:26.634526+00:00,timeseries_24h,556,"{""timestamp"": 1765929600, ""avgHighPrice"": 6, ""avgLowPrice"": 5, ""highPriceVolume"": 66687799, ""lowPriceVolume"": 11343180}"
2025-12-18 00:00:00+00:00,1766016000,6,5,61403645,12546366,73950011,20.0,1.0,73950011.0,73950011.0,2026-08-07T15:11:26.634526+00:00,timeseries_24h,556,"{""timestamp"": 1766016000, ""avgHighPrice"": 6, ""avgLowPrice"": 5, ""highPriceVolume"": 61403645, ""lowPriceVolume"": 12546366}"
2025-12-19 00:00:00+00:00,1766102400,6,5,63803055,5798291,69601346,20.0,1.0,69601346.0,69601346.0,2026-08-07T15:11:26.634526+00:00,timeseries_24h,556,"{""timestamp"": 1766102400, ""avgHighPrice"": 6, ""avgLowPrice"": 5, ""highPriceVolume"": 63803055, ""lowPriceVolume"": 5798291}"
2025-12-20 00:00:00+00:00,1766188800,6,5,79366583,8828174,88194757,20.0,1.0,88194757.0,88194757.0,2026-08-07T15:11:26.634526+00:00,timeseries_24h,556,"{""timestamp"": 1766188800, ""avgHighPrice"": 6, ""avgLowPrice"": 5, ""highPriceVolume"": 79366583, ""lowPriceVolume"": 8828174}"
2025-12-21 00:00:00+00:00,1766275200,6,5,73664147,14459441,88123588,20.0,1.0,88123588.0,88123588.0,2026-08-07T15:11:26.634526+00:00,timeseries_24h,556,"{""timestamp"": 1766275200, ""avgHighPrice"": 6, ""avgLowPrice"": 5, ""highPriceVolume"": 73664147, ""lowPriceVolume"": 14459441}"
2025-12-22 00:00:00+00:00,1766361600,6,5,14597889,5158812,19756701,20.0,1.0,19756701.0,19756701.0,2026-08-07T15:11:26.634526+00:00,timeseries_24h,556,"{""timestamp"": 1766361600, ""avgHighPrice"": 6, ""avgLowPrice"": 5, ""highPriceVolume"": 14597889, ""lowPriceVolume"": 5158812}"
2025-12-23 00:00:00+00:00,1766448000,6,5,46861989,20496941,67358930,20.0,1.0,67358930.0,67358930.0,2026-08-07T15:11:26.634526+00:00,timeseries_24h,556,"{""timestamp"": 1766448000, ""avgHighPrice"": 6, ""avgLowPrice"": 5, ""highPriceVolume"": 46861989, ""lowPriceVolume"": 20496941}"
2025-12-24 00:00:00+00:00,1766534400,6,5,15905409,4732003,20637412,20.0,1.0,20637412.0,20637412.0,2026-08-07T15:11:26.634526+00:00,timeseries_24h,556,"{""timestamp"": 1766534400, ""avgHighPrice"": 6, ""avgLowPrice"": 5, ""highPriceVolume"": 15905409, ""lowPriceVolume"": 4732003}"
2025-12-25 00:00:00+00:00,1766620800,6,5,18944159,3959471,22903630,20.0,1.0,22903630.0,22903630.0,2026-08-07T15:11:26.634526+00:00,timeseries_24h,556,"{""timestamp"": 1766620800, ""avgHighPrice"": 6, ""avgLowPrice"": 5, ""highPriceVolume"": 18944159, ""lowPriceVolume"": 3959471}"
2025-12-26 00:00:00+00:00,1766707200,6,5,25250612,2000253,27250865,20.0,1.0,27250865.0,27250865.0,2026-08-07T15:11:26.634526+00:00,timeseries_24h,556,"{""timestamp"": 1766707200, ""avgHighPrice"": 6, ""avgLowPrice"": 5, ""highPriceVolume"": 25250612, ""lowPriceVolume"": 2000253}"
2025-12-27 00:00:00+00:00,1766793600,6,5,20370862,2168617,22539479,20.0,1.0,22539479.0,22539479.0,2026-08-07T15:11:26.634526+00:00,timeseries_24h,556,"{""timestamp"": 1766793600, ""avgHighPrice"": 6, ""avgLowPrice"": 5, ""highPriceVolume"": 20370862, ""lowPriceVolume"": 2168617}"
2025-12-28 00:00:00+00:00,1766880000,6,5,22545919,5393003,27938922,20.0,1.0,27938922.0,27938922.0,2026-08-07T15:11:26.634526+00:00,timeseries_24h,556,"{""timestamp"": 1766880000, ""avgHighPrice"": 6, ""avgLowPrice"": 5, ""highPriceVolume"": 22545919, ""lowPriceVolume"": 5393003}"
2025-12-29 00:00:00+00:00,1766966400,6,5,15900742,3503956,19404698,20.0,1.0,19404698.0,19404698.0,2026-08-07T15:11:26.634526+00:00,timeseries_24h,556,"{""timestamp"": 1766966400, ""avgHighPrice"": 6, ""avgLowPrice"": 5, ""highPriceVolume"": 15900742, ""lowPriceVolume"": 3503956}"
2025-12-30 00:00:00+00:00,1767052800,6,5,20179803,4069665,24249468,20.0,1.0,24249468.0,24249468.0,2026-08-07T15:11:26.634526+00:00,timeseries_24h,556,"{""timestamp"": 1767052800, ""avgHighPrice"": 6, ""avgLowPrice"": 5, ""highPriceVolume"": 20179803, ""lowPriceVolume"": 4069665}"
2025-12-31 00:00:00+00:00,1767139200,6,5,15712458,5664483,21376941,20.0,1.0,21376941.0,21376941.0,2026-08-07T15:11:26.634526+00:00,timeseries_24h,556,"{""timestamp"": 1767139200, ""avgHighPrice"": 6, ""avgLowPrice"": 5, ""highPriceVolume"": 15712458, ""lowPriceVolume"": 5664483}"
2026-01-01 00:00:00+00:00,1767225600,6,5,1453000,529591,1982591,20.0,1.0,1982591.0,1982591.0,2026-08-07T15:11:26.634526+00:00,timeseries_24h,556,"{""timestamp"": 1767225600, ""avgHighPrice"": 6, ""avgLowPrice"": 5, ""highPriceVolume"": 1453000, ""lowPriceVolume"": 529591}"
2026-01-02 00:00:00+00:00,1767312000,5,5,20694807,4551410,25246217,0.0,0.0,0.0,0.0,2026-08-07T15:11:26.634526+00:00,timeseries_24h,556,"{""timestamp"": 1767312000, ""avgHighPrice"": 5, ""avgLowPrice"": 5, ""highPriceVolume"": 20694807, ""lowPriceVolume"": 4551410}"
2026-01-03 00:00:00+00:00,1767398400,6,5,55034471,23131678,78166149,20.0,1.0,78166149.0,78166149.0,2026-08-07T15:11:26.634526+00:00,timeseries_24h,556,"{""timestamp"": 1767398400, ""avgHighPrice"": 6, ""avgLowPrice"": 5, ""highPriceVolume"": 55034471, ""lowPriceVolume"": 23131678}"
2026-01-04 00:00:00+00:00,1767484800,6,5,13027336,4607951,17635287,20.0,1.0,17635287.0,17635287.0,2026-08-07T15:11:26.634526+00:00,timeseries_24h,556,"{""timestamp"": 1767484800, ""avgHighPrice"": 6, ""avgLowPrice"": 5, ""highPriceVolume"": 13027336, ""lowPriceVolume"": 4607951}"
2026-01-05 00:00:00+00:00,1767571200,5,5,29788304,6977180,36765484,0.0,0.0,0.0,0.0,2026-08-07T15:11:26.634526+00:00,timeseries_24h,556,"{""timestamp"": 1767571200, ""avgHighPrice"": 5, ""avgLowPrice"": 5, ""highPriceVolume"": 29788304, ""lowPriceVolume"": 6977180}"
2026-01-06 00:00:00+00:00,1767657600,6,5,69114189,12696826,81811015,20.0,1.0,81811015.0,81811015.0,2026-08-07T15:11:26.634526+00:00,timeseries_24h,556,"{""timestamp"": 1767657600, ""avgHighPrice"": 6, ""avgLowPrice"": 5, ""highPriceVolume"": 69114189, ""lowPriceVolume"": 12696826}"
2026-01-07 00:00:00+00:00,1767744000,6,5,5861303,1006898,6868201,20.0,1.0,6868201.0,6868201.0,2026-08-07T15:11:26.634526+00:00,timeseries_24h,556,"{""timestamp"": 1767744000, ""avgHighPrice"": 6, ""avgLowPrice"": 5, ""highPriceVolume"": 5861303, ""lowPriceVolume"": 1006898}"
2026-01-08 00:00:00+00:00,1767830400,6,5,12281603,5076453,17358056,20.0,1.0,17358056.0,17358056.0,2026-08-07T15:11:26.634526+00:00,timeseries_24h,556,"{""timestamp"": 1767830400, ""avgHighPrice"": 6, ""avgLowPrice"": 5, ""highPriceVolume"": 12281603, ""lowPriceVolume"": 5076453}"
2026-01-09 00:00:00+00:00,1767916800,6,5,18134473,2205423,20339896,20.0,1.0,20339896.0,20339896.0,2026-08-07T15:11:26.634526+00:00,timeseries_24h,556,"{""timestamp"": 1767916800, ""avgHighPrice"": 6, ""avgLowPrice"": 5, ""highPriceVolume"": 18134473, ""lowPriceVolume"": 2205423}"
2026-01-10 00:00:00+00:00,1768003200,6,5,11727807,5827089,17554896,20.0,1.0,17554896.0,17554896.0,2026-08-07T15:11:26.634526+00:00,timeseries_24h,556,"{""timestamp"": 1768003200, ""avgHighPrice"": 6, ""avgLowPrice"": 5, ""highPriceVolume"": 11727807, ""lowPriceVolume"": 5827089}"
2026-01-11 00:00:00+00:00,1768089600,6,5,30428699,11494661,41923360,20.0,1.0,41923360.0,41923360.0,2026-08-07T15:11:26.634526+00:00,timeseries_24h,556,"{""timestamp"": 1768089600, ""avgHighPrice"": 6, ""avgLowPrice"": 5, ""highPriceVolume"": 30428699, ""lowPriceVolume"": 11494661}"
2026-01-12 00:00:00+00:00,1768176000,6,5,67205944,8808494,76014438,20.0,1.0,76014438.0,76014438.0,2026-08-07T15:11:26.634526+00:00,timeseries_24h,556,"{""timestamp"": 1768176000, ""avgHighPrice"": 6, ""avgLowPrice"": 5, ""highPriceVolume"": 67205944, ""lowPriceVolume"": 8808494}"
2026-01-13 00:00:00+00:00,1768262400,6,5,85388461,16517536,101905997,20.0,1.0,101905997.0,101905997.0,2026-08-07T15:11:26.634526+00:00,timeseries_24h,556,"{""timestamp"": 1768262400, ""avgHighPrice"": 6, ""avgLowPrice"": 5, ""highPriceVolume"": 85388461, ""lowPriceVolume"": 16517536}"
2026-01-14 00:00:00+00:00,1768348800,6,5,56812312,18321358,75133670,20.0,1.0,75133670.0,75133670.0,2026-08-07T15:11:26.634526+00:00,timeseries_24h,556,"{""timestamp"": 1768348800, ""avgHighPrice"": 6, ""avgLowPrice"": 5, ""highPriceVolume"": 56812312, ""lowPriceVolume"": 18321358}"
2026-01-15 00:00:00+00:00,1768435200,6,5,29792154,12997214,42789368,20.0,1.0,42789368.0,42789368.0,2026-08-07T15:11:26.634526+00:00,timeseries_24h,556,"{""timestamp"": 1768435200, ""avgHighPrice"": 6, ""avgLowPrice"": 5, ""highPriceVolume"": 29792154, ""lowPriceVolume"": 12997214}"
2026-01-16 00:00:00+00:00,1768521600,6,5,82211188,10128531,92339719,20.0,1.0,92339719.0,92339719.0,2026-08-07T15:11:26.634526+00:00,timeseries_24h,556,"{""timestamp"": 1768521600, ""avgHighPrice"": 6, ""avgLowPrice"": 5, ""highPriceVolume"": 82211188, ""lowPriceVolume"": 10128531}"
2026-01-17 00:00:00+00:00,1768608000,6,5,74125845,10750842,84876687,20.0,1.0,84876687.0,84876687.0,2026-08-07T15:11:26.634526+00:00,timeseries_24h,556,"{""timestamp"": 1768608000, ""avgHighPrice"": 6, ""avgLowPrice"": 5, ""highPriceVolume"": 74125845, ""lowPriceVolume"": 10750842}"
2026-01-18 00:00:00+00:00,1768694400,6,5,62082807,18466648,80549455,20.0,1.0,80549455.0,80549455.0,2026-08-07T15:11:26.634526+00:00,timeseries_24h,556,"{""timestamp"": 1768694400, ""avgHighPrice"": 6, ""avgLowPrice"": 5, ""highPriceVolume"": 62082807, ""lowPriceVolume"": 18466648}"
2026-01-19 00:00:00+00:00,1768780800,6,5,73978553,9736350,83714903,20.0,1.0,83714903.0,83714903.0,2026-08-07T15:11:26.634526+00:00,timeseries_24h,556,"{""timestamp"": 1768780800, ""avgHighPrice"": 6, ""avgLowPrice"": 5, ""highPriceVolume"": 73978553, ""lowPriceVolume"": 9736350}"
2026-01-20 00:00:00+00:00,1768867200,6,5,50906681,7416706,58323387,20.0,1.0,58323387.0,58323387.0,2026-08-07T15:11:26.634526+00:00,timeseries_24h,556,"{""timestamp"": 1768867200, ""avgHighPrice"": 6, ""avgLowPrice"": 5, ""highPriceVolume"": 50906681, ""lowPriceVolume"": 7416706}"
2026-01-21 00:00:00+00:00,1768953600,6,5,14247137,4869967,19117104,20.0,1.0,19117104.0,19117104.0,2026-08-07T15:11:26.634526+00:00,timeseries_24h,556,"{""timestamp"": 1768953600, ""avgHighPrice"": 6, ""avgLowPrice"": 5, ""highPriceVolume"": 14247137, ""lowPriceVolume"": 4869967}"
2026-01-22 00:00:00+00:00,1769040000,6,5,11935760,9078943,21014703,20.0,1.0,21014703.0,21014703.0,2026-08-07T15:11:26.634526+00:00,timeseries_24h,556,"{""timestamp"": 1769040000, ""avgHighPrice"": 6, ""avgLowPrice"": 5, ""highPriceVolume"": 11935760, ""lowPriceVolume"": 9078943}"
2026-01-23 00:00:00+00:00,1769126400,6,5,17287973,1171716,18459689,20.0,1.0,18459689.0,18459689.0,2026-08-07T15:11:26.634526+00:00,timeseries_24h,556,"{""timestamp"": 1769126400, ""avgHighPrice"": 6, ""avgLowPrice"": 5, ""highPriceVolume"": 17287973, ""lowPriceVolume"": 1171716}"
2026-01-24 00:00:00+00:00,1769212800,6,5,20362893,4002378,24365271,20.0,1.0,24365271.0,24365271.0,2026-08-07T15:11:26.634526+00:00,timeseries_24h,556,"{""timestamp"": 1769212800, ""avgHighPrice"": 6, ""avgLowPrice"": 5, ""highPriceVolume"": 20362893, ""lowPriceVolume"": 4002378}"
2026-01-25 00:00:00+00:00,1769299200,6,5,13046145,4531438,17577583,20.0,1.0,17577583.0,17577583.0,2026-08-07T15:11:26.634526+00:00,timeseries_24h,556,"{""timestamp"": 1769299200, ""avgHighPrice"": 6, ""avgLowPrice"": 5, ""highPriceVolume"": 13046145, ""lowPriceVolume"": 4531438}"
2026-01-26 00:00:00+00:00,1769385600,6,5,12683574,7088326,19771900,20.0,1.0,19771900.0,19771900.0,2026-08-07T15:11:26.634526+00:00,timeseries_24h,556,"{""timestamp"": 1769385600, ""avgHighPrice"": 6, ""avgLowPrice"": 5, ""highPriceVolume"": 12683574, ""lowPriceVolume"": 7088326}"
2026-01-27 00:00:00+00:00,1769472000,6,5,10945115,3749951,14695066,20.0,1.0,14695066.0,14695066.0,2026-08-07T15:11:26.634526+00:00,timeseries_24h,556,"{""timestamp"": 1769472000, ""avgHighPrice"": 6, ""avgLowPrice"": 5, ""highPriceVolume"": 10945115, ""lowPriceVolume"": 3749951}"
2026-01-28 00:00:00+00:00,1769558400,6,5,10631224,6312730,16943954,20.0,1.0,16943954.0,16943954.0,2026-08-07T15:11:26.634526+00:00,timeseries_24h,556,"{""timestamp"": 1769558400, ""avgHighPrice"": 6, ""avgLowPrice"": 5, ""highPriceVolume"": 10631224, ""lowPriceVolume"": 6312730}"
2026-01-29 00:00:00+00:00,1769644800,6,5,55727607,16115415,71843022,20.0,1.0,71843022.0,71843022.0,2026-08-07T15:11:26.634526+00:00,timeseries_24h,556,"{""timestamp"": 1769644800, ""avgHighPrice"": 6, ""avgLowPrice"": 5, ""highPriceVolume"": 55727607, ""lowPriceVolume"": 16115415}"
2026-01-30 00:00:00+00:00,1769731200,5,5,124661860,2535335,127197195,0.0,0.0,0.0,0.0,2026-08-07T15:11:26.634526+00:00,timeseries_24h,556,"{""timestamp"": 1769731200, ""avgHighPrice"": 5, ""avgLowPrice"": 5, ""highPriceVolume"": 124661860, ""lowPriceVolume"": 2535335}"
2026-01-31 00:00:00+00:00,1769817600,6,5,33960311,14105017,48065328,20.0,1.0,48065328.0,48065328.0,2026-08-07T15:11:26.634526+00:00,timeseries_24h,556,"{""timestamp"": 1769817600, ""avgHighPrice"": 6, ""avgLowPrice"": 5, ""highPriceVolume"": 33960311, ""lowPriceVolume"": 14105017}"
2026-02-01 00:00:00+00:00,1769904000,5,5,125163992,28130272,153294264,0.0,0.0,0.0,0.0,2026-08-07T15:11:26.634526+00:00,timeseries_24h,556,"{""timestamp"": 1769904000, ""avgHighPrice"": 5, ""avgLowPrice"": 5, ""highPriceVolume"": 125163992, ""lowPriceVolume"": 28130272}"
2026-02-02 00:00:00+00:00,1769990400,6,5,8585750,7724528,16310278,20.0,1.0,16310278.0,16310278.0,2026-08-07T15:11:26.634526+00:00,timeseries_24h,556,"{""timestamp"": 1769990400, ""avgHighPrice"": 6, ""avgLowPrice"": 5, ""highPriceVolume"": 8585750, ""lowPriceVolume"": 7724528}"
2026-02-03 00:00:00+00:00,1770076800,6,5,20666913,17222261,37889174,20.0,1.0,37889174.0,37889174.0,2026-08-07T15:11:26.634526+00:00,timeseries_24h,556,"{""timestamp"": 1770076800, ""avgHighPrice"": 6, ""avgLowPrice"": 5, ""highPriceVolume"": 20666913, ""lowPriceVolume"": 17222261}"
2026-02-04 00:00:00+00:00,1770163200,6,5,21727184,27485665,49212849,20.0,1.0,49212849.0,49212849.0,2026-08-07T15:11:26.634526+00:00,timeseries_24h,556,"{""timestamp"": 1770163200, ""avgHighPrice"": 6, ""avgLowPrice"": 5, ""highPriceVolume"": 21727184, ""lowPriceVolume"": 27485665}"
2026-02-05 00:00:00+00:00,1770249600,6,5,40668277,18572232,59240509,20.0,1.0,59240509.0,59240509.0,2026-08-07T15:11:26.634526+00:00,timeseries_24h,556,"{""timestamp"": 1770249600, ""avgHighPrice"": 6, ""avgLowPrice"": 5, ""highPriceVolume"": 40668277, ""lowPriceVolume"": 18572232}"
2026-02-06 00:00:00+00:00,1770336000,6,5,4319192,3576965,7896157,20.0,1.0,7896157.0,7896157.0,2026-08-07T15:11:26.634526+00:00,timeseries_24h,556,"{""timestamp"": 1770336000, ""avgHighPrice"": 6, ""avgLowPrice"": 5, ""highPriceVolume"": 4319192, ""lowPriceVolume"": 3576965}"
2026-02-07 00:00:00+00:00,1770422400,6,6,1040712,939301,1980013,0.0,0.0,0.0,0.0,2026-08-07T15:11:26.634526+00:00,timeseries_24h,556,"{""timestamp"": 1770422400, ""avgHighPrice"": 6, ""avgLowPrice"": 6, ""highPriceVolume"": 1040712, ""lowPriceVolume"": 939301}"
2026-02-08 00:00:00+00:00,1770508800,6,5,1228616,591755,1820371,20.0,1.0,1820371.0,1820371.0,2026-08-07T15:11:26.634526+00:00,timeseries_24h,556,"{""timestamp"": 1770508800, ""avgHighPrice"": 6, ""avgLowPrice"": 5, ""highPriceVolume"": 1228616, ""lowPriceVolume"": 591755}"
2026-02-09 00:00:00+00:00,1770595200,5,5,7670211,1495873,9166084,0.0,0.0,0.0,0.0,2026-08-07T15:11:26.634526+00:00,timeseries_24h,556,"{""timestamp"": 1770595200, ""avgHighPrice"": 5, ""avgLowPrice"": 5, ""highPriceVolume"": 7670211, ""lowPriceVolume"": 1495873}"
2026-02-10 00:00:00+00:00,1770681600,6,5,4801291,2493677,7294968,20.0,1.0,7294968.0,7294968.0,2026-08-07T15:11:26.634526+00:00,timeseries_24h,556,"{""timestamp"": 1770681600, ""avgHighPrice"": 6, ""avgLowPrice"": 5, ""highPriceVolume"": 4801291, ""lowPriceVolume"": 2493677}"
2026-02-11 00:00:00+00:00,1770768000,5,5,56320478,19582938,75903416,0.0,0.0,0.0,0.0,2026-08-07T15:11:26.634526+00:00,timeseries_24h,556,"{""timestamp"": 1770768000, ""avgHighPrice"": 5, ""avgLowPrice"": 5, ""highPriceVolume"": 56320478, ""lowPriceVolume"": 19582938}"
2026-02-12 00:00:00+00:00,1770854400,5,5,4870198,3253591,8123789,0.0,0.0,0.0,0.0,2026-08-07T15:11:26.634526+00:00,timeseries_24h,556,"{""timestamp"": 1770854400, ""avgHighPrice"": 5, ""avgLowPrice"": 5, ""highPriceVolume"": 4870198, ""lowPriceVolume"": 3253591}"
2026-02-13 00:00:00+00:00,1770940800,5,5,41437012,21249467,62686479,0.0,0.0,0.0,0.0,2026-08-07T15:11:26.634526+00:00,timeseries_24h,556,"{""timestamp"": 1770940800, ""avgHighPrice"": 5, ""avgLowPrice"": 5, ""highPriceVolume"": 41437012, ""lowPriceVolume"": 21249467}"
2026-02-14 00:00:00+00:00,1771027200,6,5,37642494,18476913,56119407,20.0,1.0,56119407.0,56119407.0,2026-08-07T15:11:26.634526+00:00,timeseries_24h,556,"{""timestamp"": 1771027200, ""avgHighPrice"": 6, ""avgLowPrice"": 5, ""highPriceVolume"": 37642494, ""lowPriceVolume"": 18476913}"
2026-02-15 00:00:00+00:00,1771113600,6,5,8748875,5115716,13864591,20.0,1.0,13864591.0,13864591.0,2026-08-07T15:11:26.634526+00:00,timeseries_24h,556,"{""timestamp"": 1771113600, ""avgHighPrice"": 6, ""avgLowPrice"": 5, ""highPriceVolume"": 8748875, ""lowPriceVolume"": 5115716}"
2026-02-16 00:00:00+00:00,1771200000,6,5,26715346,12344151,39059497,20.0,1.0,39059497.0,39059497.0,2026-08-07T15:11:26.634526+00:00,timeseries_24h,556,"{""timestamp"": 1771200000, ""avgHighPrice"": 6, ""avgLowPrice"": 5, ""highPriceVolume"": 26715346, ""lowPriceVolume"": 12344151}"
2026-02-17 00:00:00+00:00,1771286400,6,5,8170372,5075946,13246318,20.0,1.0,13246318.0,13246318.0,2026-08-07T15:11:26.634526+00:00,timeseries_24h,556,"{""timestamp"": 1771286400, ""avgHighPrice"": 6, ""avgLowPrice"": 5, ""highPriceVolume"": 8170372, ""lowPriceVolume"": 5075946}"
2026-02-18 00:00:00+00:00,1771372800,6,5,8707549,4354028,13061577,20.0,1.0,13061577.0,13061577.0,2026-08-07T15:11:26.634526+00:00,timeseries_24h,556,"{""timestamp"": 1771372800, ""avgHighPrice"": 6, ""avgLowPrice"": 5, ""highPriceVolume"": 8707549, ""lowPriceVolume"": 4354028}"
2026-02-19 00:00:00+00:00,1771459200,6,5,7919929,5510431,13430360,20.0,1.0,13430360.0,13430360.0,2026-08-07T15:11:26.634526+00:00,timeseries_24h,556,"{""timestamp"": 1771459200, ""avgHighPrice"": 6, ""avgLowPrice"": 5, ""highPriceVolume"": 7919929, ""lowPriceVolume"": 5510431}"
2026-02-20 00:00:00+00:00,1771545600,5,5,15880900,7451254,23332154,0.0,0.0,0.0,0.0,2026-08-07T15:11:26.634526+00:00,timeseries_24h,556,"{""timestamp"": 1771545600, ""avgHighPrice"": 5, ""avgLowPrice"": 5, ""highPriceVolume"": 15880900, ""lowPriceVolume"": 7451254}"
2026-02-21 00:00:00+00:00,1771632000,6,5,4614038,3730064,8344102,20.0,1.0,8344102.0,8344102.0,2026-08-07T15:11:26.634526+00:00,timeseries_24h,556,"{""timestamp"": 1771632000, ""avgHighPrice"": 6, ""avgLowPrice"": 5, ""highPriceVolume"": 4614038, ""lowPriceVolume"": 3730064}"
2026-02-22 00:00:00+00:00,1771718400,6,5,27032410,12516921,39549331,20.0,1.0,39549331.0,39549331.0,2026-08-07T15:11:26.634526+00:00,timeseries_24h,556,"{""timestamp"": 1771718400, ""avgHighPrice"": 6, ""avgLowPrice"": 5, ""highPriceVolume"": 27032410, ""lowPriceVolume"": 12516921}"
2026-02-23 00:00:00+00:00,1771804800,6,5,9437087,5453985,14891072,20.0,1.0,14891072.0,14891072.0,2026-08-07T15:11:26.634526+00:00,timeseries_24h,556,"{""timestamp"": 1771804800, ""avgHighPrice"": 6, ""avgLowPrice"": 5, ""highPriceVolume"": 9437087, ""lowPriceVolume"": 5453985}"
2026-02-24 00:00:00+00:00,1771891200,5,5,6801064,1074907,7875971,0.0,0.0,0.0,0.0,2026-08-07T15:11:26.634526+00:00,timeseries_24h,556,"{""timestamp"": 1771891200, ""avgHighPrice"": 5, ""avgLowPrice"": 5, ""highPriceVolume"": 6801064, ""lowPriceVolume"": 1074907}"
2026-02-25 00:00:00+00:00,1771977600,5,5,27155123,13752460,40907583,0.0,0.0,0.0,0.0,2026-08-07T15:11:26.634526+00:00,timeseries_24h,556,"{""timestamp"": 1771977600, ""avgHighPrice"": 5, ""avgLowPrice"": 5, ""highPriceVolume"": 27155123, ""lowPriceVolume"": 13752460}"
2026-02-26 00:00:00+00:00,1772064000,6,5,17173732,5606554,22780286,20.0,1.0,22780286.0,22780286.0,2026-08-07T15:11:26.634526+00:00,timeseries_24h,556,"{""timestamp"": 1772064000, ""avgHighPrice"": 6, ""avgLowPrice"": 5, ""highPriceVolume"": 17173732, ""lowPriceVolume"": 5606554}"
2026-02-27 00:00:00+00:00,1772150400,5,5,58104233,11886918,69991151,0.0,0.0,0.0,0.0,2026-08-07T15:11:26.634526+00:00,timeseries_24h,556,"{""timestamp"": 1772150400, ""avgHighPrice"": 5, ""avgLowPrice"": 5, ""highPriceVolume"": 58104233, ""lowPriceVolume"": 11886918}"
2026-02-28 00:00:00+00:00,1772236800,6,5,47419482,23258016,70677498,20.0,1.0,70677498.0,70677498.0,2026-08-07T15:11:26.634526+00:00,timeseries_24h,556,"{""timestamp"": 1772236800, ""avgHighPrice"": 6, ""avgLowPrice"": 5, ""highPriceVolume"": 47419482, ""lowPriceVolume"": 23258016}"
2026-03-01 00:00:00+00:00,1772323200,5,5,64019431,18451244,82470675,0.0,0.0,0.0,0.0,2026-08-07T15:11:26.634526+00:00,timeseries_24h,556,"{""timestamp"": 1772323200, ""avgHighPrice"": 5, ""avgLowPrice"": 5, ""highPriceVolume"": 64019431, ""lowPriceVolume"": 18451244}"
2026-03-02 00:00:00+00:00,1772409600,6,5,35509440,18731388,54240828,20.0,1.0,54240828.0,54240828.0,2026-08-07T15:11:26.634526+00:00,timeseries_24h,556,"{""timestamp"": 1772409600, ""avgHighPrice"": 6, ""avgLowPrice"": 5, ""highPriceVolume"": 35509440, ""lowPriceVolume"": 18731388}"
2026-03-03 00:00:00+00:00,1772496000,5,5,41401381,20126881,61528262,0.0,0.0,0.0,0.0,2026-08-07T15:11:26.634526+00:00,timeseries_24h,556,"{""timestamp"": 1772496000, ""avgHighPrice"": 5, ""avgLowPrice"": 5, ""highPriceVolume"": 41401381, ""lowPriceVolume"": 20126881}"
2026-03-04 00:00:00+00:00,1772582400,6,5,32609986,34017794,66627780,20.0,1.0,66627780.0,66627780.0,2026-08-07T15:11:26.634526+00:00,timeseries_24h,556,"{""timestamp"": 1772582400, ""avgHighPrice"": 6, ""avgLowPrice"": 5, ""highPriceVolume"": 32609986, ""lowPriceVolume"": 34017794}"
2026-03-05 00:00:00+00:00,1772668800,5,5,63334055,19519638,82853693,0.0,0.0,0.0,0.0,2026-08-07T15:11:26.634526+00:00,timeseries_24h,556,"{""timestamp"": 1772668800, ""avgHighPrice"": 5, ""avgLowPrice"": 5, ""highPriceVolume"": 63334055, ""lowPriceVolume"": 19519638}"
2026-03-06 00:00:00+00:00,1772755200,5,5,23930523,8051146,31981669,0.0,0.0,0.0,0.0,2026-08-07T15:11:26.634526+00:00,timeseries_24h,556,"{""timestamp"": 1772755200, ""avgHighPrice"": 5, ""avgLowPrice"": 5, ""highPriceVolume"": 23930523, ""lowPriceVolume"": 8051146}"
2026-03-07 00:00:00+00:00,1772841600,6,5,3766024,2193459,5959483,20.0,1.0,5959483.0,5959483.0,2026-08-07T15:11:26.634526+00:00,timeseries_24h,556,"{""timestamp"": 1772841600, ""avgHighPrice"": 6, ""avgLowPrice"": 5, ""highPriceVolume"": 3766024, ""lowPriceVolume"": 2193459}"
2026-03-08 00:00:00+00:00,1772928000,5,5,60407311,8583930,68991241,0.0,0.0,0.0,0.0,2026-08-07T15:11:26.634526+00:00,timeseries_24h,556,"{""timestamp"": 1772928000, ""avgHighPrice"": 5, ""avgLowPrice"": 5, ""highPriceVolume"": 60407311, ""lowPriceVolume"": 8583930}"
2026-03-09 00:00:00+00:00,1773014400,5,5,12188485,1396549,13585034,0.0,0.0,0.0,0.0,2026-08-07T15:11:26.634526+00:00,timeseries_24h,556,"{""timestamp"": 1773014400, ""avgHighPrice"": 5, ""avgLowPrice"": 5, ""highPriceVolume"": 12188485, ""lowPriceVolume"": 1396549}"
2026-03-10 00:00:00+00:00,1773100800,5,5,21240139,13517526,34757665,0.0,0.0,0.0,0.0,2026-08-07T15:11:26.634526+00:00,timeseries_24h,556,"{""timestamp"": 1773100800, ""avgHighPrice"": 5, ""avgLowPrice"": 5, ""highPriceVolume"": 21240139, ""lowPriceVolume"": 13517526}"
2026-03-11 00:00:00+00:00,1773187200,5,5,22164642,6979029,29143671,0.0,0.0,0.0,0.0,2026-08-07T15:11:26.634526+00:00,timeseries_24h,556,"{""timestamp"": 1773187200, ""avgHighPrice"": 5, ""avgLowPrice"": 5, ""highPriceVolume"": 22164642, ""lowPriceVolume"": 6979029}"
2026-03-12 00:00:00+00:00,1773273600,5,4,68068971,6627272,74696243,25.0,1.0,74696243.0,74696243.0,2026-08-07T15:11:26.634526+00:00,timeseries_24h,556,"{""timestamp"": 1773273600, ""avgHighPrice"": 5, ""avgLowPrice"": 4, ""highPriceVolume"": 68068971, ""lowPriceVolume"": 6627272}"
2026-03-13 00:00:00+00:00,1773360000,5,4,14431291,3024598,17455889,25.0,1.0,17455889.0,17455889.0,2026-08-07T15:11:26.634526+00:00,timeseries_24h,556,"{""timestamp"": 1773360000, ""avgHighPrice"": 5, ""avgLowPrice"": 4, ""highPriceVolume"": 14431291, ""lowPriceVolume"": 3024598}"
2026-03-14 00:00:00+00:00,1773446400,5,4,7223274,513462,7736736,25.0,1.0,7736736.0,7736736.0,2026-08-07T15:11:26.634526+00:00,timeseries_24h,556,"{""timestamp"": 1773446400, ""avgHighPrice"": 5, ""avgLowPrice"": 4, ""highPriceVolume"": 7223274, ""lowPriceVolume"": 513462}"
2026-03-15 00:00:00+00:00,1773532800,5,4,31788066,1991061,33779127,25.0,1.0,33779127.0,33779127.0,2026-08-07T15:11:26.634526+00:00,timeseries_24h,556,"{""timestamp"": 1773532800, ""avgHighPrice"": 5, ""avgLowPrice"": 4, ""highPriceVolume"": 31788066, ""lowPriceVolume"": 1991061}"
2026-03-16 00:00:00+00:00,1773619200,5,4,28178034,6477631,34655665,25.0,1.0,34655665.0,34655665.0,2026-08-07T15:11:26.634526+00:00,timeseries_24h,556,"{""timestamp"": 1773619200, ""avgHighPrice"": 5, ""avgLowPrice"": 4, ""highPriceVolume"": 28178034, ""lowPriceVolume"": 6477631}"
2026-03-17 00:00:00+00:00,1773705600,5,4,15637623,2141158,17778781,25.0,1.0,17778781.0,17778781.0,2026-08-07T15:11:26.634526+00:00,timeseries_24h,556,"{""timestamp"": 1773705600, ""avgHighPrice"": 5, ""avgLowPrice"": 4, ""highPriceVolume"": 15637623, ""lowPriceVolume"": 2141158}"
2026-03-18 00:00:00+00:00,1773792000,5,4,44327829,5196253,49524082,25.0,1.0,49524082.0,49524082.0,2026-08-07T15:11:26.634526+00:00,timeseries_24h,556,"{""timestamp"": 1773792000, ""avgHighPrice"": 5, ""avgLowPrice"": 4, ""highPriceVolume"": 44327829, ""lowPriceVolume"": 5196253}"
2026-03-19 00:00:00+00:00,1773878400,4,4,20799511,965742,21765253,0.0,0.0,0.0,0.0,2026-08-07T15:11:26.634526+00:00,timeseries_24h,556,"{""timestamp"": 1773878400, ""avgHighPrice"": 4, ""avgLowPrice"": 4, ""highPriceVolume"": 20799511, ""lowPriceVolume"": 965742}"
2026-03-20 00:00:00+00:00,1773964800,5,4,39633996,5366397,45000393,25.0,1.0,45000393.0,45000393.0,2026-08-07T15:11:26.634526+00:00,timeseries_24h,556,"{""timestamp"": 1773964800, ""avgHighPrice"": 5, ""avgLowPrice"": 4, ""highPriceVolume"": 39633996, ""lowPriceVolume"": 5366397}"
2026-03-21 00:00:00+00:00,1774051200,5,4,24072684,2130212,26202896,25.0,1.0,26202896.0,26202896.0,2026-08-07T15:11:26.634526+00:00,timeseries_24h,556,"{""timestamp"": 1774051200, ""avgHighPrice"": 5, ""avgLowPrice"": 4, ""highPriceVolume"": 24072684, ""lowPriceVolume"": 2130212}"
2026-03-22 00:00:00+00:00,1774137600,5,4,7892962,919600,8812562,25.0,1.0,8812562.0,8812562.0,2026-08-07T15:11:26.634526+00:00,timeseries_24h,556,"{""timestamp"": 1774137600, ""avgHighPrice"": 5, ""avgLowPrice"": 4, ""highPriceVolume"": 7892962, ""lowPriceVolume"": 919600}"
2026-03-23 00:00:00+00:00,1774224000,5,4,27544219,5411194,32955413,25.0,1.0,32955413.0,32955413.0,2026-08-07T15:11:26.634526+00:00,timeseries_24h,556,"{""timestamp"": 1774224000, ""avgHighPrice"": 5, ""avgLowPrice"": 4, ""highPriceVolume"": 27544219, ""lowPriceVolume"": 5411194}"
2026-03-24 00:00:00+00:00,1774310400,5,4,49261878,8970225,58232103,25.0,1.0,58232103.0,58232103.0,2026-08-07T15:11:26.634526+00:00,timeseries_24h,556,"{""timestamp"": 1774310400, ""avgHighPrice"": 5, ""avgLowPrice"": 4, ""highPriceVolume"": 49261878, ""lowPriceVolume"": 8970225}"
2026-03-25 00:00:00+00:00,1774396800,5,4,42823959,7745269,50569228,25.0,1.0,50569228.0,50569228.0,2026-08-07T15:11:26.634526+00:00,timeseries_24h,556,"{""timestamp"": 1774396800, ""avgHighPrice"": 5, ""avgLowPrice"": 4, ""highPriceVolume"": 42823959, ""lowPriceVolume"": 7745269}"
2026-03-26 00:00:00+00:00,1774483200,4,4,5946814,569315,6516129,0.0,0.0,0.0,0.0,2026-08-07T15:11:26.634526+00:00,timeseries_24h,556,"{""timestamp"": 1774483200, ""avgHighPrice"": 4, ""avgLowPrice"": 4, ""highPriceVolume"": 5946814, ""lowPriceVolume"": 569315}"
2026-03-27 00:00:00+00:00,1774569600,5,4,43781928,4622184,48404112,25.0,1.0,48404112.0,48404112.0,2026-08-07T15:11:26.634526+00:00,timeseries_24h,556,"{""timestamp"": 1774569600, ""avgHighPrice"": 5, ""avgLowPrice"": 4, ""highPriceVolume"": 43781928, ""lowPriceVolume"": 4622184}"
2026-03-28 00:00:00+00:00,1774656000,4,4,18397429,1374205,19771634,0.0,0.0,0.0,0.0,2026-08-07T15:11:26.634526+00:00,timeseries_24h,556,"{""timestamp"": 1774656000, ""avgHighPrice"": 4, ""avgLowPrice"": 4, ""highPriceVolume"": 18397429, ""lowPriceVolume"": 1374205}"
2026-03-29 00:00:00+00:00,1774742400,5,4,741703,508925,1250628,25.0,1.0,1250628.0,1250628.0,2026-08-07T15:11:26.634526+00:00,timeseries_24h,556,"{""timestamp"": 1774742400, ""avgHighPrice"": 5, ""avgLowPrice"": 4, ""highPriceVolume"": 741703, ""lowPriceVolume"": 508925}"
2026-03-30 00:00:00+00:00,1774828800,5,4,20200742,3212879,23413621,25.0,1.0,23413621.0,23413621.0,2026-08-07T15:11:26.634526+00:00,timeseries_24h,556,"{""timestamp"": 1774828800, ""avgHighPrice"": 5, ""avgLowPrice"": 4, ""highPriceVolume"": 20200742, ""lowPriceVolume"": 3212879}"
2026-03-31 00:00:00+00:00,1774915200,5,4,11333464,892903,12226367,25.0,1.0,12226367.0,12226367.0,2026-08-07T15:11:26.634526+00:00,timeseries_24h,556,"{""timestamp"": 1774915200, ""avgHighPrice"": 5, ""avgLowPrice"": 4, ""highPriceVolume"": 11333464, ""lowPriceVolume"": 892903}"
2026-04-01 00:00:00+00:00,1775001600,5,4,10943199,691918,11635117,25.0,1.0,11635117.0,11635117.0,2026-08-07T15:11:26.634526+00:00,timeseries_24h,556,"{""timestamp"": 1775001600, ""avgHighPrice"": 5, ""avgLowPrice"": 4, ""highPriceVolume"": 10943199, ""lowPriceVolume"": 691918}"
2026-04-02 00:00:00+00:00,1775088000,5,4,19579145,2009447,21588592,25.0,1.0,21588592.0,21588592.0,2026-08-07T15:11:26.634526+00:00,timeseries_24h,556,"{""timestamp"": 1775088000, ""avgHighPrice"": 5, ""avgLowPrice"": 4, ""highPriceVolume"": 19579145, ""lowPriceVolume"": 2009447}"
2026-04-03 00:00:00+00:00,1775174400,5,4,22494665,2394684,24889349,25.0,1.0,24889349.0,24889349.0,2026-08-07T15:11:26.634526+00:00,timeseries_24h,556,"{""timestamp"": 1775174400, ""avgHighPrice"": 5, ""avgLowPrice"": 4, ""highPriceVolume"": 22494665, ""lowPriceVolume"": 2394684}"
2026-04-04 00:00:00+00:00,1775260800,5,4,12323857,1436964,13760821,25.0,1.0,13760821.0,13760821.0,2026-08-07T15:11:26.634526+00:00,timeseries_24h,556,"{""timestamp"": 1775260800, ""avgHighPrice"": 5, ""avgLowPrice"": 4, ""highPriceVolume"": 12323857, ""lowPriceVolume"": 1436964}"
2026-04-05 00:00:00+00:00,1775347200,5,4,10783140,1454327,12237467,25.0,1.0,12237467.0,12237467.0,2026-08-07T15:11:26.634526+00:00,timeseries_24h,556,"{""timestamp"": 1775347200, ""avgHighPrice"": 5, ""avgLowPrice"": 4, ""highPriceVolume"": 10783140, ""lowPriceVolume"": 1454327}"
2026-04-06 00:00:00+00:00,1775433600,5,4,17284617,1022629,18307246,25.0,1.0,18307246.0,18307246.0,2026-08-07T15:11:26.634526+00:00,timeseries_24h,556,"{""timestamp"": 1775433600, ""avgHighPrice"": 5, ""avgLowPrice"": 4, ""highPriceVolume"": 17284617, ""lowPriceVolume"": 1022629}"
2026-04-07 00:00:00+00:00,1775520000,5,4,12641446,2284895,14926341,25.0,1.0,14926341.0,14926341.0,2026-08-07T15:11:26.634526+00:00,timeseries_24h,556,"{""timestamp"": 1775520000, ""avgHighPrice"": 5, ""avgLowPrice"": 4, ""highPriceVolume"": 12641446, ""lowPriceVolume"": 2284895}"
2026-04-08 00:00:00+00:00,1775606400,5,4,50636157,5529502,56165659,25.0,1.0,56165659.0,56165659.0,2026-08-07T15:11:26.634526+00:00,timeseries_24h,556,"{""timestamp"": 1775606400, ""avgHighPrice"": 5, ""avgLowPrice"": 4, ""highPriceVolume"": 50636157, ""lowPriceVolume"": 5529502}"
2026-04-09 00:00:00+00:00,1775692800,5,4,50461446,6684255,57145701,25.0,1.0,57145701.0,57145701.0,2026-08-07T15:11:26.634526+00:00,timeseries_24h,556,"{""timestamp"": 1775692800, ""avgHighPrice"": 5, ""avgLowPrice"": 4, ""highPriceVolume"": 50461446, ""lowPriceVolume"": 6684255}"
2026-04-10 00:00:00+00:00,1775779200,5,4,64487349,5609098,70096447,25.0,1.0,70096447.0,70096447.0,2026-08-07T15:11:26.634526+00:00,timeseries_24h,556,"{""timestamp"": 1775779200, ""avgHighPrice"": 5, ""avgLowPrice"": 4, ""highPriceVolume"": 64487349, ""lowPriceVolume"": 5609098}"
2026-04-11 00:00:00+00:00,1775865600,5,4,17523854,849891,18373745,25.0,1.0,18373745.0,18373745.0,2026-08-07T15:11:26.634526+00:00,timeseries_24h,556,"{""timestamp"": 1775865600, ""avgHighPrice"": 5, ""avgLowPrice"": 4, ""highPriceVolume"": 17523854, ""lowPriceVolume"": 849891}"
2026-04-12 00:00:00+00:00,1775952000,6,5,17907831,11867539,29775370,20.0,1.0,29775370.0,29775370.0,2026-08-07T15:11:26.634526+00:00,timeseries_24h,556,"{""timestamp"": 1775952000, ""avgHighPrice"": 6, ""avgLowPrice"": 5, ""highPriceVolume"": 17907831, ""lowPriceVolume"": 11867539}"
2026-04-13 00:00:00+00:00,1776038400,5,5,36768172,14610871,51379043,0.0,0.0,0.0,0.0,2026-08-07T15:11:26.634526+00:00,timeseries_24h,556,"{""timestamp"": 1776038400, ""avgHighPrice"": 5, ""avgLowPrice"": 5, ""highPriceVolume"": 36768172, ""lowPriceVolume"": 14610871}"
2026-04-14 00:00:00+00:00,1776124800,5,5,7415960,2938429,10354389,0.0,0.0,0.0,0.0,2026-08-07T15:11:26.634526+00:00,timeseries_24h,556,"{""timestamp"": 1776124800, ""avgHighPrice"": 5, ""avgLowPrice"": 5, ""highPriceVolume"": 7415960, ""lowPriceVolume"": 2938429}"
2026-04-15 00:00:00+00:00,1776211200,5,5,32686044,11010555,43696599,0.0,0.0,0.0,0.0,2026-08-07T15:11:26.634526+00:00,timeseries_24h,556,"{""timestamp"": 1776211200, ""avgHighPrice"": 5, ""avgLowPrice"": 5, ""highPriceVolume"": 32686044, ""lowPriceVolume"": 11010555}"
2026-04-16 00:00:00+00:00,1776297600,5,5,32186859,7146533,39333392,0.0,0.0,0.0,0.0,2026-08-07T15:11:26.634526+00:00,timeseries_24h,556,"{""timestamp"": 1776297600, ""avgHighPrice"": 5, ""avgLowPrice"": 5, ""highPriceVolume"": 32186859, ""lowPriceVolume"": 7146533}"
2026-04-17 00:00:00+00:00,1776384000,5,5,37228997,7967866,45196863,0.0,0.0,0.0,0.0,2026-08-07T15:11:26.634526+00:00,timeseries_24h,556,"{""timestamp"": 1776384000, ""avgHighPrice"": 5, ""avgLowPrice"": 5, ""highPriceVolume"": 37228997, ""lowPriceVolume"": 7967866}"
2026-04-18 00:00:00+00:00,1776470400,5,4,22304405,2431505,24735910,25.0,1.0,24735910.0,24735910.0,2026-08-07T15:11:26.634526+00:00,timeseries_24h,556,"{""timestamp"": 1776470400, ""avgHighPrice"": 5, ""avgLowPrice"": 4, ""highPriceVolume"": 22304405, ""lowPriceVolume"": 2431505}"
2026-04-19 00:00:00+00:00,1776556800,4,4,19924236,909850,20834086,0.0,0.0,0.0,0.0,2026-08-07T15:11:26.634526+00:00,timeseries_24h,556,"{""timestamp"": 1776556800, ""avgHighPrice"": 4, ""avgLowPrice"": 4, ""highPriceVolume"": 19924236, ""lowPriceVolume"": 909850}"
2026-04-20 00:00:00+00:00,1776643200,5,5,33495630,6336139,39831769,0.0,0.0,0.0,0.0,2026-08-07T15:11:26.634526+00:00,timeseries_24h,556,"{""timestamp"": 1776643200, ""avgHighPrice"": 5, ""avgLowPrice"": 5, ""highPriceVolume"": 33495630, ""lowPriceVolume"": 6336139}"
2026-04-21 00:00:00+00:00,1776729600,5,5,34296424,6505153,40801577,0.0,0.0,0.0,0.0,2026-08-07T15:11:26.634526+00:00,timeseries_24h,556,"{""timestamp"": 1776729600, ""avgHighPrice"": 5, ""avgLowPrice"": 5, ""highPriceVolume"": 34296424, ""lowPriceVolume"": 6505153}"
2026-04-22 00:00:00+00:00,1776816000,5,5,22548190,4586373,27134563,0.0,0.0,0.0,0.0,2026-08-07T15:11:26.634526+00:00,timeseries_24h,556,"{""timestamp"": 1776816000, ""avgHighPrice"": 5, ""avgLowPrice"": 5, ""highPriceVolume"": 22548190, ""lowPriceVolume"": 4586373}"
2026-04-23 00:00:00+00:00,1776902400,5,5,10236171,2762638,12998809,0.0,0.0,0.0,0.0,2026-08-07T15:11:26.634526+00:00,timeseries_24h,556,"{""timestamp"": 1776902400, ""avgHighPrice"": 5, ""avgLowPrice"": 5, ""highPriceVolume"": 10236171, ""lowPriceVolume"": 2762638}"
2026-04-24 00:00:00+00:00,1776988800,5,4,14909177,1980336,16889513,25.0,1.0,16889513.0,16889513.0,2026-08-07T15:11:26.634526+00:00,timeseries_24h,556,"{""timestamp"": 1776988800, ""avgHighPrice"": 5, ""avgLowPrice"": 4, ""highPriceVolume"": 14909177, ""lowPriceVolume"": 1980336}"
2026-04-25 00:00:00+00:00,1777075200,5,4,16995415,4897957,21893372,25.0,1.0,21893372.0,21893372.0,2026-08-07T15:11:26.634526+00:00,timeseries_24h,556,"{""timestamp"": 1777075200, ""avgHighPrice"": 5, ""avgLowPrice"": 4, ""highPriceVolume"": 16995415, ""lowPriceVolume"": 4897957}"
2026-04-26 00:00:00+00:00,1777161600,5,4,7314100,971545,8285645,25.0,1.0,8285645.0,8285645.0,2026-08-07T15:11:26.634526+00:00,timeseries_24h,556,"{""timestamp"": 1777161600, ""avgHighPrice"": 5, ""avgLowPrice"": 4, ""highPriceVolume"": 7314100, ""lowPriceVolume"": 971545}"
2026-04-27 00:00:00+00:00,1777248000,5,5,33982875,8541261,42524136,0.0,0.0,0.0,0.0,2026-08-07T15:11:26.634526+00:00,timeseries_24h,556,"{""timestamp"": 1777248000, ""avgHighPrice"": 5, ""avgLowPrice"": 5, ""highPriceVolume"": 33982875, ""lowPriceVolume"": 8541261}"
2026-04-28 00:00:00+00:00,1777334400,5,4,15412406,3159793,18572199,25.0,1.0,18572199.0,18572199.0,2026-08-07T15:11:26.634526+00:00,timeseries_24h,556,"{""timestamp"": 1777334400, ""avgHighPrice"": 5, ""avgLowPrice"": 4, ""highPriceVolume"": 15412406, ""lowPriceVolume"": 3159793}"
2026-04-29 00:00:00+00:00,1777420800,5,4,23529965,3500976,27030941,25.0,1.0,27030941.0,27030941.0,2026-08-07T15:11:26.634526+00:00,timeseries_24h,556,"{""timestamp"": 1777420800, ""avgHighPrice"": 5, ""avgLowPrice"": 4, ""highPriceVolume"": 23529965, ""lowPriceVolume"": 3500976}"
2026-04-30 00:00:00+00:00,1777507200,5,4,17878883,2735315,20614198,25.0,1.0,20614198.0,20614198.0,2026-08-07T15:11:26.634526+00:00,timeseries_24h,556,"{""timestamp"": 1777507200, ""avgHighPrice"": 5, ""avgLowPrice"": 4, ""highPriceVolume"": 17878883, ""lowPriceVolume"": 2735315}"
2026-05-01 00:00:00+00:00,1777593600,5,4,23622962,2934267,26557229,25.0,1.0,26557229.0,26557229.0,2026-08-07T15:11:26.634526+00:00,timeseries_24h,556,"{""timestamp"": 1777593600, ""avgHighPrice"": 5, ""avgLowPrice"": 4, ""highPriceVolume"": 23622962, ""lowPriceVolume"": 2934267}"
2026-05-02 00:00:00+00:00,1777680000,5,5,4844533,1217960,6062493,0.0,0.0,0.0,0.0,2026-08-07T15:11:26.634526+00:00,timeseries_24h,556,"{""timestamp"": 1777680000, ""avgHighPrice"": 5, ""avgLowPrice"": 5, ""highPriceVolume"": 4844533, ""lowPriceVolume"": 1217960}"
2026-05-03 00:00:00+00:00,1777766400,5,5,18471353,8140100,26611453,0.0,0.0,0.0,0.0,2026-08-07T15:11:26.634526+00:00,timeseries_24h,556,"{""timestamp"": 1777766400, ""avgHighPrice"": 5, ""avgLowPrice"": 5, ""highPriceVolume"": 18471353, ""lowPriceVolume"": 8140100}"
2026-05-04 00:00:00+00:00,1777852800,6,5,17281728,12077615,29359343,20.0,1.0,29359343.0,29359343.0,2026-08-07T15:11:26.634526+00:00,timeseries_24h,556,"{""timestamp"": 1777852800, ""avgHighPrice"": 6, ""avgLowPrice"": 5, ""highPriceVolume"": 17281728, ""lowPriceVolume"": 12077615}"
2026-05-05 00:00:00+00:00,1777939200,5,5,27866737,3024709,30891446,0.0,0.0,0.0,0.0,2026-08-07T15:11:26.634526+00:00,timeseries_24h,556,"{""timestamp"": 1777939200, ""avgHighPrice"": 5, ""avgLowPrice"": 5, ""highPriceVolume"": 27866737, ""lowPriceVolume"": 3024709}"
2026-05-06 00:00:00+00:00,1778025600,5,5,12452534,2723990,15176524,0.0,0.0,0.0,0.0,2026-08-07T15:11:26.634526+00:00,timeseries_24h,556,"{""timestamp"": 1778025600, ""avgHighPrice"": 5, ""avgLowPrice"": 5, ""highPriceVolume"": 12452534, ""lowPriceVolume"": 2723990}"
2026-05-07 00:00:00+00:00,1778112000,5,5,14799930,3645149,18445079,0.0,0.0,0.0,0.0,2026-08-07T15:11:26.634526+00:00,timeseries_24h,556,"{""timestamp"": 1778112000, ""avgHighPrice"": 5, ""avgLowPrice"": 5, ""highPriceVolume"": 14799930, ""lowPriceVolume"": 3645149}"
2026-05-08 00:00:00+00:00,1778198400,5,4,42340480,16708582,59049062,25.0,1.0,59049062.0,59049062.0,2026-08-07T15:11:26.634526+00:00,timeseries_24h,556,"{""timestamp"": 1778198400, ""avgHighPrice"": 5, ""avgLowPrice"": 4, ""highPriceVolume"": 42340480, ""lowPriceVolume"": 16708582}"
2026-05-09 00:00:00+00:00,1778284800,5,4,14009728,4792780,18802508,25.0,1.0,18802508.0,18802508.0,2026-08-07T15:11:26.634526+00:00,timeseries_24h,556,"{""timestamp"": 1778284800, ""avgHighPrice"": 5, ""avgLowPrice"": 4, ""highPriceVolume"": 14009728, ""lowPriceVolume"": 4792780}"
2026-05-10 00:00:00+00:00,1778371200,5,4,8220423,2565323,10785746,25.0,1.0,10785746.0,10785746.0,2026-08-07T15:11:26.634526+00:00,timeseries_24h,556,"{""timestamp"": 1778371200, ""avgHighPrice"": 5, ""avgLowPrice"": 4, ""highPriceVolume"": 8220423, ""lowPriceVolume"": 2565323}"
2026-05-11 00:00:00+00:00,1778457600,5,4,13087348,6132363,19219711,25.0,1.0,19219711.0,19219711.0,2026-08-07T15:11:26.634526+00:00,timeseries_24h,556,"{""timestamp"": 1778457600, ""avgHighPrice"": 5, ""avgLowPrice"": 4, ""highPriceVolume"": 13087348, ""lowPriceVolume"": 6132363}"
2026-05-12 00:00:00+00:00,1778544000,5,5,12703395,6478935,19182330,0.0,0.0,0.0,0.0,2026-08-07T15:11:26.634526+00:00,timeseries_24h,556,"{""timestamp"": 1778544000, ""avgHighPrice"": 5, ""avgLowPrice"": 5, ""highPriceVolume"": 12703395, ""lowPriceVolume"": 6478935}"
2026-05-13 00:00:00+00:00,1778630400,5,4,9703787,584303,10288090,25.0,1.0,10288090.0,10288090.0,2026-08-07T15:11:26.634526+00:00,timeseries_24h,556,"{""timestamp"": 1778630400, ""avgHighPrice"": 5, ""avgLowPrice"": 4, ""highPriceVolume"": 9703787, ""lowPriceVolume"": 584303}"
2026-05-14 00:00:00+00:00,1778716800,5,4,10095549,925850,11021399,25.0,1.0,11021399.0,11021399.0,2026-08-07T15:11:26.634526+00:00,timeseries_24h,556,"{""timestamp"": 1778716800, ""avgHighPrice"": 5, ""avgLowPrice"": 4, ""highPriceVolume"": 10095549, ""lowPriceVolume"": 925850}"
2026-05-15 00:00:00+00:00,1778803200,5,5,10871394,4065173,14936567,0.0,0.0,0.0,0.0,2026-08-07T15:11:26.634526+00:00,timeseries_24h,556,"{""timestamp"": 1778803200, ""avgHighPrice"": 5, ""avgLowPrice"": 5, ""highPriceVolume"": 10871394, ""lowPriceVolume"": 4065173}"
2026-05-16 00:00:00+00:00,1778889600,5,4,8844048,1421048,10265096,25.0,1.0,10265096.0,10265096.0,2026-08-07T15:11:26.634526+00:00,timeseries_24h,556,"{""timestamp"": 1778889600, ""avgHighPrice"": 5, ""avgLowPrice"": 4, ""highPriceVolume"": 8844048, ""lowPriceVolume"": 1421048}"
2026-05-17 00:00:00+00:00,1778976000,5,5,11358889,2930325,14289214,0.0,0.0,0.0,0.0,2026-08-07T15:11:26.634526+00:00,timeseries_24h,556,"{""timestamp"": 1778976000, ""avgHighPrice"": 5, ""avgLowPrice"": 5, ""highPriceVolume"": 11358889, ""lowPriceVolume"": 2930325}"
2026-05-18 00:00:00+00:00,1779062400,5,4,7337842,9681203,17019045,25.0,1.0,17019045.0,17019045.0,2026-08-07T15:11:26.634526+00:00,timeseries_24h,556,"{""timestamp"": 1779062400, ""avgHighPrice"": 5, ""avgLowPrice"": 4, ""highPriceVolume"": 7337842, ""lowPriceVolume"": 9681203}"
2026-05-19 00:00:00+00:00,1779148800,6,5,5481524,5334246,10815770,20.0,1.0,10815770.0,10815770.0,2026-08-07T15:11:26.634526+00:00,timeseries_24h,556,"{""timestamp"": 1779148800, ""avgHighPrice"": 6, ""avgLowPrice"": 5, ""highPriceVolume"": 5481524, ""lowPriceVolume"": 5334246}"
2026-05-20 00:00:00+00:00,1779235200,5,5,6093742,2282675,8376417,0.0,0.0,0.0,0.0,2026-08-07T15:11:26.634526+00:00,timeseries_24h,556,"{""timestamp"": 1779235200, ""avgHighPrice"": 5, ""avgLowPrice"": 5, ""highPriceVolume"": 6093742, ""lowPriceVolume"": 2282675}"
2026-05-21 00:00:00+00:00,1779321600,6,5,4813704,2597590,7411294,20.0,1.0,7411294.0,7411294.0,2026-08-07T15:11:26.634526+00:00,timeseries_24h,556,"{""timestamp"": 1779321600, ""avgHighPrice"": 6, ""avgLowPrice"": 5, ""highPriceVolume"": 4813704, ""lowPriceVolume"": 2597590}"
2026-05-22 00:00:00+00:00,1779408000,5,5,7940710,2815393,10756103,0.0,0.0,0.0,0.0,2026-08-07T15:11:26.634526+00:00,timeseries_24h,556,"{""timestamp"": 1779408000, ""avgHighPrice"": 5, ""avgLowPrice"": 5, ""highPriceVolume"": 7940710, ""lowPriceVolume"": 2815393}"
2026-05-23 00:00:00+00:00,1779494400,6,5,683757,1210395,1894152,20.0,1.0,1894152.0,1894152.0,2026-08-07T15:11:26.634526+00:00,timeseries_24h,556,"{""timestamp"": 1779494400, ""avgHighPrice"": 6, ""avgLowPrice"": 5, ""highPriceVolume"": 683757, ""lowPriceVolume"": 1210395}"
2026-05-24 00:00:00+00:00,1779580800,5,5,3164523,1736861,4901384,0.0,0.0,0.0,0.0,2026-08-07T15:11:26.634526+00:00,timeseries_24h,556,"{""timestamp"": 1779580800, ""avgHighPrice"": 5, ""avgLowPrice"": 5, ""highPriceVolume"": 3164523, ""lowPriceVolume"": 1736861}"
2026-05-25 00:00:00+00:00,1779667200,5,5,3318968,1569455,4888423,0.0,0.0,0.0,0.0,2026-08-07T15:11:26.634526+00:00,timeseries_24h,556,"{""timestamp"": 1779667200, ""avgHighPrice"": 5, ""avgLowPrice"": 5, ""highPriceVolume"": 3318968, ""lowPriceVolume"": 1569455}"
2026-05-26 00:00:00+00:00,1779753600,5,5,4017122,4133691,8150813,0.0,0.0,0.0,0.0,2026-08-07T15:11:26.634526+00:00,timeseries_24h,556,"{""timestamp"": 1779753600, ""avgHighPrice"": 5, ""avgLowPrice"": 5, ""highPriceVolume"": 4017122, ""lowPriceVolume"": 4133691}"
2026-05-27 00:00:00+00:00,1779840000,5,4,4662945,1185825,5848770,25.0,1.0,5848770.0,5848770.0,2026-08-07T15:11:26.634526+00:00,timeseries_24h,556,"{""timestamp"": 1779840000, ""avgHighPrice"": 5, ""avgLowPrice"": 4, ""highPriceVolume"": 4662945, ""lowPriceVolume"": 1185825}"
2026-05-28 00:00:00+00:00,1779926400,5,4,4459394,1017750,5477144,25.0,1.0,5477144.0,5477144.0,2026-08-07T15:11:26.634526+00:00,timeseries_24h,556,"{""timestamp"": 1779926400, ""avgHighPrice"": 5, ""avgLowPrice"": 4, ""highPriceVolume"": 4459394, ""lowPriceVolume"": 1017750}"
2026-05-29 00:00:00+00:00,1780012800,5,4,19406671,3161157,22567828,25.0,1.0,22567828.0,22567828.0,2026-08-07T15:11:26.634526+00:00,timeseries_24h,556,"{""timestamp"": 1780012800, ""avgHighPrice"": 5, ""avgLowPrice"": 4, ""highPriceVolume"": 19406671, ""lowPriceVolume"": 3161157}"
2026-05-30 00:00:00+00:00,1780099200,4,5,26098902,2270016,28368918,-20.0,-1.0,-28368918.0,-28368918.0,2026-08-07T15:11:26.634526+00:00,timeseries_24h,556,"{""timestamp"": 1780099200, ""avgHighPrice"": 4, ""avgLowPrice"": 5, ""highPriceVolume"": 26098902, ""lowPriceVolume"": 2270016}"
2026-05-31 00:00:00+00:00,1780185600,5,4,9258083,937694,10195777,25.0,1.0,10195777.0,10195777.0,2026-08-07T15:11:26.634526+00:00,timeseries_24h,556,"{""timestamp"": 1780185600, ""avgHighPrice"": 5, ""avgLowPrice"": 4, ""highPriceVolume"": 9258083, ""lowPriceVolume"": 937694}"
2026-06-01 00:00:00+00:00,1780272000,5,5,2596384,1675936,4272320,0.0,0.0,0.0,0.0,2026-08-07T15:11:26.634526+00:00,timeseries_24h,556,"{""timestamp"": 1780272000, ""avgHighPrice"": 5, ""avgLowPrice"": 5, ""highPriceVolume"": 2596384, ""lowPriceVolume"": 1675936}"
2026-06-02 00:00:00+00:00,1780358400,5,4,15593871,2265639,17859510,25.0,1.0,17859510.0,17859510.0,2026-08-07T15:11:26.634526+00:00,timeseries_24h,556,"{""timestamp"": 1780358400, ""avgHighPrice"": 5, ""avgLowPrice"": 4, ""highPriceVolume"": 15593871, ""lowPriceVolume"": 2265639}"
2026-06-03 00:00:00+00:00,1780444800,5,5,8939344,2538762,11478106,0.0,0.0,0.0,0.0,2026-08-07T15:11:26.634526+00:00,timeseries_24h,556,"{""timestamp"": 1780444800, ""avgHighPrice"": 5, ""avgLowPrice"": 5, ""highPriceVolume"": 8939344, ""lowPriceVolume"": 2538762}"
2026-06-04 00:00:00+00:00,1780531200,5,4,5256608,12385526,17642134,25.0,1.0,17642134.0,17642134.0,2026-08-07T15:11:26.634526+00:00,timeseries_24h,556,"{""timestamp"": 1780531200, ""avgHighPrice"": 5, ""avgLowPrice"": 4, ""highPriceVolume"": 5256608, ""lowPriceVolume"": 12385526}"
2026-06-05 00:00:00+00:00,1780617600,6,5,2628774,2632398,5261172,20.0,1.0,5261172.0,5261172.0,2026-08-07T15:11:26.634526+00:00,timeseries_24h,556,"{""timestamp"": 1780617600, ""avgHighPrice"": 6, ""avgLowPrice"": 5, ""highPriceVolume"": 2628774, ""lowPriceVolume"": 2632398}"
2026-06-06 00:00:00+00:00,1780704000,5,5,3976053,2389003,6365056,0.0,0.0,0.0,0.0,2026-08-07T15:11:26.634526+00:00,timeseries_24h,556,"{""timestamp"": 1780704000, ""avgHighPrice"": 5, ""avgLowPrice"": 5, ""highPriceVolume"": 3976053, ""lowPriceVolume"": 2389003}"
2026-06-07 00:00:00+00:00,1780790400,6,5,5157489,742794,5900283,20.0,1.0,5900283.0,5900283.0,2026-08-07T15:11:26.634526+00:00,timeseries_24h,556,"{""timestamp"": 1780790400, ""avgHighPrice"": 6, ""avgLowPrice"": 5, ""highPriceVolume"": 5157489, ""lowPriceVolume"": 742794}"
2026-06-08 00:00:00+00:00,1780876800,6,5,11819841,2297748,14117589,20.0,1.0,14117589.0,14117589.0,2026-08-07T15:11:26.634526+00:00,timeseries_24h,556,"{""timestamp"": 1780876800, ""avgHighPrice"": 6, ""avgLowPrice"": 5, ""highPriceVolume"": 11819841, ""lowPriceVolume"": 2297748}"
2026-06-09 00:00:00+00:00,1780963200,6,5,6881451,1008991,7890442,20.0,1.0,7890442.0,7890442.0,2026-08-07T15:11:26.634526+00:00,timeseries_24h,556,"{""timestamp"": 1780963200, ""avgHighPrice"": 6, ""avgLowPrice"": 5, ""highPriceVolume"": 6881451, ""lowPriceVolume"": 1008991}"
2026-06-10 00:00:00+00:00,1781049600,6,5,3903968,3689401,7593369,20.0,1.0,7593369.0,7593369.0,2026-08-07T15:11:26.634526+00:00,timeseries_24h,556,"{""timestamp"": 1781049600, ""avgHighPrice"": 6, ""avgLowPrice"": 5, ""highPriceVolume"": 3903968, ""lowPriceVolume"": 3689401}"
2026-06-11 00:00:00+00:00,1781136000,5,5,13519935,1639569,15159504,0.0,0.0,0.0,0.0,2026-08-07T15:11:26.634526+00:00,timeseries_24h,556,"{""timestamp"": 1781136000, ""avgHighPrice"": 5, ""avgLowPrice"": 5, ""highPriceVolume"": 13519935, ""lowPriceVolume"": 1639569}"
2026-06-12 00:00:00+00:00,1781222400,5,5,4601769,1504342,6106111,0.0,0.0,0.0,0.0,2026-08-07T15:11:26.634526+00:00,timeseries_24h,556,"{""timestamp"": 1781222400, ""avgHighPrice"": 5, ""avgLowPrice"": 5, ""highPriceVolume"": 4601769, ""lowPriceVolume"": 1504342}"
2026-06-13 00:00:00+00:00,1781308800,6,5,3196032,3166365,6362397,20.0,1.0,6362397.0,6362397.0,2026-08-07T15:11:26.634526+00:00,timeseries_24h,556,"{""timestamp"": 1781308800, ""avgHighPrice"": 6, ""avgLowPrice"": 5, ""highPriceVolume"": 3196032, ""lowPriceVolume"": 3166365}"
2026-06-14 00:00:00+00:00,1781395200,5,4,5202916,1488687,6691603,25.0,1.0,6691603.0,6691603.0,2026-08-07T15:11:26.634526+00:00,timeseries_24h,556,"{""timestamp"": 1781395200, ""avgHighPrice"": 5, ""avgLowPrice"": 4, ""highPriceVolume"": 5202916, ""lowPriceVolume"": 1488687}"
2026-06-15 00:00:00+00:00,1781481600,6,5,2297336,3307008,5604344,20.0,1.0,5604344.0,5604344.0,2026-08-07T15:11:26.634526+00:00,timeseries_24h,556,"{""timestamp"": 1781481600, ""avgHighPrice"": 6, ""avgLowPrice"": 5, ""highPriceVolume"": 2297336, ""lowPriceVolume"": 3307008}"
2026-06-16 00:00:00+00:00,1781568000,5,4,4659117,4137790,8796907,25.0,1.0,8796907.0,8796907.0,2026-08-07T15:11:26.634526+00:00,timeseries_24h,556,"{""timestamp"": 1781568000, ""avgHighPrice"": 5, ""avgLowPrice"": 4, ""highPriceVolume"": 4659117, ""lowPriceVolume"": 4137790}"
2026-06-17 00:00:00+00:00,1781654400,6,5,2275964,2524495,4800459,20.0,1.0,4800459.0,4800459.0,2026-08-07T15:11:26.634526+00:00,timeseries_24h,556,"{""timestamp"": 1781654400, ""avgHighPrice"": 6, ""avgLowPrice"": 5, ""highPriceVolume"": 2275964, ""lowPriceVolume"": 2524495}"
2026-06-18 00:00:00+00:00,1781740800,5,4,1213100,47870,1260970,25.0,1.0,1260970.0,1260970.0,2026-08-07T15:11:26.634526+00:00,timeseries_24h,556,"{""timestamp"": 1781740800, ""avgHighPrice"": 5, ""avgLowPrice"": 4, ""highPriceVolume"": 1213100, ""lowPriceVolume"": 47870}"
2026-06-19 00:00:00+00:00,1781827200,5,4,4206960,272997,4479957,25.0,1.0,4479957.0,4479957.0,2026-08-07T15:11:26.634526+00:00,timeseries_24h,556,"{""timestamp"": 1781827200, ""avgHighPrice"": 5, ""avgLowPrice"": 4, ""highPriceVolume"": 4206960, ""lowPriceVolume"": 272997}"
2026-06-20 00:00:00+00:00,1781913600,5,4,6196540,546911,6743451,25.0,1.0,6743451.0,6743451.0,2026-08-07T15:11:26.634526+00:00,timeseries_24h,556,"{""timestamp"": 1781913600, ""avgHighPrice"": 5, ""avgLowPrice"": 4, ""highPriceVolume"": 6196540, ""lowPriceVolume"": 546911}"
2026-06-21 00:00:00+00:00,1782000000,5,4,10763461,655815,11419276,25.0,1.0,11419276.0,11419276.0,2026-08-07T15:11:26.634526+00:00,timeseries_24h,556,"{""timestamp"": 1782000000, ""avgHighPrice"": 5, ""avgLowPrice"": 4, ""highPriceVolume"": 10763461, ""lowPriceVolume"": 655815}"
2026-06-22 00:00:00+00:00,1782086400,5,4,3096284,278288,3374572,25.0,1.0,3374572.0,3374572.0,2026-08-07T15:11:26.634526+00:00,timeseries_24h,556,"{""timestamp"": 1782086400, ""avgHighPrice"": 5, ""avgLowPrice"": 4, ""highPriceVolume"": 3096284, ""lowPriceVolume"": 278288}"
2026-06-23 00:00:00+00:00,1782172800,4,5,14257216,682541,14939757,-20.0,-1.0,-14939757.0,-14939757.0,2026-08-07T15:11:26.634526+00:00,timeseries_24h,556,"{""timestamp"": 1782172800, ""avgHighPrice"": 4, ""avgLowPrice"": 5, ""highPriceVolume"": 14257216, ""lowPriceVolume"": 682541}"
2026-06-24 00:00:00+00:00,1782259200,5,4,12736277,813609,13549886,25.0,1.0,13549886.0,13549886.0,2026-08-07T15:11:26.634526+00:00,timeseries_24h,556,"{""timestamp"": 1782259200, ""avgHighPrice"": 5, ""avgLowPrice"": 4, ""highPriceVolume"": 12736277, ""lowPriceVolume"": 813609}"
2026-06-25 00:00:00+00:00,1782345600,5,4,4635452,452960,5088412,25.0,1.0,5088412.0,5088412.0,2026-08-07T15:11:26.634526+00:00,timeseries_24h,556,"{""timestamp"": 1782345600, ""avgHighPrice"": 5, ""avgLowPrice"": 4, ""highPriceVolume"": 4635452, ""lowPriceVolume"": 452960}"
2026-06-26 00:00:00+00:00,1782432000,5,4,10550755,2011415,12562170,25.0,1.0,12562170.0,12562170.0,2026-08-07T15:11:26.634526+00:00,timeseries_24h,556,"{""timestamp"": 1782432000, ""avgHighPrice"": 5, ""avgLowPrice"": 4, ""highPriceVolume"": 10550755, ""lowPriceVolume"": 2011415}"
2026-06-27 00:00:00+00:00,1782518400,5,4,4554422,2051655,6606077,25.0,1.0,6606077.0,6606077.0,2026-08-07T15:11:26.634526+00:00,timeseries_24h,556,"{""timestamp"": 1782518400, ""avgHighPrice"": 5, ""avgLowPrice"": 4, ""highPriceVolume"": 4554422, ""lowPriceVolume"": 2051655}"
2026-06-28 00:00:00+00:00,1782604800,4,4,15546209,1078505,16624714,0.0,0.0,0.0,0.0,2026-08-07T15:11:26.634526+00:00,timeseries_24h,556,"{""timestamp"": 1782604800, ""avgHighPrice"": 4, ""avgLowPrice"": 4, ""highPriceVolume"": 15546209, ""lowPriceVolume"": 1078505}"
2026-06-29 00:00:00+00:00,1782691200,5,4,10905650,1012308,11917958,25.0,1.0,11917958.0,11917958.0,2026-08-07T15:11:26.634526+00:00,timeseries_24h,556,"{""timestamp"": 1782691200, ""avgHighPrice"": 5, ""avgLowPrice"": 4, ""highPriceVolume"": 10905650, ""lowPriceVolume"": 1012308}"
2026-06-30 00:00:00+00:00,1782777600,5,4,5201987,463735,5665722,25.0,1.0,5665722.0,5665722.0,2026-08-07T15:11:26.634526+00:00,timeseries_24h,556,"{""timestamp"": 1782777600, ""avgHighPrice"": 5, ""avgLowPrice"": 4, ""highPriceVolume"": 5201987, ""lowPriceVolume"": 463735}"
2026-07-01 00:00:00+00:00,1782864000,6,6,23208,224913,248121,0.0,0.0,0.0,0.0,2026-08-07T15:11:26.634526+00:00,timeseries_24h,556,"{""timestamp"": 1782864000, ""avgHighPrice"": 6, ""avgLowPrice"": 6, ""highPriceVolume"": 23208, ""lowPriceVolume"": 224913}"
2026-07-02 00:00:00+00:00,1782950400,6,5,1171558,998042,2169600,20.0,1.0,2169600.0,2169600.0,2026-08-07T15:11:26.634526+00:00,timeseries_24h,556,"{""timestamp"": 1782950400, ""avgHighPrice"": 6, ""avgLowPrice"": 5, ""highPriceVolume"": 1171558, ""lowPriceVolume"": 998042}"
2026-07-03 00:00:00+00:00,1783036800,6,6,2399865,532346,2932211,0.0,0.0,0.0,0.0,2026-08-07T15:11:26.634526+00:00,timeseries_24h,556,"{""timestamp"": 1783036800, ""avgHighPrice"": 6, ""avgLowPrice"": 6, ""highPriceVolume"": 2399865, ""lowPriceVolume"": 532346}"
2026-07-04 00:00:00+00:00,1783123200,6,5,8217744,653551,8871295,20.0,1.0,8871295.0,8871295.0,2026-08-07T15:11:26.634526+00:00,timeseries_24h,556,"{""timestamp"": 1783123200, ""avgHighPrice"": 6, ""avgLowPrice"": 5, ""highPriceVolume"": 8217744, ""lowPriceVolume"": 653551}"
2026-07-05 00:00:00+00:00,1783209600,6,5,9693436,586896,10280332,20.0,1.0,10280332.0,10280332.0,2026-08-07T15:11:26.634526+00:00,timeseries_24h,556,"{""timestamp"": 1783209600, ""avgHighPrice"": 6, ""avgLowPrice"": 5, ""highPriceVolume"": 9693436, ""lowPriceVolume"": 586896}"
2026-07-06 00:00:00+00:00,1783296000,6,5,6943295,2504470,9447765,20.0,1.0,9447765.0,9447765.0,2026-08-07T15:11:26.634526+00:00,timeseries_24h,556,"{""timestamp"": 1783296000, ""avgHighPrice"": 6, ""avgLowPrice"": 5, ""highPriceVolume"": 6943295, ""lowPriceVolume"": 2504470}"
2026-07-07 00:00:00+00:00,1783382400,6,5,8142974,676854,8819828,20.0,1.0,8819828.0,8819828.0,2026-08-07T15:11:26.634526+00:00,timeseries_24h,556,"{""timestamp"": 1783382400, ""avgHighPrice"": 6, ""avgLowPrice"": 5, ""highPriceVolume"": 8142974, ""lowPriceVolume"": 676854}"
2026-07-08 00:00:00+00:00,1783468800,6,5,4852282,400502,5252784,20.0,1.0,5252784.0,5252784.0,2026-08-07T15:11:26.634526+00:00,timeseries_24h,556,"{""timestamp"": 1783468800, ""avgHighPrice"": 6, ""avgLowPrice"": 5, ""highPriceVolume"": 4852282, ""lowPriceVolume"": 400502}"
2026-07-09 00:00:00+00:00,1783555200,6,5,7990104,1116154,9106258,20.0,1.0,9106258.0,9106258.0,2026-08-07T15:11:26.634526+00:00,timeseries_24h,556,"{""timestamp"": 1783555200, ""avgHighPrice"": 6, ""avgLowPrice"": 5, ""highPriceVolume"": 7990104, ""lowPriceVolume"": 1116154}"
2026-07-10 00:00:00+00:00,1783641600,6,5,5670334,755289,6425623,20.0,1.0,6425623.0,6425623.0,2026-08-07T15:11:26.634526+00:00,timeseries_24h,556,"{""timestamp"": 1783641600, ""avgHighPrice"": 6, ""avgLowPrice"": 5, ""highPriceVolume"": 5670334, ""lowPriceVolume"": 755289}"
2026-07-11 00:00:00+00:00,1783728000,5,5,7201221,898959,8100180,0.0,0.0,0.0,0.0,2026-08-07T15:11:26.634526+00:00,timeseries_24h,556,"{""timestamp"": 1783728000, ""avgHighPrice"": 5, ""avgLowPrice"": 5, ""highPriceVolume"": 7201221, ""lowPriceVolume"": 898959}"
2026-07-12 00:00:00+00:00,1783814400,5,6,4190537,2935115,7125652,-16.666666666666664,-1.0,-7125652.0,-7125652.0,2026-08-07T15:11:26.634526+00:00,timeseries_24h,556,"{""timestamp"": 1783814400, ""avgHighPrice"": 5, ""avgLowPrice"": 6, ""highPriceVolume"": 4190537, ""lowPriceVolume"": 2935115}"
2026-07-13 00:00:00+00:00,1783900800,6,5,1494269,586213,2080482,20.0,1.0,2080482.0,2080482.0,2026-08-07T15:11:26.634526+00:00,timeseries_24h,556,"{""timestamp"": 1783900800, ""avgHighPrice"": 6, ""avgLowPrice"": 5, ""highPriceVolume"": 1494269, ""lowPriceVolume"": 586213}"
2026-07-14 00:00:00+00:00,1783987200,6,5,5735843,813142,6548985,20.0,1.0,6548985.0,6548985.0,2026-08-07T15:11:26.634526+00:00,timeseries_24h,556,"{""timestamp"": 1783987200, ""avgHighPrice"": 6, ""avgLowPrice"": 5, ""highPriceVolume"": 5735843, ""lowPriceVolume"": 813142}"
2026-07-15 00:00:00+00:00,1784073600,6,6,1473470,256798,1730268,0.0,0.0,0.0,0.0,2026-08-07T15:11:26.634526+00:00,timeseries_24h,556,"{""timestamp"": 1784073600, ""avgHighPrice"": 6, ""avgLowPrice"": 6, ""highPriceVolume"": 1473470, ""lowPriceVolume"": 256798}"
2026-07-16 00:00:00+00:00,1784160000,6,5,18245144,913879,19159023,20.0,1.0,19159023.0,19159023.0,2026-08-07T15:11:26.634526+00:00,timeseries_24h,556,"{""timestamp"": 1784160000, ""avgHighPrice"": 6, ""avgLowPrice"": 5, ""highPriceVolume"": 18245144, ""lowPriceVolume"": 913879}"
2026-07-17 00:00:00+00:00,1784246400,5,6,3329849,196300,3526149,-16.666666666666664,-1.0,-3526149.0,-3526149.0,2026-08-07T15:11:26.634526+00:00,timeseries_24h,556,"{""timestamp"": 1784246400, ""avgHighPrice"": 5, ""avgLowPrice"": 6, ""highPriceVolume"": 3329849, ""lowPriceVolume"": 196300}"
2026-07-18 00:00:00+00:00,1784332800,6,5,7333800,908533,8242333,20.0,1.0,8242333.0,8242333.0,2026-08-07T15:11:26.634526+00:00,timeseries_24h,556,"{""timestamp"": 1784332800, ""avgHighPrice"": 6, ""avgLowPrice"": 5, ""highPriceVolume"": 7333800, ""lowPriceVolume"": 908533}"
2026-07-19 00:00:00+00:00,1784419200,6,5,8901887,621541,9523428,20.0,1.0,9523428.0,9523428.0,2026-08-07T15:11:26.634526+00:00,timeseries_24h,556,"{""timestamp"": 1784419200, ""avgHighPrice"": 6, ""avgLowPrice"": 5, ""highPriceVolume"": 8901887, ""lowPriceVolume"": 621541}"
2026-07-20 00:00:00+00:00,1784505600,6,5,2794625,131005,2925630,20.0,1.0,2925630.0,2925630.0,2026-08-07T15:11:26.634526+00:00,timeseries_24h,556,"{""timestamp"": 1784505600, ""avgHighPrice"": 6, ""avgLowPrice"": 5, ""highPriceVolume"": 2794625, ""lowPriceVolume"": 131005}"
2026-07-21 00:00:00+00:00,1784592000,6,6,580436,42971,623407,0.0,0.0,0.0,0.0,2026-08-07T15:11:26.634526+00:00,timeseries_24h,556,"{""timestamp"": 1784592000, ""avgHighPrice"": 6, ""avgLowPrice"": 6, ""highPriceVolume"": 580436, ""lowPriceVolume"": 42971}"
2026-07-22 00:00:00+00:00,1784678400,6,5,5896587,505052,6401639,20.0,1.0,6401639.0,6401639.0,2026-08-07T15:11:26.634526+00:00,timeseries_24h,556,"{""timestamp"": 1784678400, ""avgHighPrice"": 6, ""avgLowPrice"": 5, ""highPriceVolume"": 5896587, ""lowPriceVolume"": 505052}"
2026-07-23 00:00:00+00:00,1784764800,6,5,7873071,637302,8510373,20.0,1.0,8510373.0,8510373.0,2026-08-07T15:11:26.634526+00:00,timeseries_24h,556,"{""timestamp"": 1784764800, ""avgHighPrice"": 6, ""avgLowPrice"": 5, ""highPriceVolume"": 7873071, ""lowPriceVolume"": 637302}"
2026-07-24 00:00:00+00:00,1784851200,6,5,47297117,7693462,54990579,20.0,1.0,54990579.0,54990579.0,2026-08-07T15:11:26.634526+00:00,timeseries_24h,556,"{""timestamp"": 1784851200, ""avgHighPrice"": 6, ""avgLowPrice"": 5, ""highPriceVolume"": 47297117, ""lowPriceVolume"": 7693462}"
2026-07-25 00:00:00+00:00,1784937600,6,5,35311159,16745579,52056738,20.0,1.0,52056738.0,52056738.0,2026-08-07T15:11:26.634526+00:00,timeseries_24h,556,"{""timestamp"": 1784937600, ""avgHighPrice"": 6, ""avgLowPrice"": 5, ""highPriceVolume"": 35311159, ""lowPriceVolume"": 16745579}"
2026-07-26 00:00:00+00:00,1785024000,6,5,39664245,19417976,59082221,20.0,1.0,59082221.0,59082221.0,2026-08-07T15:11:26.634526+00:00,timeseries_24h,556,"{""timestamp"": 1785024000, ""avgHighPrice"": 6, ""avgLowPrice"": 5, ""highPriceVolume"": 39664245, ""lowPriceVolume"": 19417976}"
2026-07-27 00:00:00+00:00,1785110400,6,5,43784636,31415270,75199906,20.0,1.0,75199906.0,75199906.0,2026-08-07T15:11:26.634526+00:00,timeseries_24h,556,"{""timestamp"": 1785110400, ""avgHighPrice"": 6, ""avgLowPrice"": 5, ""highPriceVolume"": 43784636, ""lowPriceVolume"": 31415270}"
2026-07-28 00:00:00+00:00,1785196800,5,5,45061672,12589345,57651017,0.0,0.0,0.0,0.0,2026-08-07T15:11:26.634526+00:00,timeseries_24h,556,"{""timestamp"": 1785196800, ""avgHighPrice"": 5, ""avgLowPrice"": 5, ""highPriceVolume"": 45061672, ""lowPriceVolume"": 12589345}"
2026-07-29 00:00:00+00:00,1785283200,6,5,31000978,18198566,49199544,20.0,1.0,49199544.0,49199544.0,2026-08-07T15:11:26.634526+00:00,timeseries_24h,556,"{""timestamp"": 1785283200, ""avgHighPrice"": 6, ""avgLowPrice"": 5, ""highPriceVolume"": 31000978, ""lowPriceVolume"": 18198566}"
2026-07-30 00:00:00+00:00,1785369600,6,5,33806576,16377728,50184304,20.0,1.0,50184304.0,50184304.0,2026-08-07T15:11:26.634526+00:00,timeseries_24h,556,"{""timestamp"": 1785369600, ""avgHighPrice"": 6, ""avgLowPrice"": 5, ""highPriceVolume"": 33806576, ""lowPriceVolume"": 16377728}"
2026-07-31 00:00:00+00:00,1785456000,6,5,31190552,17187677,48378229,20.0,1.0,48378229.0,48378229.0,2026-08-07T15:11:26.634526+00:00,timeseries_24h,556,"{""timestamp"": 1785456000, ""avgHighPrice"": 6, ""avgLowPrice"": 5, ""highPriceVolume"": 31190552, ""lowPriceVolume"": 17187677}"
2026-08-01 00:00:00+00:00,1785542400,6,5,34564394,17766054,52330448,20.0,1.0,52330448.0,52330448.0,2026-08-07T15:11:26.634526+00:00,timeseries_24h,556,"{""timestamp"": 1785542400, ""avgHighPrice"": 6, ""avgLowPrice"": 5, ""highPriceVolume"": 34564394, ""lowPriceVolume"": 17766054}"
2026-08-02 00:00:00+00:00,1785628800,6,5,43074671,18850329,61925000,20.0,1.0,61925000.0,61925000.0,2026-08-07T15:11:26.634526+00:00,timeseries_24h,556,"{""timestamp"": 1785628800, ""avgHighPrice"": 6, ""avgLowPrice"": 5, ""highPriceVolume"": 43074671, ""lowPriceVolume"": 18850329}"
2026-08-03 00:00:00+00:00,1785715200,6,5,26818863,18118006,44936869,20.0,1.0,44936869.0,44936869.0,2026-08-07T15:11:26.634526+00:00,timeseries_24h,556,"{""timestamp"": 1785715200, ""avgHighPrice"": 6, ""avgLowPrice"": 5, ""highPriceVolume"": 26818863, ""lowPriceVolume"": 18118006}"
2026-08-04 00:00:00+00:00,1785801600,6,5,31343178,14218471,45561649,20.0,1.0,45561649.0,45561649.0,2026-08-07T15:11:26.634526+00:00,timeseries_24h,556,"{""timestamp"": 1785801600, ""avgHighPrice"": 6, ""avgLowPrice"": 5, ""highPriceVolume"": 31343178, ""lowPriceVolume"": 14218471}"
2026-08-05 00:00:00+00:00,1785888000,6,5,33537037,17760617,51297654,20.0,1.0,51297654.0,51297654.0,2026-08-07T15:11:26.634526+00:00,timeseries_24h,556,"{""timestamp"": 1785888000, ""avgHighPrice"": 6, ""avgLowPrice"": 5, ""highPriceVolume"": 33537037, ""lowPriceVolume"": 17760617}"
