ds,timestamp,avgHighPrice,avgLowPrice,highPriceVolume,lowPriceVolume,daily_volume,roi,margin,potential_profit,margin_x_volume,fetched_at,source,item_id,_raw_json
2025-08-08 00:00:00+00:00,1754611200,2164.0,2145,165239,1177259,1342498,0.8857808857808859,19.0,25507462.0,25507462.0,2026-08-07T15:14:30.704460+00:00,timeseries_24h,1749,"{""timestamp"": 1754611200, ""avgHighPrice"": 2164, ""avgLowPrice"": 2145, ""highPriceVolume"": 165239, ""lowPriceVolume"": 1177259}"
2025-08-09 00:00:00+00:00,1754697600,2124.0,2113,213012,963334,1176346,0.5205868433506862,11.0,12939806.0,12939806.0,2026-08-07T15:14:30.704460+00:00,timeseries_24h,1749,"{""timestamp"": 1754697600, ""avgHighPrice"": 2124, ""avgLowPrice"": 2113, ""highPriceVolume"": 213012, ""lowPriceVolume"": 963334}"
2025-08-10 00:00:00+00:00,1754784000,2105.0,2088,181325,1117042,1298367,0.814176245210728,17.0,22072239.0,22072239.0,2026-08-07T15:14:30.704460+00:00,timeseries_24h,1749,"{""timestamp"": 1754784000, ""avgHighPrice"": 2105, ""avgLowPrice"": 2088, ""highPriceVolume"": 181325, ""lowPriceVolume"": 1117042}"
2025-08-11 00:00:00+00:00,1754870400,2135.0,2130,81920,1089978,1171898,0.2347417840375587,5.0,5859490.0,5859490.0,2026-08-07T15:14:30.704460+00:00,timeseries_24h,1749,"{""timestamp"": 1754870400, ""avgHighPrice"": 2135, ""avgLowPrice"": 2130, ""highPriceVolume"": 81920, ""lowPriceVolume"": 1089978}"
2025-08-12 00:00:00+00:00,1754956800,2100.0,2095,127490,902757,1030247,0.23866348448687352,5.0,5151235.0,5151235.0,2026-08-07T15:14:30.704460+00:00,timeseries_24h,1749,"{""timestamp"": 1754956800, ""avgHighPrice"": 2100, ""avgLowPrice"": 2095, ""highPriceVolume"": 127490, ""lowPriceVolume"": 902757}"
2025-08-13 00:00:00+00:00,1755043200,2003.0,1981,153197,977097,1130294,1.110550227158001,22.0,24866468.0,24866468.0,2026-08-07T15:14:30.704460+00:00,timeseries_24h,1749,"{""timestamp"": 1755043200, ""avgHighPrice"": 2003, ""avgLowPrice"": 1981, ""highPriceVolume"": 153197, ""lowPriceVolume"": 977097}"
2025-08-14 00:00:00+00:00,1755129600,1988.0,1963,254801,866650,1121451,1.273560876209883,25.0,28036275.0,28036275.0,2026-08-07T15:14:30.704460+00:00,timeseries_24h,1749,"{""timestamp"": 1755129600, ""avgHighPrice"": 1988, ""avgLowPrice"": 1963, ""highPriceVolume"": 254801, ""lowPriceVolume"": 866650}"
2025-08-15 00:00:00+00:00,1755216000,1992.0,1980,277885,859202,1137087,0.6060606060606061,12.0,13645044.0,13645044.0,2026-08-07T15:14:30.704460+00:00,timeseries_24h,1749,"{""timestamp"": 1755216000, ""avgHighPrice"": 1992, ""avgLowPrice"": 1980, ""highPriceVolume"": 277885, ""lowPriceVolume"": 859202}"
2025-08-16 00:00:00+00:00,1755302400,2009.0,2001,224184,1229415,1453599,0.39980009995002497,8.0,11628792.0,11628792.0,2026-08-07T15:14:30.704460+00:00,timeseries_24h,1749,"{""timestamp"": 1755302400, ""avgHighPrice"": 2009, ""avgLowPrice"": 2001, ""highPriceVolume"": 224184, ""lowPriceVolume"": 1229415}"
2025-08-17 00:00:00+00:00,1755388800,2005.0,1992,282880,1174110,1456990,0.6526104417670683,13.0,18940870.0,18940870.0,2026-08-07T15:14:30.704460+00:00,timeseries_24h,1749,"{""timestamp"": 1755388800, ""avgHighPrice"": 2005, ""avgLowPrice"": 1992, ""highPriceVolume"": 282880, ""lowPriceVolume"": 1174110}"
2025-08-18 00:00:00+00:00,1755475200,2045.0,2035,231538,961324,1192862,0.4914004914004914,10.0,11928620.0,11928620.0,2026-08-07T15:14:30.704460+00:00,timeseries_24h,1749,"{""timestamp"": 1755475200, ""avgHighPrice"": 2045, ""avgLowPrice"": 2035, ""highPriceVolume"": 231538, ""lowPriceVolume"": 961324}"
2025-08-19 00:00:00+00:00,1755561600,2074.0,2057,156807,974015,1130822,0.8264462809917356,17.0,19223974.0,19223974.0,2026-08-07T15:14:30.704460+00:00,timeseries_24h,1749,"{""timestamp"": 1755561600, ""avgHighPrice"": 2074, ""avgLowPrice"": 2057, ""highPriceVolume"": 156807, ""lowPriceVolume"": 974015}"
2025-08-20 00:00:00+00:00,1755648000,2048.0,2033,194192,868326,1062518,0.7378258730939499,15.0,15937770.0,15937770.0,2026-08-07T15:14:30.704460+00:00,timeseries_24h,1749,"{""timestamp"": 1755648000, ""avgHighPrice"": 2048, ""avgLowPrice"": 2033, ""highPriceVolume"": 194192, ""lowPriceVolume"": 868326}"
2025-08-21 00:00:00+00:00,1755734400,2026.0,2009,214822,1078141,1292963,0.8461921353907417,17.0,21980371.0,21980371.0,2026-08-07T15:14:30.704460+00:00,timeseries_24h,1749,"{""timestamp"": 1755734400, ""avgHighPrice"": 2026, ""avgLowPrice"": 2009, ""highPriceVolume"": 214822, ""lowPriceVolume"": 1078141}"
2025-08-22 00:00:00+00:00,1755820800,2004.0,1997,245505,1129398,1374903,0.35052578868302453,7.0,9624321.0,9624321.0,2026-08-07T15:14:30.704460+00:00,timeseries_24h,1749,"{""timestamp"": 1755820800, ""avgHighPrice"": 2004, ""avgLowPrice"": 1997, ""highPriceVolume"": 245505, ""lowPriceVolume"": 1129398}"
2025-08-23 00:00:00+00:00,1755907200,2074.0,2054,120553,1207264,1327817,0.9737098344693282,20.0,26556340.0,26556340.0,2026-08-07T15:14:30.704460+00:00,timeseries_24h,1749,"{""timestamp"": 1755907200, ""avgHighPrice"": 2074, ""avgLowPrice"": 2054, ""highPriceVolume"": 120553, ""lowPriceVolume"": 1207264}"
2025-08-24 00:00:00+00:00,1755993600,2110.0,2082,146336,1183305,1329641,1.344860710854947,28.0,37229948.0,37229948.0,2026-08-07T15:14:30.704460+00:00,timeseries_24h,1749,"{""timestamp"": 1755993600, ""avgHighPrice"": 2110, ""avgLowPrice"": 2082, ""highPriceVolume"": 146336, ""lowPriceVolume"": 1183305}"
2025-08-25 00:00:00+00:00,1756080000,2136.0,2121,192571,1003846,1196417,0.7072135785007072,15.0,17946255.0,17946255.0,2026-08-07T15:14:30.704460+00:00,timeseries_24h,1749,"{""timestamp"": 1756080000, ""avgHighPrice"": 2136, ""avgLowPrice"": 2121, ""highPriceVolume"": 192571, ""lowPriceVolume"": 1003846}"
2025-08-26 00:00:00+00:00,1756166400,2103.0,2102,156096,933915,1090011,0.04757373929590866,1.0,1090011.0,1090011.0,2026-08-07T15:14:30.704460+00:00,timeseries_24h,1749,"{""timestamp"": 1756166400, ""avgHighPrice"": 2103, ""avgLowPrice"": 2102, ""highPriceVolume"": 156096, ""lowPriceVolume"": 933915}"
2025-08-27 00:00:00+00:00,1756252800,2021.0,2008,341892,919658,1261550,0.647410358565737,13.0,16400150.0,16400150.0,2026-08-07T15:14:30.704460+00:00,timeseries_24h,1749,"{""timestamp"": 1756252800, ""avgHighPrice"": 2021, ""avgLowPrice"": 2008, ""highPriceVolume"": 341892, ""lowPriceVolume"": 919658}"
2025-08-28 00:00:00+00:00,1756339200,2080.0,2080,193695,1087095,1280790,0.0,0.0,0.0,0.0,2026-08-07T15:14:30.704460+00:00,timeseries_24h,1749,"{""timestamp"": 1756339200, ""avgHighPrice"": 2080, ""avgLowPrice"": 2080, ""highPriceVolume"": 193695, ""lowPriceVolume"": 1087095}"
2025-08-29 00:00:00+00:00,1756425600,2083.0,2086,166222,942973,1109195,-0.14381591562799617,-3.0,-3327585.0,-3327585.0,2026-08-07T15:14:30.704460+00:00,timeseries_24h,1749,"{""timestamp"": 1756425600, ""avgHighPrice"": 2083, ""avgLowPrice"": 2086, ""highPriceVolume"": 166222, ""lowPriceVolume"": 942973}"
2025-08-30 00:00:00+00:00,1756512000,2024.0,2020,195976,801308,997284,0.19801980198019803,4.0,3989136.0,3989136.0,2026-08-07T15:14:30.704460+00:00,timeseries_24h,1749,"{""timestamp"": 1756512000, ""avgHighPrice"": 2024, ""avgLowPrice"": 2020, ""highPriceVolume"": 195976, ""lowPriceVolume"": 801308}"
2025-08-31 00:00:00+00:00,1756598400,2053.0,2048,218194,1004352,1222546,0.244140625,5.0,6112730.0,6112730.0,2026-08-07T15:14:30.704460+00:00,timeseries_24h,1749,"{""timestamp"": 1756598400, ""avgHighPrice"": 2053, ""avgLowPrice"": 2048, ""highPriceVolume"": 218194, ""lowPriceVolume"": 1004352}"
2025-09-01 00:00:00+00:00,1756684800,1985.0,1967,367855,859467,1227322,0.9150991357397051,18.0,22091796.0,22091796.0,2026-08-07T15:14:30.704460+00:00,timeseries_24h,1749,"{""timestamp"": 1756684800, ""avgHighPrice"": 1985, ""avgLowPrice"": 1967, ""highPriceVolume"": 367855, ""lowPriceVolume"": 859467}"
2025-09-02 00:00:00+00:00,1756771200,2015.0,2005,378621,1080989,1459610,0.4987531172069825,10.0,14596100.0,14596100.0,2026-08-07T15:14:30.704460+00:00,timeseries_24h,1749,"{""timestamp"": 1756771200, ""avgHighPrice"": 2015, ""avgLowPrice"": 2005, ""highPriceVolume"": 378621, ""lowPriceVolume"": 1080989}"
2025-09-03 00:00:00+00:00,1756857600,2011.0,2004,228246,921536,1149782,0.34930139720558884,7.0,8048474.0,8048474.0,2026-08-07T15:14:30.704460+00:00,timeseries_24h,1749,"{""timestamp"": 1756857600, ""avgHighPrice"": 2011, ""avgLowPrice"": 2004, ""highPriceVolume"": 228246, ""lowPriceVolume"": 921536}"
2025-09-04 00:00:00+00:00,1756944000,2013.0,2008,350920,809484,1160404,0.24900398406374502,5.0,5802020.0,5802020.0,2026-08-07T15:14:30.704460+00:00,timeseries_24h,1749,"{""timestamp"": 1756944000, ""avgHighPrice"": 2013, ""avgLowPrice"": 2008, ""highPriceVolume"": 350920, ""lowPriceVolume"": 809484}"
2025-09-05 00:00:00+00:00,1757030400,2092.0,2077,154840,1028541,1183381,0.7221954742416947,15.0,17750715.0,17750715.0,2026-08-07T15:14:30.704460+00:00,timeseries_24h,1749,"{""timestamp"": 1757030400, ""avgHighPrice"": 2092, ""avgLowPrice"": 2077, ""highPriceVolume"": 154840, ""lowPriceVolume"": 1028541}"
2025-09-06 00:00:00+00:00,1757116800,2079.0,2087,127323,1032276,1159599,-0.3833253473885961,-8.0,-9276792.0,-9276792.0,2026-08-07T15:14:30.704460+00:00,timeseries_24h,1749,"{""timestamp"": 1757116800, ""avgHighPrice"": 2079, ""avgLowPrice"": 2087, ""highPriceVolume"": 127323, ""lowPriceVolume"": 1032276}"
2025-09-07 00:00:00+00:00,1757203200,2116.0,2099,87513,976689,1064202,0.8099094807050977,17.0,18091434.0,18091434.0,2026-08-07T15:14:30.704460+00:00,timeseries_24h,1749,"{""timestamp"": 1757203200, ""avgHighPrice"": 2116, ""avgLowPrice"": 2099, ""highPriceVolume"": 87513, ""lowPriceVolume"": 976689}"
2025-09-08 00:00:00+00:00,1757289600,2051.0,2030,200296,836238,1036534,1.0344827586206897,21.0,21767214.0,21767214.0,2026-08-07T15:14:30.704460+00:00,timeseries_24h,1749,"{""timestamp"": 1757289600, ""avgHighPrice"": 2051, ""avgLowPrice"": 2030, ""highPriceVolume"": 200296, ""lowPriceVolume"": 836238}"
2025-09-09 00:00:00+00:00,1757376000,2065.0,2047,182576,949441,1132017,0.8793356130923302,18.0,20376306.0,20376306.0,2026-08-07T15:14:30.704460+00:00,timeseries_24h,1749,"{""timestamp"": 1757376000, ""avgHighPrice"": 2065, ""avgLowPrice"": 2047, ""highPriceVolume"": 182576, ""lowPriceVolume"": 949441}"
2025-09-10 00:00:00+00:00,1757462400,2072.0,2065,127024,948805,1075829,0.3389830508474576,7.0,7530803.0,7530803.0,2026-08-07T15:14:30.704460+00:00,timeseries_24h,1749,"{""timestamp"": 1757462400, ""avgHighPrice"": 2072, ""avgLowPrice"": 2065, ""highPriceVolume"": 127024, ""lowPriceVolume"": 948805}"
2025-09-11 00:00:00+00:00,1757548800,2099.0,2092,68326,910574,978900,0.33460803059273425,7.0,6852300.0,6852300.0,2026-08-07T15:14:30.704460+00:00,timeseries_24h,1749,"{""timestamp"": 1757548800, ""avgHighPrice"": 2099, ""avgLowPrice"": 2092, ""highPriceVolume"": 68326, ""lowPriceVolume"": 910574}"
2025-09-12 00:00:00+00:00,1757635200,2163.0,2141,42839,689149,731988,1.027557216254087,22.0,16103736.0,16103736.0,2026-08-07T15:14:30.704460+00:00,timeseries_24h,1749,"{""timestamp"": 1757635200, ""avgHighPrice"": 2163, ""avgLowPrice"": 2141, ""highPriceVolume"": 42839, ""lowPriceVolume"": 689149}"
2025-09-13 00:00:00+00:00,1757721600,2210.0,2173,27445,756874,784319,1.7027151403589507,37.0,29019803.0,29019803.0,2026-08-07T15:14:30.704460+00:00,timeseries_24h,1749,"{""timestamp"": 1757721600, ""avgHighPrice"": 2210, ""avgLowPrice"": 2173, ""highPriceVolume"": 27445, ""lowPriceVolume"": 756874}"
2025-09-14 00:00:00+00:00,1757808000,2230.0,2215,46565,783075,829640,0.6772009029345373,15.0,12444600.0,12444600.0,2026-08-07T15:14:30.704460+00:00,timeseries_24h,1749,"{""timestamp"": 1757808000, ""avgHighPrice"": 2230, ""avgLowPrice"": 2215, ""highPriceVolume"": 46565, ""lowPriceVolume"": 783075}"
2025-09-15 00:00:00+00:00,1757894400,2232.0,2217,126157,691240,817397,0.6765899864682002,15.0,12260955.0,12260955.0,2026-08-07T15:14:30.704460+00:00,timeseries_24h,1749,"{""timestamp"": 1757894400, ""avgHighPrice"": 2232, ""avgLowPrice"": 2217, ""highPriceVolume"": 126157, ""lowPriceVolume"": 691240}"
2025-09-16 00:00:00+00:00,1757980800,2279.0,2242,104145,621565,725710,1.650312221231044,37.0,26851270.0,26851270.0,2026-08-07T15:14:30.704460+00:00,timeseries_24h,1749,"{""timestamp"": 1757980800, ""avgHighPrice"": 2279, ""avgLowPrice"": 2242, ""highPriceVolume"": 104145, ""lowPriceVolume"": 621565}"
2025-09-17 00:00:00+00:00,1758067200,2219.0,2219,97713,644149,741862,0.0,0.0,0.0,0.0,2026-08-07T15:14:30.704460+00:00,timeseries_24h,1749,"{""timestamp"": 1758067200, ""avgHighPrice"": 2219, ""avgLowPrice"": 2219, ""highPriceVolume"": 97713, ""lowPriceVolume"": 644149}"
2025-09-18 00:00:00+00:00,1758153600,2216.0,2192,155396,668311,823707,1.094890510948905,24.0,19768968.0,19768968.0,2026-08-07T15:14:30.704460+00:00,timeseries_24h,1749,"{""timestamp"": 1758153600, ""avgHighPrice"": 2216, ""avgLowPrice"": 2192, ""highPriceVolume"": 155396, ""lowPriceVolume"": 668311}"
2025-09-19 00:00:00+00:00,1758240000,2246.0,2234,70711,708838,779549,0.5371530886302597,12.0,9354588.0,9354588.0,2026-08-07T15:14:30.704460+00:00,timeseries_24h,1749,"{""timestamp"": 1758240000, ""avgHighPrice"": 2246, ""avgLowPrice"": 2234, ""highPriceVolume"": 70711, ""lowPriceVolume"": 708838}"
2025-09-20 00:00:00+00:00,1758326400,2216.0,2214,137878,615435,753313,0.09033423667570009,2.0,1506626.0,1506626.0,2026-08-07T15:14:30.704460+00:00,timeseries_24h,1749,"{""timestamp"": 1758326400, ""avgHighPrice"": 2216, ""avgLowPrice"": 2214, ""highPriceVolume"": 137878, ""lowPriceVolume"": 615435}"
2025-09-21 00:00:00+00:00,1758412800,2180.0,2154,234419,853389,1087808,1.2070566388115136,26.0,28283008.0,28283008.0,2026-08-07T15:14:30.704460+00:00,timeseries_24h,1749,"{""timestamp"": 1758412800, ""avgHighPrice"": 2180, ""avgLowPrice"": 2154, ""highPriceVolume"": 234419, ""lowPriceVolume"": 853389}"
2025-09-22 00:00:00+00:00,1758499200,2189.0,2202,65472,782796,848268,-0.5903723887375113,-13.0,-11027484.0,-11027484.0,2026-08-07T15:14:30.704460+00:00,timeseries_24h,1749,"{""timestamp"": 1758499200, ""avgHighPrice"": 2189, ""avgLowPrice"": 2202, ""highPriceVolume"": 65472, ""lowPriceVolume"": 782796}"
2025-09-23 00:00:00+00:00,1758585600,2176.0,2162,123058,702560,825618,0.6475485661424607,14.0,11558652.0,11558652.0,2026-08-07T15:14:30.704460+00:00,timeseries_24h,1749,"{""timestamp"": 1758585600, ""avgHighPrice"": 2176, ""avgLowPrice"": 2162, ""highPriceVolume"": 123058, ""lowPriceVolume"": 702560}"
2025-09-24 00:00:00+00:00,1758672000,2169.0,2148,134300,703181,837481,0.9776536312849162,21.0,17587101.0,17587101.0,2026-08-07T15:14:30.704460+00:00,timeseries_24h,1749,"{""timestamp"": 1758672000, ""avgHighPrice"": 2169, ""avgLowPrice"": 2148, ""highPriceVolume"": 134300, ""lowPriceVolume"": 703181}"
2025-09-25 00:00:00+00:00,1758758400,2192.0,2186,89358,744869,834227,0.2744739249771272,6.0,5005362.0,5005362.0,2026-08-07T15:14:30.704460+00:00,timeseries_24h,1749,"{""timestamp"": 1758758400, ""avgHighPrice"": 2192, ""avgLowPrice"": 2186, ""highPriceVolume"": 89358, ""lowPriceVolume"": 744869}"
2025-09-26 00:00:00+00:00,1758844800,,2183,0,5653,5653,,,,,2026-08-07T15:14:30.704460+00:00,timeseries_24h,1749,"{""timestamp"": 1758844800, ""avgHighPrice"": null, ""avgLowPrice"": 2183, ""highPriceVolume"": 0, ""lowPriceVolume"": 5653}"
2025-09-27 00:00:00+00:00,1758931200,2294.0,2269,114119,754762,868881,1.101806963420009,25.0,21722025.0,21722025.0,2026-08-07T15:14:30.704460+00:00,timeseries_24h,1749,"{""timestamp"": 1758931200, ""avgHighPrice"": 2294, ""avgLowPrice"": 2269, ""highPriceVolume"": 114119, ""lowPriceVolume"": 754762}"
2025-09-28 00:00:00+00:00,1759017600,2274.0,2261,97788,786693,884481,0.574966828836798,13.0,11498253.0,11498253.0,2026-08-07T15:14:30.704460+00:00,timeseries_24h,1749,"{""timestamp"": 1759017600, ""avgHighPrice"": 2274, ""avgLowPrice"": 2261, ""highPriceVolume"": 97788, ""lowPriceVolume"": 786693}"
2025-09-29 00:00:00+00:00,1759104000,2224.0,2212,97585,680791,778376,0.5424954792043399,12.0,9340512.0,9340512.0,2026-08-07T15:14:30.704460+00:00,timeseries_24h,1749,"{""timestamp"": 1759104000, ""avgHighPrice"": 2224, ""avgLowPrice"": 2212, ""highPriceVolume"": 97585, ""lowPriceVolume"": 680791}"
2025-09-30 00:00:00+00:00,1759190400,2201.0,2179,141670,727908,869578,1.0096374483708122,22.0,19130716.0,19130716.0,2026-08-07T15:14:30.704460+00:00,timeseries_24h,1749,"{""timestamp"": 1759190400, ""avgHighPrice"": 2201, ""avgLowPrice"": 2179, ""highPriceVolume"": 141670, ""lowPriceVolume"": 727908}"
2025-10-01 00:00:00+00:00,1759276800,2203.0,2187,126835,705660,832495,0.7315957933241883,16.0,13319920.0,13319920.0,2026-08-07T15:14:30.704460+00:00,timeseries_24h,1749,"{""timestamp"": 1759276800, ""avgHighPrice"": 2203, ""avgLowPrice"": 2187, ""highPriceVolume"": 126835, ""lowPriceVolume"": 705660}"
2025-10-02 00:00:00+00:00,1759363200,2221.0,2211,104997,815108,920105,0.45228403437358666,10.0,9201050.0,9201050.0,2026-08-07T15:14:30.704460+00:00,timeseries_24h,1749,"{""timestamp"": 1759363200, ""avgHighPrice"": 2221, ""avgLowPrice"": 2211, ""highPriceVolume"": 104997, ""lowPriceVolume"": 815108}"
2025-10-03 00:00:00+00:00,1759449600,2246.0,2238,52246,753085,805331,0.3574620196604111,8.0,6442648.0,6442648.0,2026-08-07T15:14:30.704460+00:00,timeseries_24h,1749,"{""timestamp"": 1759449600, ""avgHighPrice"": 2246, ""avgLowPrice"": 2238, ""highPriceVolume"": 52246, ""lowPriceVolume"": 753085}"
2025-10-04 00:00:00+00:00,1759536000,2253.0,2251,54168,963374,1017542,0.0888494002665482,2.0,2035084.0,2035084.0,2026-08-07T15:14:30.704460+00:00,timeseries_24h,1749,"{""timestamp"": 1759536000, ""avgHighPrice"": 2253, ""avgLowPrice"": 2251, ""highPriceVolume"": 54168, ""lowPriceVolume"": 963374}"
2025-10-05 00:00:00+00:00,1759622400,2275.0,2259,187239,895242,1082481,0.7082779991146525,16.0,17319696.0,17319696.0,2026-08-07T15:14:30.704460+00:00,timeseries_24h,1749,"{""timestamp"": 1759622400, ""avgHighPrice"": 2275, ""avgLowPrice"": 2259, ""highPriceVolume"": 187239, ""lowPriceVolume"": 895242}"
2025-10-06 00:00:00+00:00,1759708800,2334.0,2314,104830,891571,996401,0.864304235090752,20.0,19928020.0,19928020.0,2026-08-07T15:14:30.704460+00:00,timeseries_24h,1749,"{""timestamp"": 1759708800, ""avgHighPrice"": 2334, ""avgLowPrice"": 2314, ""highPriceVolume"": 104830, ""lowPriceVolume"": 891571}"
2025-10-07 00:00:00+00:00,1759795200,2295.0,2274,174158,810265,984423,0.9234828496042217,21.0,20672883.0,20672883.0,2026-08-07T15:14:30.704460+00:00,timeseries_24h,1749,"{""timestamp"": 1759795200, ""avgHighPrice"": 2295, ""avgLowPrice"": 2274, ""highPriceVolume"": 174158, ""lowPriceVolume"": 810265}"
2025-10-08 00:00:00+00:00,1759881600,2273.0,2246,135893,731418,867311,1.2021371326803205,27.0,23417397.0,23417397.0,2026-08-07T15:14:30.704460+00:00,timeseries_24h,1749,"{""timestamp"": 1759881600, ""avgHighPrice"": 2273, ""avgLowPrice"": 2246, ""highPriceVolume"": 135893, ""lowPriceVolume"": 731418}"
2025-10-09 00:00:00+00:00,1759968000,2250.0,2236,115114,749037,864151,0.6261180679785331,14.0,12098114.0,12098114.0,2026-08-07T15:14:30.704460+00:00,timeseries_24h,1749,"{""timestamp"": 1759968000, ""avgHighPrice"": 2250, ""avgLowPrice"": 2236, ""highPriceVolume"": 115114, ""lowPriceVolume"": 749037}"
2025-10-10 00:00:00+00:00,1760054400,2260.0,2233,135382,794589,929971,1.2091356918943126,27.0,25109217.0,25109217.0,2026-08-07T15:14:30.704460+00:00,timeseries_24h,1749,"{""timestamp"": 1760054400, ""avgHighPrice"": 2260, ""avgLowPrice"": 2233, ""highPriceVolume"": 135382, ""lowPriceVolume"": 794589}"
2025-10-11 00:00:00+00:00,1760140800,2208.0,2183,190322,783594,973916,1.1452130096197892,25.0,24347900.0,24347900.0,2026-08-07T15:14:30.704460+00:00,timeseries_24h,1749,"{""timestamp"": 1760140800, ""avgHighPrice"": 2208, ""avgLowPrice"": 2183, ""highPriceVolume"": 190322, ""lowPriceVolume"": 783594}"
2025-10-12 00:00:00+00:00,1760227200,2169.0,2142,194780,889063,1083843,1.2605042016806722,27.0,29263761.0,29263761.0,2026-08-07T15:14:30.704460+00:00,timeseries_24h,1749,"{""timestamp"": 1760227200, ""avgHighPrice"": 2169, ""avgLowPrice"": 2142, ""highPriceVolume"": 194780, ""lowPriceVolume"": 889063}"
2025-10-13 00:00:00+00:00,1760313600,2149.0,2143,122012,937071,1059083,0.2799813345776948,6.0,6354498.0,6354498.0,2026-08-07T15:14:30.704460+00:00,timeseries_24h,1749,"{""timestamp"": 1760313600, ""avgHighPrice"": 2149, ""avgLowPrice"": 2143, ""highPriceVolume"": 122012, ""lowPriceVolume"": 937071}"
2025-10-14 00:00:00+00:00,1760400000,2169.0,2174,85600,759350,844950,-0.22999080036798528,-5.0,-4224750.0,-4224750.0,2026-08-07T15:14:30.704460+00:00,timeseries_24h,1749,"{""timestamp"": 1760400000, ""avgHighPrice"": 2169, ""avgLowPrice"": 2174, ""highPriceVolume"": 85600, ""lowPriceVolume"": 759350}"
2025-10-15 00:00:00+00:00,1760486400,2143.0,2146,113847,819601,933448,-0.13979496738117428,-3.0,-2800344.0,-2800344.0,2026-08-07T15:14:30.704460+00:00,timeseries_24h,1749,"{""timestamp"": 1760486400, ""avgHighPrice"": 2143, ""avgLowPrice"": 2146, ""highPriceVolume"": 113847, ""lowPriceVolume"": 819601}"
2025-10-16 00:00:00+00:00,1760572800,2114.0,2071,163372,653976,817348,2.0762916465475616,43.0,35145964.0,35145964.0,2026-08-07T15:14:30.704460+00:00,timeseries_24h,1749,"{""timestamp"": 1760572800, ""avgHighPrice"": 2114, ""avgLowPrice"": 2071, ""highPriceVolume"": 163372, ""lowPriceVolume"": 653976}"
2025-10-17 00:00:00+00:00,1760659200,2091.0,2076,102357,705141,807498,0.7225433526011561,15.0,12112470.0,12112470.0,2026-08-07T15:14:30.704460+00:00,timeseries_24h,1749,"{""timestamp"": 1760659200, ""avgHighPrice"": 2091, ""avgLowPrice"": 2076, ""highPriceVolume"": 102357, ""lowPriceVolume"": 705141}"
2025-10-18 00:00:00+00:00,1760745600,2020.0,2009,149636,750101,899737,0.5475360876057741,11.0,9897107.0,9897107.0,2026-08-07T15:14:30.704460+00:00,timeseries_24h,1749,"{""timestamp"": 1760745600, ""avgHighPrice"": 2020, ""avgLowPrice"": 2009, ""highPriceVolume"": 149636, ""lowPriceVolume"": 750101}"
2025-10-19 00:00:00+00:00,1760832000,1997.0,1983,141190,721444,862634,0.7060010085728694,14.0,12076876.0,12076876.0,2026-08-07T15:14:30.704460+00:00,timeseries_24h,1749,"{""timestamp"": 1760832000, ""avgHighPrice"": 1997, ""avgLowPrice"": 1983, ""highPriceVolume"": 141190, ""lowPriceVolume"": 721444}"
2025-10-20 00:00:00+00:00,1760918400,2006.0,1989,145014,799924,944938,0.8547008547008548,17.0,16063946.0,16063946.0,2026-08-07T15:14:30.704460+00:00,timeseries_24h,1749,"{""timestamp"": 1760918400, ""avgHighPrice"": 2006, ""avgLowPrice"": 1989, ""highPriceVolume"": 145014, ""lowPriceVolume"": 799924}"
2025-10-21 00:00:00+00:00,1761004800,2005.0,1999,97789,882495,980284,0.3001500750375188,6.0,5881704.0,5881704.0,2026-08-07T15:14:30.704460+00:00,timeseries_24h,1749,"{""timestamp"": 1761004800, ""avgHighPrice"": 2005, ""avgLowPrice"": 1999, ""highPriceVolume"": 97789, ""lowPriceVolume"": 882495}"
2025-10-22 00:00:00+00:00,1761091200,2027.0,2030,66053,742784,808837,-0.1477832512315271,-3.0,-2426511.0,-2426511.0,2026-08-07T15:14:30.704460+00:00,timeseries_24h,1749,"{""timestamp"": 1761091200, ""avgHighPrice"": 2027, ""avgLowPrice"": 2030, ""highPriceVolume"": 66053, ""lowPriceVolume"": 742784}"
2025-10-23 00:00:00+00:00,1761177600,2036.0,2029,114571,795365,909936,0.34499753573188763,7.0,6369552.0,6369552.0,2026-08-07T15:14:30.704460+00:00,timeseries_24h,1749,"{""timestamp"": 1761177600, ""avgHighPrice"": 2036, ""avgLowPrice"": 2029, ""highPriceVolume"": 114571, ""lowPriceVolume"": 795365}"
2025-10-24 00:00:00+00:00,1761264000,2034.0,2033,109182,748280,857462,0.04918839153959665,1.0,857462.0,857462.0,2026-08-07T15:14:30.704460+00:00,timeseries_24h,1749,"{""timestamp"": 1761264000, ""avgHighPrice"": 2034, ""avgLowPrice"": 2033, ""highPriceVolume"": 109182, ""lowPriceVolume"": 748280}"
2025-10-25 00:00:00+00:00,1761350400,2026.0,2015,102583,954258,1056841,0.5459057071960298,11.0,11625251.0,11625251.0,2026-08-07T15:14:30.704460+00:00,timeseries_24h,1749,"{""timestamp"": 1761350400, ""avgHighPrice"": 2026, ""avgLowPrice"": 2015, ""highPriceVolume"": 102583, ""lowPriceVolume"": 954258}"
2025-10-26 00:00:00+00:00,1761436800,2020.0,1998,175302,878946,1054248,1.1011011011011012,22.0,23193456.0,23193456.0,2026-08-07T15:14:30.704460+00:00,timeseries_24h,1749,"{""timestamp"": 1761436800, ""avgHighPrice"": 2020, ""avgLowPrice"": 1998, ""highPriceVolume"": 175302, ""lowPriceVolume"": 878946}"
2025-10-27 00:00:00+00:00,1761523200,2045.0,2042,146130,826253,972383,0.14691478942213515,3.0,2917149.0,2917149.0,2026-08-07T15:14:30.704460+00:00,timeseries_24h,1749,"{""timestamp"": 1761523200, ""avgHighPrice"": 2045, ""avgLowPrice"": 2042, ""highPriceVolume"": 146130, ""lowPriceVolume"": 826253}"
2025-10-28 00:00:00+00:00,1761609600,2073.0,2072,94322,850945,945267,0.04826254826254826,1.0,945267.0,945267.0,2026-08-07T15:14:30.704460+00:00,timeseries_24h,1749,"{""timestamp"": 1761609600, ""avgHighPrice"": 2073, ""avgLowPrice"": 2072, ""highPriceVolume"": 94322, ""lowPriceVolume"": 850945}"
2025-10-29 00:00:00+00:00,1761696000,2078.0,2067,107180,697678,804858,0.5321722302854378,11.0,8853438.0,8853438.0,2026-08-07T15:14:30.704460+00:00,timeseries_24h,1749,"{""timestamp"": 1761696000, ""avgHighPrice"": 2078, ""avgLowPrice"": 2067, ""highPriceVolume"": 107180, ""lowPriceVolume"": 697678}"
2025-10-30 00:00:00+00:00,1761782400,2115.0,2113,81435,680820,762255,0.09465215333648841,2.0,1524510.0,1524510.0,2026-08-07T15:14:30.704460+00:00,timeseries_24h,1749,"{""timestamp"": 1761782400, ""avgHighPrice"": 2115, ""avgLowPrice"": 2113, ""highPriceVolume"": 81435, ""lowPriceVolume"": 680820}"
2025-10-31 00:00:00+00:00,1761868800,2103.0,2102,159224,711790,871014,0.04757373929590866,1.0,871014.0,871014.0,2026-08-07T15:14:30.704460+00:00,timeseries_24h,1749,"{""timestamp"": 1761868800, ""avgHighPrice"": 2103, ""avgLowPrice"": 2102, ""highPriceVolume"": 159224, ""lowPriceVolume"": 711790}"
2025-11-01 00:00:00+00:00,1761955200,2062.0,2043,146343,771852,918195,0.9300048947626041,19.0,17445705.0,17445705.0,2026-08-07T15:14:30.704460+00:00,timeseries_24h,1749,"{""timestamp"": 1761955200, ""avgHighPrice"": 2062, ""avgLowPrice"": 2043, ""highPriceVolume"": 146343, ""lowPriceVolume"": 771852}"
2025-11-02 00:00:00+00:00,1762041600,1940.0,1909,187605,878033,1065638,1.6238868517548455,31.0,33034778.0,33034778.0,2026-08-07T15:14:30.704460+00:00,timeseries_24h,1749,"{""timestamp"": 1762041600, ""avgHighPrice"": 1940, ""avgLowPrice"": 1909, ""highPriceVolume"": 187605, ""lowPriceVolume"": 878033}"
2025-11-03 00:00:00+00:00,1762128000,1945.0,1931,178350,755550,933900,0.7250129466597618,14.0,13074600.0,13074600.0,2026-08-07T15:14:30.704460+00:00,timeseries_24h,1749,"{""timestamp"": 1762128000, ""avgHighPrice"": 1945, ""avgLowPrice"": 1931, ""highPriceVolume"": 178350, ""lowPriceVolume"": 755550}"
2025-11-04 00:00:00+00:00,1762214400,1932.0,1929,150911,729092,880003,0.15552099533437014,3.0,2640009.0,2640009.0,2026-08-07T15:14:30.704460+00:00,timeseries_24h,1749,"{""timestamp"": 1762214400, ""avgHighPrice"": 1932, ""avgLowPrice"": 1929, ""highPriceVolume"": 150911, ""lowPriceVolume"": 729092}"
2025-11-05 00:00:00+00:00,1762300800,1967.0,1962,95050,709066,804116,0.254841997961264,5.0,4020580.0,4020580.0,2026-08-07T15:14:30.704460+00:00,timeseries_24h,1749,"{""timestamp"": 1762300800, ""avgHighPrice"": 1967, ""avgLowPrice"": 1962, ""highPriceVolume"": 95050, ""lowPriceVolume"": 709066}"
2025-11-06 00:00:00+00:00,1762387200,1951.0,1952,98845,784406,883251,-0.05122950819672131,-1.0,-883251.0,-883251.0,2026-08-07T15:14:30.704460+00:00,timeseries_24h,1749,"{""timestamp"": 1762387200, ""avgHighPrice"": 1951, ""avgLowPrice"": 1952, ""highPriceVolume"": 98845, ""lowPriceVolume"": 784406}"
2025-11-07 00:00:00+00:00,1762473600,1968.0,1968,202947,694200,897147,0.0,0.0,0.0,0.0,2026-08-07T15:14:30.704460+00:00,timeseries_24h,1749,"{""timestamp"": 1762473600, ""avgHighPrice"": 1968, ""avgLowPrice"": 1968, ""highPriceVolume"": 202947, ""lowPriceVolume"": 694200}"
2025-11-08 00:00:00+00:00,1762560000,1975.0,1973,193252,842120,1035372,0.10136847440446022,2.0,2070744.0,2070744.0,2026-08-07T15:14:30.704460+00:00,timeseries_24h,1749,"{""timestamp"": 1762560000, ""avgHighPrice"": 1975, ""avgLowPrice"": 1973, ""highPriceVolume"": 193252, ""lowPriceVolume"": 842120}"
2025-11-09 00:00:00+00:00,1762646400,1947.0,1942,232984,899539,1132523,0.25746652935118436,5.0,5662615.0,5662615.0,2026-08-07T15:14:30.704460+00:00,timeseries_24h,1749,"{""timestamp"": 1762646400, ""avgHighPrice"": 1947, ""avgLowPrice"": 1942, ""highPriceVolume"": 232984, ""lowPriceVolume"": 899539}"
2025-11-10 00:00:00+00:00,1762732800,1944.0,1942,226488,767491,993979,0.10298661174047373,2.0,1987958.0,1987958.0,2026-08-07T15:14:30.704460+00:00,timeseries_24h,1749,"{""timestamp"": 1762732800, ""avgHighPrice"": 1944, ""avgLowPrice"": 1942, ""highPriceVolume"": 226488, ""lowPriceVolume"": 767491}"
2025-11-11 00:00:00+00:00,1762819200,1953.0,1940,202855,818975,1021830,0.6701030927835051,13.0,13283790.0,13283790.0,2026-08-07T15:14:30.704460+00:00,timeseries_24h,1749,"{""timestamp"": 1762819200, ""avgHighPrice"": 1953, ""avgLowPrice"": 1940, ""highPriceVolume"": 202855, ""lowPriceVolume"": 818975}"
2025-11-12 00:00:00+00:00,1762905600,1980.0,1970,113451,789431,902882,0.5076142131979695,10.0,9028820.0,9028820.0,2026-08-07T15:14:30.704460+00:00,timeseries_24h,1749,"{""timestamp"": 1762905600, ""avgHighPrice"": 1980, ""avgLowPrice"": 1970, ""highPriceVolume"": 113451, ""lowPriceVolume"": 789431}"
2025-11-13 00:00:00+00:00,1762992000,2000.0,1996,116655,566214,682869,0.2004008016032064,4.0,2731476.0,2731476.0,2026-08-07T15:14:30.704460+00:00,timeseries_24h,1749,"{""timestamp"": 1762992000, ""avgHighPrice"": 2000, ""avgLowPrice"": 1996, ""highPriceVolume"": 116655, ""lowPriceVolume"": 566214}"
2025-11-14 00:00:00+00:00,1763078400,2036.0,2017,23500,114645,138145,0.9419930589985127,19.0,2624755.0,2624755.0,2026-08-07T15:14:30.704460+00:00,timeseries_24h,1749,"{""timestamp"": 1763078400, ""avgHighPrice"": 2036, ""avgLowPrice"": 2017, ""highPriceVolume"": 23500, ""lowPriceVolume"": 114645}"
2025-11-15 00:00:00+00:00,1763164800,1947.0,1916,21653,53565,75218,1.6179540709812108,31.0,2331758.0,2331758.0,2026-08-07T15:14:30.704460+00:00,timeseries_24h,1749,"{""timestamp"": 1763164800, ""avgHighPrice"": 1947, ""avgLowPrice"": 1916, ""highPriceVolume"": 21653, ""lowPriceVolume"": 53565}"
2025-11-16 00:00:00+00:00,1763251200,1940.0,1945,32742,50460,83202,-0.2570694087403599,-5.0,-416010.0,-416010.0,2026-08-07T15:14:30.704460+00:00,timeseries_24h,1749,"{""timestamp"": 1763251200, ""avgHighPrice"": 1940, ""avgLowPrice"": 1945, ""highPriceVolume"": 32742, ""lowPriceVolume"": 50460}"
2025-11-17 00:00:00+00:00,1763337600,1926.0,1933,57954,103128,161082,-0.3621314019658562,-7.0,-1127574.0,-1127574.0,2026-08-07T15:14:30.704460+00:00,timeseries_24h,1749,"{""timestamp"": 1763337600, ""avgHighPrice"": 1926, ""avgLowPrice"": 1933, ""highPriceVolume"": 57954, ""lowPriceVolume"": 103128}"
2025-11-18 00:00:00+00:00,1763424000,1984.0,1964,49118,159424,208542,1.0183299389002036,20.0,4170840.0,4170840.0,2026-08-07T15:14:30.704460+00:00,timeseries_24h,1749,"{""timestamp"": 1763424000, ""avgHighPrice"": 1984, ""avgLowPrice"": 1964, ""highPriceVolume"": 49118, ""lowPriceVolume"": 159424}"
2025-11-19 00:00:00+00:00,1763510400,2000.0,1983,33303,195167,228470,0.8572869389813415,17.0,3883990.0,3883990.0,2026-08-07T15:14:30.704460+00:00,timeseries_24h,1749,"{""timestamp"": 1763510400, ""avgHighPrice"": 2000, ""avgLowPrice"": 1983, ""highPriceVolume"": 33303, ""lowPriceVolume"": 195167}"
2025-11-20 00:00:00+00:00,1763596800,1936.0,1921,405,1511,1916,0.7808433107756376,15.0,28740.0,28740.0,2026-08-07T15:14:30.704460+00:00,timeseries_24h,1749,"{""timestamp"": 1763596800, ""avgHighPrice"": 1936, ""avgLowPrice"": 1921, ""highPriceVolume"": 405, ""lowPriceVolume"": 1511}"
2025-11-21 00:00:00+00:00,1763683200,1918.0,1912,181305,489829,671134,0.3138075313807531,6.0,4026804.0,4026804.0,2026-08-07T15:14:30.704460+00:00,timeseries_24h,1749,"{""timestamp"": 1763683200, ""avgHighPrice"": 1918, ""avgLowPrice"": 1912, ""highPriceVolume"": 181305, ""lowPriceVolume"": 489829}"
2025-11-22 00:00:00+00:00,1763769600,1889.0,1887,207538,500854,708392,0.10598834128245893,2.0,1416784.0,1416784.0,2026-08-07T15:14:30.704460+00:00,timeseries_24h,1749,"{""timestamp"": 1763769600, ""avgHighPrice"": 1889, ""avgLowPrice"": 1887, ""highPriceVolume"": 207538, ""lowPriceVolume"": 500854}"
2025-11-23 00:00:00+00:00,1763856000,1863.0,1839,198986,604874,803860,1.3050570962479608,24.0,19292640.0,19292640.0,2026-08-07T15:14:30.704460+00:00,timeseries_24h,1749,"{""timestamp"": 1763856000, ""avgHighPrice"": 1863, ""avgLowPrice"": 1839, ""highPriceVolume"": 198986, ""lowPriceVolume"": 604874}"
2025-11-24 00:00:00+00:00,1763942400,1802.0,1782,305460,490563,796023,1.122334455667789,20.0,15920460.0,15920460.0,2026-08-07T15:14:30.704460+00:00,timeseries_24h,1749,"{""timestamp"": 1763942400, ""avgHighPrice"": 1802, ""avgLowPrice"": 1782, ""highPriceVolume"": 305460, ""lowPriceVolume"": 490563}"
2025-11-25 00:00:00+00:00,1764028800,1851.0,1831,269895,746584,1016479,1.0922992900054616,20.0,20329580.0,20329580.0,2026-08-07T15:14:30.704460+00:00,timeseries_24h,1749,"{""timestamp"": 1764028800, ""avgHighPrice"": 1851, ""avgLowPrice"": 1831, ""highPriceVolume"": 269895, ""lowPriceVolume"": 746584}"
2025-11-26 00:00:00+00:00,1764115200,1856.0,1849,254038,718078,972116,0.3785830178474851,7.0,6804812.0,6804812.0,2026-08-07T15:14:30.704460+00:00,timeseries_24h,1749,"{""timestamp"": 1764115200, ""avgHighPrice"": 1856, ""avgLowPrice"": 1849, ""highPriceVolume"": 254038, ""lowPriceVolume"": 718078}"
2025-11-27 00:00:00+00:00,1764201600,1890.0,1874,186393,737031,923424,0.8537886872998933,16.0,14774784.0,14774784.0,2026-08-07T15:14:30.704460+00:00,timeseries_24h,1749,"{""timestamp"": 1764201600, ""avgHighPrice"": 1890, ""avgLowPrice"": 1874, ""highPriceVolume"": 186393, ""lowPriceVolume"": 737031}"
2025-11-28 00:00:00+00:00,1764288000,1872.0,1859,239522,725862,965384,0.6993006993006993,13.0,12549992.0,12549992.0,2026-08-07T15:14:30.704460+00:00,timeseries_24h,1749,"{""timestamp"": 1764288000, ""avgHighPrice"": 1872, ""avgLowPrice"": 1859, ""highPriceVolume"": 239522, ""lowPriceVolume"": 725862}"
2025-11-29 00:00:00+00:00,1764374400,1825.0,1798,343075,781890,1124965,1.5016685205784204,27.0,30374055.0,30374055.0,2026-08-07T15:14:30.704460+00:00,timeseries_24h,1749,"{""timestamp"": 1764374400, ""avgHighPrice"": 1825, ""avgLowPrice"": 1798, ""highPriceVolume"": 343075, ""lowPriceVolume"": 781890}"
2025-11-30 00:00:00+00:00,1764460800,1915.0,1899,114166,827216,941382,0.842548709847288,16.0,15062112.0,15062112.0,2026-08-07T15:14:30.704460+00:00,timeseries_24h,1749,"{""timestamp"": 1764460800, ""avgHighPrice"": 1915, ""avgLowPrice"": 1899, ""highPriceVolume"": 114166, ""lowPriceVolume"": 827216}"
2025-12-01 00:00:00+00:00,1764547200,1966.0,1910,136915,830530,967445,2.931937172774869,56.0,54176920.0,54176920.0,2026-08-07T15:14:30.704460+00:00,timeseries_24h,1749,"{""timestamp"": 1764547200, ""avgHighPrice"": 1966, ""avgLowPrice"": 1910, ""highPriceVolume"": 136915, ""lowPriceVolume"": 830530}"
2025-12-02 00:00:00+00:00,1764633600,1923.0,1933,259370,793194,1052564,-0.5173305742369374,-10.0,-10525640.0,-10525640.0,2026-08-07T15:14:30.704460+00:00,timeseries_24h,1749,"{""timestamp"": 1764633600, ""avgHighPrice"": 1923, ""avgLowPrice"": 1933, ""highPriceVolume"": 259370, ""lowPriceVolume"": 793194}"
2025-12-03 00:00:00+00:00,1764720000,1889.0,1882,39974,173101,213075,0.37194473963868224,7.0,1491525.0,1491525.0,2026-08-07T15:14:30.704460+00:00,timeseries_24h,1749,"{""timestamp"": 1764720000, ""avgHighPrice"": 1889, ""avgLowPrice"": 1882, ""highPriceVolume"": 39974, ""lowPriceVolume"": 173101}"
2025-12-04 00:00:00+00:00,1764806400,1899.0,1910,19611,259705,279316,-0.5759162303664921,-11.0,-3072476.0,-3072476.0,2026-08-07T15:14:30.704460+00:00,timeseries_24h,1749,"{""timestamp"": 1764806400, ""avgHighPrice"": 1899, ""avgLowPrice"": 1910, ""highPriceVolume"": 19611, ""lowPriceVolume"": 259705}"
2025-12-05 00:00:00+00:00,1764892800,1901.0,1876,198389,539889,738278,1.3326226012793176,25.0,18456950.0,18456950.0,2026-08-07T15:14:30.704460+00:00,timeseries_24h,1749,"{""timestamp"": 1764892800, ""avgHighPrice"": 1901, ""avgLowPrice"": 1876, ""highPriceVolume"": 198389, ""lowPriceVolume"": 539889}"
2025-12-06 00:00:00+00:00,1764979200,1892.0,1884,48196,198550,246746,0.42462845010615713,8.0,1973968.0,1973968.0,2026-08-07T15:14:30.704460+00:00,timeseries_24h,1749,"{""timestamp"": 1764979200, ""avgHighPrice"": 1892, ""avgLowPrice"": 1884, ""highPriceVolume"": 48196, ""lowPriceVolume"": 198550}"
2025-12-07 00:00:00+00:00,1765065600,1884.0,1871,403971,976457,1380428,0.694815606627472,13.0,17945564.0,17945564.0,2026-08-07T15:14:30.704460+00:00,timeseries_24h,1749,"{""timestamp"": 1765065600, ""avgHighPrice"": 1884, ""avgLowPrice"": 1871, ""highPriceVolume"": 403971, ""lowPriceVolume"": 976457}"
2025-12-08 00:00:00+00:00,1765152000,1891.0,1853,365976,816341,1182317,2.0507285483000537,38.0,44928046.0,44928046.0,2026-08-07T15:14:30.704460+00:00,timeseries_24h,1749,"{""timestamp"": 1765152000, ""avgHighPrice"": 1891, ""avgLowPrice"": 1853, ""highPriceVolume"": 365976, ""lowPriceVolume"": 816341}"
2025-12-09 00:00:00+00:00,1765238400,1900.0,1867,384743,920413,1305156,1.7675415104445635,33.0,43070148.0,43070148.0,2026-08-07T15:14:30.704460+00:00,timeseries_24h,1749,"{""timestamp"": 1765238400, ""avgHighPrice"": 1900, ""avgLowPrice"": 1867, ""highPriceVolume"": 384743, ""lowPriceVolume"": 920413}"
2025-12-10 00:00:00+00:00,1765324800,1967.0,1916,277277,917587,1194864,2.661795407098121,51.0,60938064.0,60938064.0,2026-08-07T15:14:30.704460+00:00,timeseries_24h,1749,"{""timestamp"": 1765324800, ""avgHighPrice"": 1967, ""avgLowPrice"": 1916, ""highPriceVolume"": 277277, ""lowPriceVolume"": 917587}"
2025-12-11 00:00:00+00:00,1765411200,1987.0,1957,73393,226132,299525,1.532958610117527,30.0,8985750.0,8985750.0,2026-08-07T15:14:30.704460+00:00,timeseries_24h,1749,"{""timestamp"": 1765411200, ""avgHighPrice"": 1987, ""avgLowPrice"": 1957, ""highPriceVolume"": 73393, ""lowPriceVolume"": 226132}"
2025-12-12 00:00:00+00:00,1765497600,1979.0,1938,203206,595107,798313,2.1155830753353975,41.0,32730833.0,32730833.0,2026-08-07T15:14:30.704460+00:00,timeseries_24h,1749,"{""timestamp"": 1765497600, ""avgHighPrice"": 1979, ""avgLowPrice"": 1938, ""highPriceVolume"": 203206, ""lowPriceVolume"": 595107}"
2025-12-13 00:00:00+00:00,1765584000,2006.0,1982,171880,715348,887228,1.2108980827447022,24.0,21293472.0,21293472.0,2026-08-07T15:14:30.704460+00:00,timeseries_24h,1749,"{""timestamp"": 1765584000, ""avgHighPrice"": 2006, ""avgLowPrice"": 1982, ""highPriceVolume"": 171880, ""lowPriceVolume"": 715348}"
2025-12-14 00:00:00+00:00,1765670400,1976.0,1961,173400,667548,840948,0.7649158592554819,15.0,12614220.0,12614220.0,2026-08-07T15:14:30.704460+00:00,timeseries_24h,1749,"{""timestamp"": 1765670400, ""avgHighPrice"": 1976, ""avgLowPrice"": 1961, ""highPriceVolume"": 173400, ""lowPriceVolume"": 667548}"
2025-12-15 00:00:00+00:00,1765756800,1991.0,1965,158421,550096,708517,1.3231552162849873,26.0,18421442.0,18421442.0,2026-08-07T15:14:30.704460+00:00,timeseries_24h,1749,"{""timestamp"": 1765756800, ""avgHighPrice"": 1991, ""avgLowPrice"": 1965, ""highPriceVolume"": 158421, ""lowPriceVolume"": 550096}"
2025-12-16 00:00:00+00:00,1765843200,1975.0,1949,206625,533708,740333,1.3340174448435094,26.0,19248658.0,19248658.0,2026-08-07T15:14:30.704460+00:00,timeseries_24h,1749,"{""timestamp"": 1765843200, ""avgHighPrice"": 1975, ""avgLowPrice"": 1949, ""highPriceVolume"": 206625, ""lowPriceVolume"": 533708}"
2025-12-17 00:00:00+00:00,1765929600,1914.0,1887,422629,709826,1132455,1.4308426073131957,27.0,30576285.0,30576285.0,2026-08-07T15:14:30.704460+00:00,timeseries_24h,1749,"{""timestamp"": 1765929600, ""avgHighPrice"": 1914, ""avgLowPrice"": 1887, ""highPriceVolume"": 422629, ""lowPriceVolume"": 709826}"
2025-12-18 00:00:00+00:00,1766016000,1923.0,1898,454352,850891,1305243,1.3171759747102214,25.0,32631075.0,32631075.0,2026-08-07T15:14:30.704460+00:00,timeseries_24h,1749,"{""timestamp"": 1766016000, ""avgHighPrice"": 1923, ""avgLowPrice"": 1898, ""highPriceVolume"": 454352, ""lowPriceVolume"": 850891}"
2025-12-19 00:00:00+00:00,1766102400,1969.0,1958,108057,916165,1024222,0.5617977528089888,11.0,11266442.0,11266442.0,2026-08-07T15:14:30.704460+00:00,timeseries_24h,1749,"{""timestamp"": 1766102400, ""avgHighPrice"": 1969, ""avgLowPrice"": 1958, ""highPriceVolume"": 108057, ""lowPriceVolume"": 916165}"
2025-12-20 00:00:00+00:00,1766188800,2047.0,1994,216919,920438,1137357,2.657973921765296,53.0,60279921.0,60279921.0,2026-08-07T15:14:30.704460+00:00,timeseries_24h,1749,"{""timestamp"": 1766188800, ""avgHighPrice"": 2047, ""avgLowPrice"": 1994, ""highPriceVolume"": 216919, ""lowPriceVolume"": 920438}"
2025-12-21 00:00:00+00:00,1766275200,1950.0,1942,305276,845179,1150455,0.4119464469618949,8.0,9203640.0,9203640.0,2026-08-07T15:14:30.704460+00:00,timeseries_24h,1749,"{""timestamp"": 1766275200, ""avgHighPrice"": 1950, ""avgLowPrice"": 1942, ""highPriceVolume"": 305276, ""lowPriceVolume"": 845179}"
2025-12-22 00:00:00+00:00,1766361600,1971.0,1941,44624,196581,241205,1.545595054095827,30.0,7236150.0,7236150.0,2026-08-07T15:14:30.704460+00:00,timeseries_24h,1749,"{""timestamp"": 1766361600, ""avgHighPrice"": 1971, ""avgLowPrice"": 1941, ""highPriceVolume"": 44624, ""lowPriceVolume"": 196581}"
2025-12-23 00:00:00+00:00,1766448000,1950.0,1933,287341,616469,903810,0.8794619762027935,17.0,15364770.0,15364770.0,2026-08-07T15:14:30.704460+00:00,timeseries_24h,1749,"{""timestamp"": 1766448000, ""avgHighPrice"": 1950, ""avgLowPrice"": 1933, ""highPriceVolume"": 287341, ""lowPriceVolume"": 616469}"
2025-12-24 00:00:00+00:00,1766534400,1965.0,1947,79637,213241,292878,0.9244992295839755,18.0,5271804.0,5271804.0,2026-08-07T15:14:30.704460+00:00,timeseries_24h,1749,"{""timestamp"": 1766534400, ""avgHighPrice"": 1965, ""avgLowPrice"": 1947, ""highPriceVolume"": 79637, ""lowPriceVolume"": 213241}"
2025-12-25 00:00:00+00:00,1766620800,2012.0,1995,45289,188675,233964,0.8521303258145364,17.0,3977388.0,3977388.0,2026-08-07T15:14:30.704460+00:00,timeseries_24h,1749,"{""timestamp"": 1766620800, ""avgHighPrice"": 2012, ""avgLowPrice"": 1995, ""highPriceVolume"": 45289, ""lowPriceVolume"": 188675}"
2025-12-26 00:00:00+00:00,1766707200,2004.0,2008,38233,220828,259061,-0.199203187250996,-4.0,-1036244.0,-1036244.0,2026-08-07T15:14:30.704460+00:00,timeseries_24h,1749,"{""timestamp"": 1766707200, ""avgHighPrice"": 2004, ""avgLowPrice"": 2008, ""highPriceVolume"": 38233, ""lowPriceVolume"": 220828}"
2025-12-27 00:00:00+00:00,1766793600,1982.0,1968,46600,290006,336606,0.7113821138211381,14.0,4712484.0,4712484.0,2026-08-07T15:14:30.704460+00:00,timeseries_24h,1749,"{""timestamp"": 1766793600, ""avgHighPrice"": 1982, ""avgLowPrice"": 1968, ""highPriceVolume"": 46600, ""lowPriceVolume"": 290006}"
2025-12-28 00:00:00+00:00,1766880000,2072.0,2039,51734,276352,328086,1.6184404119666502,33.0,10826838.0,10826838.0,2026-08-07T15:14:30.704460+00:00,timeseries_24h,1749,"{""timestamp"": 1766880000, ""avgHighPrice"": 2072, ""avgLowPrice"": 2039, ""highPriceVolume"": 51734, ""lowPriceVolume"": 276352}"
2025-12-29 00:00:00+00:00,1766966400,2097.0,2072,26542,252769,279311,1.2065637065637065,25.0,6982775.0,6982775.0,2026-08-07T15:14:30.704460+00:00,timeseries_24h,1749,"{""timestamp"": 1766966400, ""avgHighPrice"": 2097, ""avgLowPrice"": 2072, ""highPriceVolume"": 26542, ""lowPriceVolume"": 252769}"
2025-12-30 00:00:00+00:00,1767052800,2081.0,2016,71977,219805,291782,3.2242063492063497,65.0,18965830.0,18965830.0,2026-08-07T15:14:30.704460+00:00,timeseries_24h,1749,"{""timestamp"": 1767052800, ""avgHighPrice"": 2081, ""avgLowPrice"": 2016, ""highPriceVolume"": 71977, ""lowPriceVolume"": 219805}"
2025-12-31 00:00:00+00:00,1767139200,2095.0,2068,22000,243280,265280,1.3056092843326885,27.0,7162560.0,7162560.0,2026-08-07T15:14:30.704460+00:00,timeseries_24h,1749,"{""timestamp"": 1767139200, ""avgHighPrice"": 2095, ""avgLowPrice"": 2068, ""highPriceVolume"": 22000, ""lowPriceVolume"": 243280}"
2026-01-01 00:00:00+00:00,1767225600,2067.0,2061,133,11219,11352,0.2911208151382824,6.0,68112.0,68112.0,2026-08-07T15:14:30.704460+00:00,timeseries_24h,1749,"{""timestamp"": 1767225600, ""avgHighPrice"": 2067, ""avgLowPrice"": 2061, ""highPriceVolume"": 133, ""lowPriceVolume"": 11219}"
2026-01-02 00:00:00+00:00,1767312000,2085.0,2063,41982,207582,249564,1.0664081434803683,22.0,5490408.0,5490408.0,2026-08-07T15:14:30.704460+00:00,timeseries_24h,1749,"{""timestamp"": 1767312000, ""avgHighPrice"": 2085, ""avgLowPrice"": 2063, ""highPriceVolume"": 41982, ""lowPriceVolume"": 207582}"
2026-01-03 00:00:00+00:00,1767398400,2115.0,2072,237878,991126,1229004,2.0752895752895753,43.0,52847172.0,52847172.0,2026-08-07T15:14:30.704460+00:00,timeseries_24h,1749,"{""timestamp"": 1767398400, ""avgHighPrice"": 2115, ""avgLowPrice"": 2072, ""highPriceVolume"": 237878, ""lowPriceVolume"": 991126}"
2026-01-04 00:00:00+00:00,1767484800,2094.0,2066,75843,142493,218336,1.3552758954501452,28.0,6113408.0,6113408.0,2026-08-07T15:14:30.704460+00:00,timeseries_24h,1749,"{""timestamp"": 1767484800, ""avgHighPrice"": 2094, ""avgLowPrice"": 2066, ""highPriceVolume"": 75843, ""lowPriceVolume"": 142493}"
2026-01-05 00:00:00+00:00,1767571200,2046.0,2006,106624,261870,368494,1.9940179461615155,40.0,14739760.0,14739760.0,2026-08-07T15:14:30.704460+00:00,timeseries_24h,1749,"{""timestamp"": 1767571200, ""avgHighPrice"": 2046, ""avgLowPrice"": 2006, ""highPriceVolume"": 106624, ""lowPriceVolume"": 261870}"
2026-01-06 00:00:00+00:00,1767657600,1958.0,1930,348416,799596,1148012,1.450777202072539,28.0,32144336.0,32144336.0,2026-08-07T15:14:30.704460+00:00,timeseries_24h,1749,"{""timestamp"": 1767657600, ""avgHighPrice"": 1958, ""avgLowPrice"": 1930, ""highPriceVolume"": 348416, ""lowPriceVolume"": 799596}"
2026-01-07 00:00:00+00:00,1767744000,1972.0,1961,16753,35829,52582,0.5609382967873533,11.0,578402.0,578402.0,2026-08-07T15:14:30.704460+00:00,timeseries_24h,1749,"{""timestamp"": 1767744000, ""avgHighPrice"": 1972, ""avgLowPrice"": 1961, ""highPriceVolume"": 16753, ""lowPriceVolume"": 35829}"
2026-01-08 00:00:00+00:00,1767830400,2086.0,2030,39067,197758,236825,2.7586206896551726,56.0,13262200.0,13262200.0,2026-08-07T15:14:30.704460+00:00,timeseries_24h,1749,"{""timestamp"": 1767830400, ""avgHighPrice"": 2086, ""avgLowPrice"": 2030, ""highPriceVolume"": 39067, ""lowPriceVolume"": 197758}"
2026-01-09 00:00:00+00:00,1767916800,2118.0,2110,45239,360771,406010,0.37914691943127965,8.0,3248080.0,3248080.0,2026-08-07T15:14:30.704460+00:00,timeseries_24h,1749,"{""timestamp"": 1767916800, ""avgHighPrice"": 2118, ""avgLowPrice"": 2110, ""highPriceVolume"": 45239, ""lowPriceVolume"": 360771}"
2026-01-10 00:00:00+00:00,1768003200,2070.0,2061,85690,285327,371017,0.43668122270742354,9.0,3339153.0,3339153.0,2026-08-07T15:14:30.704460+00:00,timeseries_24h,1749,"{""timestamp"": 1768003200, ""avgHighPrice"": 2070, ""avgLowPrice"": 2061, ""highPriceVolume"": 85690, ""lowPriceVolume"": 285327}"
2026-01-11 00:00:00+00:00,1768089600,2013.0,1986,124274,446064,570338,1.3595166163141994,27.0,15399126.0,15399126.0,2026-08-07T15:14:30.704460+00:00,timeseries_24h,1749,"{""timestamp"": 1768089600, ""avgHighPrice"": 2013, ""avgLowPrice"": 1986, ""highPriceVolume"": 124274, ""lowPriceVolume"": 446064}"
2026-01-12 00:00:00+00:00,1768176000,2012.0,1997,141694,787670,929364,0.7511266900350526,15.0,13940460.0,13940460.0,2026-08-07T15:14:30.704460+00:00,timeseries_24h,1749,"{""timestamp"": 1768176000, ""avgHighPrice"": 2012, ""avgLowPrice"": 1997, ""highPriceVolume"": 141694, ""lowPriceVolume"": 787670}"
2026-01-13 00:00:00+00:00,1768262400,2007.0,2001,191457,984001,1175458,0.29985007496251875,6.0,7052748.0,7052748.0,2026-08-07T15:14:30.704460+00:00,timeseries_24h,1749,"{""timestamp"": 1768262400, ""avgHighPrice"": 2007, ""avgLowPrice"": 2001, ""highPriceVolume"": 191457, ""lowPriceVolume"": 984001}"
2026-01-14 00:00:00+00:00,1768348800,1997.0,1972,286310,695648,981958,1.2677484787018256,25.0,24548950.0,24548950.0,2026-08-07T15:14:30.704460+00:00,timeseries_24h,1749,"{""timestamp"": 1768348800, ""avgHighPrice"": 1997, ""avgLowPrice"": 1972, ""highPriceVolume"": 286310, ""lowPriceVolume"": 695648}"
2026-01-15 00:00:00+00:00,1768435200,1989.0,1968,221995,581386,803381,1.0670731707317074,21.0,16871001.0,16871001.0,2026-08-07T15:14:30.704460+00:00,timeseries_24h,1749,"{""timestamp"": 1768435200, ""avgHighPrice"": 1989, ""avgLowPrice"": 1968, ""highPriceVolume"": 221995, ""lowPriceVolume"": 581386}"
2026-01-16 00:00:00+00:00,1768521600,1995.0,1980,198736,925896,1124632,0.7575757575757576,15.0,16869480.0,16869480.0,2026-08-07T15:14:30.704460+00:00,timeseries_24h,1749,"{""timestamp"": 1768521600, ""avgHighPrice"": 1995, ""avgLowPrice"": 1980, ""highPriceVolume"": 198736, ""lowPriceVolume"": 925896}"
2026-01-17 00:00:00+00:00,1768608000,2035.0,2008,293488,1032411,1325899,1.344621513944223,27.0,35799273.0,35799273.0,2026-08-07T15:14:30.704460+00:00,timeseries_24h,1749,"{""timestamp"": 1768608000, ""avgHighPrice"": 2035, ""avgLowPrice"": 2008, ""highPriceVolume"": 293488, ""lowPriceVolume"": 1032411}"
2026-01-18 00:00:00+00:00,1768694400,2012.0,2006,285835,1205281,1491116,0.29910269192422734,6.0,8946696.0,8946696.0,2026-08-07T15:14:30.704460+00:00,timeseries_24h,1749,"{""timestamp"": 1768694400, ""avgHighPrice"": 2012, ""avgLowPrice"": 2006, ""highPriceVolume"": 285835, ""lowPriceVolume"": 1205281}"
2026-01-19 00:00:00+00:00,1768780800,2016.0,2010,209173,1014117,1223290,0.2985074626865672,6.0,7339740.0,7339740.0,2026-08-07T15:14:30.704460+00:00,timeseries_24h,1749,"{""timestamp"": 1768780800, ""avgHighPrice"": 2016, ""avgLowPrice"": 2010, ""highPriceVolume"": 209173, ""lowPriceVolume"": 1014117}"
2026-01-20 00:00:00+00:00,1768867200,2010.0,2017,104164,661874,766038,-0.34705007436787305,-7.0,-5362266.0,-5362266.0,2026-08-07T15:14:30.704460+00:00,timeseries_24h,1749,"{""timestamp"": 1768867200, ""avgHighPrice"": 2010, ""avgLowPrice"": 2017, ""highPriceVolume"": 104164, ""lowPriceVolume"": 661874}"
2026-01-21 00:00:00+00:00,1768953600,2108.0,2071,13449,217322,230771,1.7865765330758085,37.0,8538527.0,8538527.0,2026-08-07T15:14:30.704460+00:00,timeseries_24h,1749,"{""timestamp"": 1768953600, ""avgHighPrice"": 2108, ""avgLowPrice"": 2071, ""highPriceVolume"": 13449, ""lowPriceVolume"": 217322}"
2026-01-22 00:00:00+00:00,1769040000,2226.0,2178,11350,210416,221766,2.203856749311295,48.0,10644768.0,10644768.0,2026-08-07T15:14:30.704460+00:00,timeseries_24h,1749,"{""timestamp"": 1769040000, ""avgHighPrice"": 2226, ""avgLowPrice"": 2178, ""highPriceVolume"": 11350, ""lowPriceVolume"": 210416}"
2026-01-23 00:00:00+00:00,1769126400,2233.0,2195,19289,158953,178242,1.7312072892938495,38.0,6773196.0,6773196.0,2026-08-07T15:14:30.704460+00:00,timeseries_24h,1749,"{""timestamp"": 1769126400, ""avgHighPrice"": 2233, ""avgLowPrice"": 2195, ""highPriceVolume"": 19289, ""lowPriceVolume"": 158953}"
2026-01-24 00:00:00+00:00,1769212800,2179.0,2232,17828,258573,276401,-2.3745519713261647,-53.0,-14649253.0,-14649253.0,2026-08-07T15:14:30.704460+00:00,timeseries_24h,1749,"{""timestamp"": 1769212800, ""avgHighPrice"": 2179, ""avgLowPrice"": 2232, ""highPriceVolume"": 17828, ""lowPriceVolume"": 258573}"
2026-01-25 00:00:00+00:00,1769299200,2256.0,2264,22624,291098,313722,-0.35335689045936397,-8.0,-2509776.0,-2509776.0,2026-08-07T15:14:30.704460+00:00,timeseries_24h,1749,"{""timestamp"": 1769299200, ""avgHighPrice"": 2256, ""avgLowPrice"": 2264, ""highPriceVolume"": 22624, ""lowPriceVolume"": 291098}"
2026-01-26 00:00:00+00:00,1769385600,2334.0,2286,22260,311434,333694,2.099737532808399,48.0,16017312.0,16017312.0,2026-08-07T15:14:30.704460+00:00,timeseries_24h,1749,"{""timestamp"": 1769385600, ""avgHighPrice"": 2334, ""avgLowPrice"": 2286, ""highPriceVolume"": 22260, ""lowPriceVolume"": 311434}"
2026-01-27 00:00:00+00:00,1769472000,2415.0,2398,31711,197594,229305,0.7089241034195163,17.0,3898185.0,3898185.0,2026-08-07T15:14:30.704460+00:00,timeseries_24h,1749,"{""timestamp"": 1769472000, ""avgHighPrice"": 2415, ""avgLowPrice"": 2398, ""highPriceVolume"": 31711, ""lowPriceVolume"": 197594}"
2026-01-28 00:00:00+00:00,1769558400,2367.0,2350,47652,234636,282288,0.723404255319149,17.0,4798896.0,4798896.0,2026-08-07T15:14:30.704460+00:00,timeseries_24h,1749,"{""timestamp"": 1769558400, ""avgHighPrice"": 2367, ""avgLowPrice"": 2350, ""highPriceVolume"": 47652, ""lowPriceVolume"": 234636}"
2026-01-29 00:00:00+00:00,1769644800,2295.0,2282,109122,555653,664775,0.5696757230499562,13.0,8642075.0,8642075.0,2026-08-07T15:14:30.704460+00:00,timeseries_24h,1749,"{""timestamp"": 1769644800, ""avgHighPrice"": 2295, ""avgLowPrice"": 2282, ""highPriceVolume"": 109122, ""lowPriceVolume"": 555653}"
2026-01-30 00:00:00+00:00,1769731200,2389.0,2333,15003,108399,123402,2.400342906129447,56.0,6910512.0,6910512.0,2026-08-07T15:14:30.704460+00:00,timeseries_24h,1749,"{""timestamp"": 1769731200, ""avgHighPrice"": 2389, ""avgLowPrice"": 2333, ""highPriceVolume"": 15003, ""lowPriceVolume"": 108399}"
2026-01-31 00:00:00+00:00,1769817600,2424.0,2399,37184,372305,409489,1.0421008753647354,25.0,10237225.0,10237225.0,2026-08-07T15:14:30.704460+00:00,timeseries_24h,1749,"{""timestamp"": 1769817600, ""avgHighPrice"": 2424, ""avgLowPrice"": 2399, ""highPriceVolume"": 37184, ""lowPriceVolume"": 372305}"
2026-02-01 00:00:00+00:00,1769904000,2407.0,2394,154260,625309,779569,0.5430242272347535,13.0,10134397.0,10134397.0,2026-08-07T15:14:30.704460+00:00,timeseries_24h,1749,"{""timestamp"": 1769904000, ""avgHighPrice"": 2407, ""avgLowPrice"": 2394, ""highPriceVolume"": 154260, ""lowPriceVolume"": 625309}"
2026-02-02 00:00:00+00:00,1769990400,2411.0,2411,28769,131823,160592,0.0,0.0,0.0,0.0,2026-08-07T15:14:30.704460+00:00,timeseries_24h,1749,"{""timestamp"": 1769990400, ""avgHighPrice"": 2411, ""avgLowPrice"": 2411, ""highPriceVolume"": 28769, ""lowPriceVolume"": 131823}"
2026-02-03 00:00:00+00:00,1770076800,2389.0,2377,75326,511155,586481,0.5048380311316786,12.0,7037772.0,7037772.0,2026-08-07T15:14:30.704460+00:00,timeseries_24h,1749,"{""timestamp"": 1770076800, ""avgHighPrice"": 2389, ""avgLowPrice"": 2377, ""highPriceVolume"": 75326, ""lowPriceVolume"": 511155}"
2026-02-04 00:00:00+00:00,1770163200,2431.0,2416,74628,510018,584646,0.6208609271523179,15.0,8769690.0,8769690.0,2026-08-07T15:14:30.704460+00:00,timeseries_24h,1749,"{""timestamp"": 1770163200, ""avgHighPrice"": 2431, ""avgLowPrice"": 2416, ""highPriceVolume"": 74628, ""lowPriceVolume"": 510018}"
2026-02-05 00:00:00+00:00,1770249600,2460.0,2447,79923,611130,691053,0.5312627707396812,13.0,8983689.0,8983689.0,2026-08-07T15:14:30.704460+00:00,timeseries_24h,1749,"{""timestamp"": 1770249600, ""avgHighPrice"": 2460, ""avgLowPrice"": 2447, ""highPriceVolume"": 79923, ""lowPriceVolume"": 611130}"
2026-02-06 00:00:00+00:00,1770336000,2446.0,2459,2758,46961,49719,-0.5286701911346076,-13.0,-646347.0,-646347.0,2026-08-07T15:14:30.704460+00:00,timeseries_24h,1749,"{""timestamp"": 1770336000, ""avgHighPrice"": 2446, ""avgLowPrice"": 2459, ""highPriceVolume"": 2758, ""lowPriceVolume"": 46961}"
2026-02-07 00:00:00+00:00,1770422400,2411.0,2430,1341,22750,24091,-0.7818930041152263,-19.0,-457729.0,-457729.0,2026-08-07T15:14:30.704460+00:00,timeseries_24h,1749,"{""timestamp"": 1770422400, ""avgHighPrice"": 2411, ""avgLowPrice"": 2430, ""highPriceVolume"": 1341, ""lowPriceVolume"": 22750}"
2026-02-08 00:00:00+00:00,1770508800,2419.0,2385,2993,18118,21111,1.4255765199161425,34.0,717774.0,717774.0,2026-08-07T15:14:30.704460+00:00,timeseries_24h,1749,"{""timestamp"": 1770508800, ""avgHighPrice"": 2419, ""avgLowPrice"": 2385, ""highPriceVolume"": 2993, ""lowPriceVolume"": 18118}"
2026-02-09 00:00:00+00:00,1770595200,2371.0,2383,7092,70817,77909,-0.5035669324381032,-12.0,-934908.0,-934908.0,2026-08-07T15:14:30.704460+00:00,timeseries_24h,1749,"{""timestamp"": 1770595200, ""avgHighPrice"": 2371, ""avgLowPrice"": 2383, ""highPriceVolume"": 7092, ""lowPriceVolume"": 70817}"
2026-02-10 00:00:00+00:00,1770681600,2554.0,2475,10095,114092,124187,3.1919191919191916,79.0,9810773.0,9810773.0,2026-08-07T15:14:30.704460+00:00,timeseries_24h,1749,"{""timestamp"": 1770681600, ""avgHighPrice"": 2554, ""avgLowPrice"": 2475, ""highPriceVolume"": 10095, ""lowPriceVolume"": 114092}"
2026-02-11 00:00:00+00:00,1770768000,2490.0,2494,69537,731230,800767,-0.16038492381716118,-4.0,-3203068.0,-3203068.0,2026-08-07T15:14:30.704460+00:00,timeseries_24h,1749,"{""timestamp"": 1770768000, ""avgHighPrice"": 2490, ""avgLowPrice"": 2494, ""highPriceVolume"": 69537, ""lowPriceVolume"": 731230}"
2026-02-12 00:00:00+00:00,1770854400,2547.0,2500,4925,108923,113848,1.8800000000000001,47.0,5350856.0,5350856.0,2026-08-07T15:14:30.704460+00:00,timeseries_24h,1749,"{""timestamp"": 1770854400, ""avgHighPrice"": 2547, ""avgLowPrice"": 2500, ""highPriceVolume"": 4925, ""lowPriceVolume"": 108923}"
2026-02-13 00:00:00+00:00,1770940800,2547.0,2553,62515,734103,796618,-0.23501762632197415,-6.0,-4779708.0,-4779708.0,2026-08-07T15:14:30.704460+00:00,timeseries_24h,1749,"{""timestamp"": 1770940800, ""avgHighPrice"": 2547, ""avgLowPrice"": 2553, ""highPriceVolume"": 62515, ""lowPriceVolume"": 734103}"
2026-02-14 00:00:00+00:00,1771027200,2554.0,2595,72372,791406,863778,-1.579961464354528,-41.0,-35414898.0,-35414898.0,2026-08-07T15:14:30.704460+00:00,timeseries_24h,1749,"{""timestamp"": 1771027200, ""avgHighPrice"": 2554, ""avgLowPrice"": 2595, ""highPriceVolume"": 72372, ""lowPriceVolume"": 791406}"
2026-02-15 00:00:00+00:00,1771113600,2606.0,2589,17220,205476,222696,0.656624179219776,17.0,3785832.0,3785832.0,2026-08-07T15:14:30.704460+00:00,timeseries_24h,1749,"{""timestamp"": 1771113600, ""avgHighPrice"": 2606, ""avgLowPrice"": 2589, ""highPriceVolume"": 17220, ""lowPriceVolume"": 205476}"
2026-02-16 00:00:00+00:00,1771200000,2568.0,2518,103331,524923,628254,1.9857029388403495,50.0,31412700.0,31412700.0,2026-08-07T15:14:30.704460+00:00,timeseries_24h,1749,"{""timestamp"": 1771200000, ""avgHighPrice"": 2568, ""avgLowPrice"": 2518, ""highPriceVolume"": 103331, ""lowPriceVolume"": 524923}"
2026-02-17 00:00:00+00:00,1771286400,2585.0,2573,18521,170598,189119,0.4663816556548776,12.0,2269428.0,2269428.0,2026-08-07T15:14:30.704460+00:00,timeseries_24h,1749,"{""timestamp"": 1771286400, ""avgHighPrice"": 2585, ""avgLowPrice"": 2573, ""highPriceVolume"": 18521, ""lowPriceVolume"": 170598}"
2026-02-18 00:00:00+00:00,1771372800,2550.0,2534,44948,138892,183840,0.6314127861089187,16.0,2941440.0,2941440.0,2026-08-07T15:14:30.704460+00:00,timeseries_24h,1749,"{""timestamp"": 1771372800, ""avgHighPrice"": 2550, ""avgLowPrice"": 2534, ""highPriceVolume"": 44948, ""lowPriceVolume"": 138892}"
2026-02-19 00:00:00+00:00,1771459200,2518.0,2478,23671,191785,215456,1.6142050040355123,40.0,8618240.0,8618240.0,2026-08-07T15:14:30.704460+00:00,timeseries_24h,1749,"{""timestamp"": 1771459200, ""avgHighPrice"": 2518, ""avgLowPrice"": 2478, ""highPriceVolume"": 23671, ""lowPriceVolume"": 191785}"
2026-02-20 00:00:00+00:00,1771545600,2439.0,2422,74275,313448,387723,0.7018992568125516,17.0,6591291.0,6591291.0,2026-08-07T15:14:30.704460+00:00,timeseries_24h,1749,"{""timestamp"": 1771545600, ""avgHighPrice"": 2439, ""avgLowPrice"": 2422, ""highPriceVolume"": 74275, ""lowPriceVolume"": 313448}"
2026-02-21 00:00:00+00:00,1771632000,2426.0,2420,15901,124981,140882,0.24793388429752067,6.0,845292.0,845292.0,2026-08-07T15:14:30.704460+00:00,timeseries_24h,1749,"{""timestamp"": 1771632000, ""avgHighPrice"": 2426, ""avgLowPrice"": 2420, ""highPriceVolume"": 15901, ""lowPriceVolume"": 124981}"
2026-02-22 00:00:00+00:00,1771718400,2400.0,2396,99315,667172,766487,0.1669449081803005,4.0,3065948.0,3065948.0,2026-08-07T15:14:30.704460+00:00,timeseries_24h,1749,"{""timestamp"": 1771718400, ""avgHighPrice"": 2400, ""avgLowPrice"": 2396, ""highPriceVolume"": 99315, ""lowPriceVolume"": 667172}"
2026-02-23 00:00:00+00:00,1771804800,2496.0,2476,20710,227214,247924,0.8077544426494345,20.0,4958480.0,4958480.0,2026-08-07T15:14:30.704460+00:00,timeseries_24h,1749,"{""timestamp"": 1771804800, ""avgHighPrice"": 2496, ""avgLowPrice"": 2476, ""highPriceVolume"": 20710, ""lowPriceVolume"": 227214}"
2026-02-24 00:00:00+00:00,1771891200,2476.0,2486,12899,95101,108000,-0.4022526146419952,-10.0,-1080000.0,-1080000.0,2026-08-07T15:14:30.704460+00:00,timeseries_24h,1749,"{""timestamp"": 1771891200, ""avgHighPrice"": 2476, ""avgLowPrice"": 2486, ""highPriceVolume"": 12899, ""lowPriceVolume"": 95101}"
2026-02-25 00:00:00+00:00,1771977600,2476.0,2481,53297,304506,357803,-0.2015316404675534,-5.0,-1789015.0,-1789015.0,2026-08-07T15:14:30.704460+00:00,timeseries_24h,1749,"{""timestamp"": 1771977600, ""avgHighPrice"": 2476, ""avgLowPrice"": 2481, ""highPriceVolume"": 53297, ""lowPriceVolume"": 304506}"
2026-02-26 00:00:00+00:00,1772064000,2472.0,2455,45693,263659,309352,0.6924643584521385,17.0,5258984.0,5258984.0,2026-08-07T15:14:30.704460+00:00,timeseries_24h,1749,"{""timestamp"": 1772064000, ""avgHighPrice"": 2472, ""avgLowPrice"": 2455, ""highPriceVolume"": 45693, ""lowPriceVolume"": 263659}"
2026-02-27 00:00:00+00:00,1772150400,2376.0,2355,123240,582855,706095,0.89171974522293,21.0,14827995.0,14827995.0,2026-08-07T15:14:30.704460+00:00,timeseries_24h,1749,"{""timestamp"": 1772150400, ""avgHighPrice"": 2376, ""avgLowPrice"": 2355, ""highPriceVolume"": 123240, ""lowPriceVolume"": 582855}"
2026-02-28 00:00:00+00:00,1772236800,2305.0,2285,177990,918406,1096396,0.87527352297593,20.0,21927920.0,21927920.0,2026-08-07T15:14:30.704460+00:00,timeseries_24h,1749,"{""timestamp"": 1772236800, ""avgHighPrice"": 2305, ""avgLowPrice"": 2285, ""highPriceVolume"": 177990, ""lowPriceVolume"": 918406}"
2026-03-01 00:00:00+00:00,1772323200,2265.0,2251,189878,1044899,1234777,0.6219458018658374,14.0,17286878.0,17286878.0,2026-08-07T15:14:30.704460+00:00,timeseries_24h,1749,"{""timestamp"": 1772323200, ""avgHighPrice"": 2265, ""avgLowPrice"": 2251, ""highPriceVolume"": 189878, ""lowPriceVolume"": 1044899}"
2026-03-02 00:00:00+00:00,1772409600,2266.0,2251,175172,998597,1173769,0.6663705019991115,15.0,17606535.0,17606535.0,2026-08-07T15:14:30.704460+00:00,timeseries_24h,1749,"{""timestamp"": 1772409600, ""avgHighPrice"": 2266, ""avgLowPrice"": 2251, ""highPriceVolume"": 175172, ""lowPriceVolume"": 998597}"
2026-03-03 00:00:00+00:00,1772496000,2268.0,2277,45335,907433,952768,-0.3952569169960474,-9.0,-8574912.0,-8574912.0,2026-08-07T15:14:30.704460+00:00,timeseries_24h,1749,"{""timestamp"": 1772496000, ""avgHighPrice"": 2268, ""avgLowPrice"": 2277, ""highPriceVolume"": 45335, ""lowPriceVolume"": 907433}"
2026-03-04 00:00:00+00:00,1772582400,2297.0,2294,236632,877484,1114116,0.13077593722755013,3.0,3342348.0,3342348.0,2026-08-07T15:14:30.704460+00:00,timeseries_24h,1749,"{""timestamp"": 1772582400, ""avgHighPrice"": 2297, ""avgLowPrice"": 2294, ""highPriceVolume"": 236632, ""lowPriceVolume"": 877484}"
2026-03-05 00:00:00+00:00,1772668800,2291.0,2280,140854,818326,959180,0.4824561403508772,11.0,10550980.0,10550980.0,2026-08-07T15:14:30.704460+00:00,timeseries_24h,1749,"{""timestamp"": 1772668800, ""avgHighPrice"": 2291, ""avgLowPrice"": 2280, ""highPriceVolume"": 140854, ""lowPriceVolume"": 818326}"
2026-03-06 00:00:00+00:00,1772755200,2340.0,2340,9880,305667,315547,0.0,0.0,0.0,0.0,2026-08-07T15:14:30.704460+00:00,timeseries_24h,1749,"{""timestamp"": 1772755200, ""avgHighPrice"": 2340, ""avgLowPrice"": 2340, ""highPriceVolume"": 9880, ""lowPriceVolume"": 305667}"
2026-03-07 00:00:00+00:00,1772841600,2326.0,2339,15185,123425,138610,-0.5557930739632322,-13.0,-1801930.0,-1801930.0,2026-08-07T15:14:30.704460+00:00,timeseries_24h,1749,"{""timestamp"": 1772841600, ""avgHighPrice"": 2326, ""avgLowPrice"": 2339, ""highPriceVolume"": 15185, ""lowPriceVolume"": 123425}"
2026-03-08 00:00:00+00:00,1772928000,2331.0,2280,59100,349634,408734,2.236842105263158,51.0,20845434.0,20845434.0,2026-08-07T15:14:30.704460+00:00,timeseries_24h,1749,"{""timestamp"": 1772928000, ""avgHighPrice"": 2331, ""avgLowPrice"": 2280, ""highPriceVolume"": 59100, ""lowPriceVolume"": 349634}"
2026-03-09 00:00:00+00:00,1773014400,2242.0,2218,26548,75747,102295,1.0820559062218216,24.0,2455080.0,2455080.0,2026-08-07T15:14:30.704460+00:00,timeseries_24h,1749,"{""timestamp"": 1773014400, ""avgHighPrice"": 2242, ""avgLowPrice"": 2218, ""highPriceVolume"": 26548, ""lowPriceVolume"": 75747}"
2026-03-10 00:00:00+00:00,1773100800,2307.0,2287,28287,424582,452869,0.874508089199825,20.0,9057380.0,9057380.0,2026-08-07T15:14:30.704460+00:00,timeseries_24h,1749,"{""timestamp"": 1773100800, ""avgHighPrice"": 2307, ""avgLowPrice"": 2287, ""highPriceVolume"": 28287, ""lowPriceVolume"": 424582}"
2026-03-11 00:00:00+00:00,1773187200,2336.0,2328,14535,377802,392337,0.3436426116838488,8.0,3138696.0,3138696.0,2026-08-07T15:14:30.704460+00:00,timeseries_24h,1749,"{""timestamp"": 1773187200, ""avgHighPrice"": 2336, ""avgLowPrice"": 2328, ""highPriceVolume"": 14535, ""lowPriceVolume"": 377802}"
2026-03-12 00:00:00+00:00,1773273600,2312.0,2295,150157,730964,881121,0.7407407407407408,17.0,14979057.0,14979057.0,2026-08-07T15:14:30.704460+00:00,timeseries_24h,1749,"{""timestamp"": 1773273600, ""avgHighPrice"": 2312, ""avgLowPrice"": 2295, ""highPriceVolume"": 150157, ""lowPriceVolume"": 730964}"
2026-03-13 00:00:00+00:00,1773360000,2322.0,2317,40976,238901,279877,0.21579628830384118,5.0,1399385.0,1399385.0,2026-08-07T15:14:30.704460+00:00,timeseries_24h,1749,"{""timestamp"": 1773360000, ""avgHighPrice"": 2322, ""avgLowPrice"": 2317, ""highPriceVolume"": 40976, ""lowPriceVolume"": 238901}"
2026-03-14 00:00:00+00:00,1773446400,2315.0,2301,18577,143517,162094,0.6084311169056932,14.0,2269316.0,2269316.0,2026-08-07T15:14:30.704460+00:00,timeseries_24h,1749,"{""timestamp"": 1773446400, ""avgHighPrice"": 2315, ""avgLowPrice"": 2301, ""highPriceVolume"": 18577, ""lowPriceVolume"": 143517}"
2026-03-15 00:00:00+00:00,1773532800,2307.0,2273,101549,508853,610402,1.4958205015398152,34.0,20753668.0,20753668.0,2026-08-07T15:14:30.704460+00:00,timeseries_24h,1749,"{""timestamp"": 1773532800, ""avgHighPrice"": 2307, ""avgLowPrice"": 2273, ""highPriceVolume"": 101549, ""lowPriceVolume"": 508853}"
2026-03-16 00:00:00+00:00,1773619200,2286.0,2288,75131,588445,663576,-0.08741258741258741,-2.0,-1327152.0,-1327152.0,2026-08-07T15:14:30.704460+00:00,timeseries_24h,1749,"{""timestamp"": 1773619200, ""avgHighPrice"": 2286, ""avgLowPrice"": 2288, ""highPriceVolume"": 75131, ""lowPriceVolume"": 588445}"
2026-03-17 00:00:00+00:00,1773705600,2344.0,2321,25922,223743,249665,0.990952175786299,23.0,5742295.0,5742295.0,2026-08-07T15:14:30.704460+00:00,timeseries_24h,1749,"{""timestamp"": 1773705600, ""avgHighPrice"": 2344, ""avgLowPrice"": 2321, ""highPriceVolume"": 25922, ""lowPriceVolume"": 223743}"
2026-03-18 00:00:00+00:00,1773792000,2408.0,2400,79154,857211,936365,0.33333333333333337,8.0,7490920.0,7490920.0,2026-08-07T15:14:30.704460+00:00,timeseries_24h,1749,"{""timestamp"": 1773792000, ""avgHighPrice"": 2408, ""avgLowPrice"": 2400, ""highPriceVolume"": 79154, ""lowPriceVolume"": 857211}"
2026-03-19 00:00:00+00:00,1773878400,2401.0,2393,5796,290848,296644,0.3343083994985374,8.0,2373152.0,2373152.0,2026-08-07T15:14:30.704460+00:00,timeseries_24h,1749,"{""timestamp"": 1773878400, ""avgHighPrice"": 2401, ""avgLowPrice"": 2393, ""highPriceVolume"": 5796, ""lowPriceVolume"": 290848}"
2026-03-20 00:00:00+00:00,1773964800,2417.0,2421,131442,766313,897755,-0.16522098306484925,-4.0,-3591020.0,-3591020.0,2026-08-07T15:14:30.704460+00:00,timeseries_24h,1749,"{""timestamp"": 1773964800, ""avgHighPrice"": 2417, ""avgLowPrice"": 2421, ""highPriceVolume"": 131442, ""lowPriceVolume"": 766313}"
2026-03-21 00:00:00+00:00,1774051200,2540.0,2490,18888,349486,368374,2.0080321285140563,50.0,18418700.0,18418700.0,2026-08-07T15:14:30.704460+00:00,timeseries_24h,1749,"{""timestamp"": 1774051200, ""avgHighPrice"": 2540, ""avgLowPrice"": 2490, ""highPriceVolume"": 18888, ""lowPriceVolume"": 349486}"
2026-03-22 00:00:00+00:00,1774137600,2540.0,2564,9424,144071,153495,-0.93603744149766,-24.0,-3683880.0,-3683880.0,2026-08-07T15:14:30.704460+00:00,timeseries_24h,1749,"{""timestamp"": 1774137600, ""avgHighPrice"": 2540, ""avgLowPrice"": 2564, ""highPriceVolume"": 9424, ""lowPriceVolume"": 144071}"
2026-03-23 00:00:00+00:00,1774224000,2587.0,2576,74980,482765,557745,0.42701863354037267,11.0,6135195.0,6135195.0,2026-08-07T15:14:30.704460+00:00,timeseries_24h,1749,"{""timestamp"": 1774224000, ""avgHighPrice"": 2587, ""avgLowPrice"": 2576, ""highPriceVolume"": 74980, ""lowPriceVolume"": 482765}"
2026-03-24 00:00:00+00:00,1774310400,2578.0,2559,126853,622121,748974,0.7424775302852676,19.0,14230506.0,14230506.0,2026-08-07T15:14:30.704460+00:00,timeseries_24h,1749,"{""timestamp"": 1774310400, ""avgHighPrice"": 2578, ""avgLowPrice"": 2559, ""highPriceVolume"": 126853, ""lowPriceVolume"": 622121}"
2026-03-25 00:00:00+00:00,1774396800,2422.0,2450,167194,603417,770611,-1.1428571428571428,-28.0,-21577108.0,-21577108.0,2026-08-07T15:14:30.704460+00:00,timeseries_24h,1749,"{""timestamp"": 1774396800, ""avgHighPrice"": 2422, ""avgLowPrice"": 2450, ""highPriceVolume"": 167194, ""lowPriceVolume"": 603417}"
2026-03-26 00:00:00+00:00,1774483200,2522.0,2461,1429,21974,23403,2.478667208451849,61.0,1427583.0,1427583.0,2026-08-07T15:14:30.704460+00:00,timeseries_24h,1749,"{""timestamp"": 1774483200, ""avgHighPrice"": 2522, ""avgLowPrice"": 2461, ""highPriceVolume"": 1429, ""lowPriceVolume"": 21974}"
2026-03-27 00:00:00+00:00,1774569600,2388.0,2352,188589,801673,990262,1.530612244897959,36.0,35649432.0,35649432.0,2026-08-07T15:14:30.704460+00:00,timeseries_24h,1749,"{""timestamp"": 1774569600, ""avgHighPrice"": 2388, ""avgLowPrice"": 2352, ""highPriceVolume"": 188589, ""lowPriceVolume"": 801673}"
2026-03-28 00:00:00+00:00,1774656000,2381.0,2374,36483,260699,297182,0.2948609941027801,7.0,2080274.0,2080274.0,2026-08-07T15:14:30.704460+00:00,timeseries_24h,1749,"{""timestamp"": 1774656000, ""avgHighPrice"": 2381, ""avgLowPrice"": 2374, ""highPriceVolume"": 36483, ""lowPriceVolume"": 260699}"
2026-03-29 00:00:00+00:00,1774742400,2433.0,2432,63,13605,13668,0.041118421052631575,1.0,13668.0,13668.0,2026-08-07T15:14:30.704460+00:00,timeseries_24h,1749,"{""timestamp"": 1774742400, ""avgHighPrice"": 2433, ""avgLowPrice"": 2432, ""highPriceVolume"": 63, ""lowPriceVolume"": 13605}"
2026-03-30 00:00:00+00:00,1774828800,2436.0,2439,17934,334516,352450,-0.12300123001230012,-3.0,-1057350.0,-1057350.0,2026-08-07T15:14:30.704460+00:00,timeseries_24h,1749,"{""timestamp"": 1774828800, ""avgHighPrice"": 2436, ""avgLowPrice"": 2439, ""highPriceVolume"": 17934, ""lowPriceVolume"": 334516}"
2026-03-31 00:00:00+00:00,1774915200,2440.0,2435,47161,213512,260673,0.20533880903490762,5.0,1303365.0,1303365.0,2026-08-07T15:14:30.704460+00:00,timeseries_24h,1749,"{""timestamp"": 1774915200, ""avgHighPrice"": 2440, ""avgLowPrice"": 2435, ""highPriceVolume"": 47161, ""lowPriceVolume"": 213512}"
2026-04-01 00:00:00+00:00,1775001600,2473.0,2456,3591,187761,191352,0.6921824104234527,17.0,3252984.0,3252984.0,2026-08-07T15:14:30.704460+00:00,timeseries_24h,1749,"{""timestamp"": 1775001600, ""avgHighPrice"": 2473, ""avgLowPrice"": 2456, ""highPriceVolume"": 3591, ""lowPriceVolume"": 187761}"
2026-04-02 00:00:00+00:00,1775088000,2407.0,2411,65071,313436,378507,-0.16590626296142677,-4.0,-1514028.0,-1514028.0,2026-08-07T15:14:30.704460+00:00,timeseries_24h,1749,"{""timestamp"": 1775088000, ""avgHighPrice"": 2407, ""avgLowPrice"": 2411, ""highPriceVolume"": 65071, ""lowPriceVolume"": 313436}"
2026-04-03 00:00:00+00:00,1775174400,2467.0,2453,20068,317517,337585,0.5707297187117816,14.0,4726190.0,4726190.0,2026-08-07T15:14:30.704460+00:00,timeseries_24h,1749,"{""timestamp"": 1775174400, ""avgHighPrice"": 2467, ""avgLowPrice"": 2453, ""highPriceVolume"": 20068, ""lowPriceVolume"": 317517}"
2026-04-04 00:00:00+00:00,1775260800,2457.0,2499,16146,196253,212399,-1.680672268907563,-42.0,-8920758.0,-8920758.0,2026-08-07T15:14:30.704460+00:00,timeseries_24h,1749,"{""timestamp"": 1775260800, ""avgHighPrice"": 2457, ""avgLowPrice"": 2499, ""highPriceVolume"": 16146, ""lowPriceVolume"": 196253}"
2026-04-05 00:00:00+00:00,1775347200,2467.0,2429,46381,134617,180998,1.5644298065047344,38.0,6877924.0,6877924.0,2026-08-07T15:14:30.704460+00:00,timeseries_24h,1749,"{""timestamp"": 1775347200, ""avgHighPrice"": 2467, ""avgLowPrice"": 2429, ""highPriceVolume"": 46381, ""lowPriceVolume"": 134617}"
2026-04-06 00:00:00+00:00,1775433600,2540.0,2493,29128,203334,232462,1.88527878058564,47.0,10925714.0,10925714.0,2026-08-07T15:14:30.704460+00:00,timeseries_24h,1749,"{""timestamp"": 1775433600, ""avgHighPrice"": 2540, ""avgLowPrice"": 2493, ""highPriceVolume"": 29128, ""lowPriceVolume"": 203334}"
2026-04-07 00:00:00+00:00,1775520000,2525.0,2565,78367,203493,281860,-1.5594541910331383,-40.0,-11274400.0,-11274400.0,2026-08-07T15:14:30.704460+00:00,timeseries_24h,1749,"{""timestamp"": 1775520000, ""avgHighPrice"": 2525, ""avgLowPrice"": 2565, ""highPriceVolume"": 78367, ""lowPriceVolume"": 203493}"
2026-04-08 00:00:00+00:00,1775606400,2547.0,2531,71767,535254,607021,0.632161201106282,16.0,9712336.0,9712336.0,2026-08-07T15:14:30.704460+00:00,timeseries_24h,1749,"{""timestamp"": 1775606400, ""avgHighPrice"": 2547, ""avgLowPrice"": 2531, ""highPriceVolume"": 71767, ""lowPriceVolume"": 535254}"
2026-04-09 00:00:00+00:00,1775692800,2651.0,2625,20448,477054,497502,0.9904761904761904,26.0,12935052.0,12935052.0,2026-08-07T15:14:30.704460+00:00,timeseries_24h,1749,"{""timestamp"": 1775692800, ""avgHighPrice"": 2651, ""avgLowPrice"": 2625, ""highPriceVolume"": 20448, ""lowPriceVolume"": 477054}"
2026-04-10 00:00:00+00:00,1775779200,2657.0,2638,39858,454786,494644,0.7202426080363912,19.0,9398236.0,9398236.0,2026-08-07T15:14:30.704460+00:00,timeseries_24h,1749,"{""timestamp"": 1775779200, ""avgHighPrice"": 2657, ""avgLowPrice"": 2638, ""highPriceVolume"": 39858, ""lowPriceVolume"": 454786}"
2026-04-11 00:00:00+00:00,1775865600,2636.0,2623,33182,133945,167127,0.49561570720548986,13.0,2172651.0,2172651.0,2026-08-07T15:14:30.704460+00:00,timeseries_24h,1749,"{""timestamp"": 1775865600, ""avgHighPrice"": 2636, ""avgLowPrice"": 2623, ""highPriceVolume"": 33182, ""lowPriceVolume"": 133945}"
2026-04-12 00:00:00+00:00,1775952000,2612.0,2614,50227,317928,368155,-0.07651109410864575,-2.0,-736310.0,-736310.0,2026-08-07T15:14:30.704460+00:00,timeseries_24h,1749,"{""timestamp"": 1775952000, ""avgHighPrice"": 2612, ""avgLowPrice"": 2614, ""highPriceVolume"": 50227, ""lowPriceVolume"": 317928}"
2026-04-13 00:00:00+00:00,1776038400,2678.0,2671,82037,602433,684470,0.2620741295394983,7.0,4791290.0,4791290.0,2026-08-07T15:14:30.704460+00:00,timeseries_24h,1749,"{""timestamp"": 1776038400, ""avgHighPrice"": 2678, ""avgLowPrice"": 2671, ""highPriceVolume"": 82037, ""lowPriceVolume"": 602433}"
2026-04-14 00:00:00+00:00,1776124800,2733.0,2701,13178,136019,149197,1.1847463902258424,32.0,4774304.0,4774304.0,2026-08-07T15:14:30.704460+00:00,timeseries_24h,1749,"{""timestamp"": 1776124800, ""avgHighPrice"": 2733, ""avgLowPrice"": 2701, ""highPriceVolume"": 13178, ""lowPriceVolume"": 136019}"
2026-04-15 00:00:00+00:00,1776211200,2749.0,2748,36328,402661,438989,0.0363901018922853,1.0,438989.0,438989.0,2026-08-07T15:14:30.704460+00:00,timeseries_24h,1749,"{""timestamp"": 1776211200, ""avgHighPrice"": 2749, ""avgLowPrice"": 2748, ""highPriceVolume"": 36328, ""lowPriceVolume"": 402661}"
2026-04-16 00:00:00+00:00,1776297600,2858.0,2815,11092,378309,389401,1.52753108348135,43.0,16744243.0,16744243.0,2026-08-07T15:14:30.704460+00:00,timeseries_24h,1749,"{""timestamp"": 1776297600, ""avgHighPrice"": 2858, ""avgLowPrice"": 2815, ""highPriceVolume"": 11092, ""lowPriceVolume"": 378309}"
2026-04-17 00:00:00+00:00,1776384000,2703.0,2735,34992,322218,357210,-1.170018281535649,-32.0,-11430720.0,-11430720.0,2026-08-07T15:14:30.704460+00:00,timeseries_24h,1749,"{""timestamp"": 1776384000, ""avgHighPrice"": 2703, ""avgLowPrice"": 2735, ""highPriceVolume"": 34992, ""lowPriceVolume"": 322218}"
2026-04-18 00:00:00+00:00,1776470400,2673.0,2655,9565,183758,193323,0.6779661016949152,18.0,3479814.0,3479814.0,2026-08-07T15:14:30.704460+00:00,timeseries_24h,1749,"{""timestamp"": 1776470400, ""avgHighPrice"": 2673, ""avgLowPrice"": 2655, ""highPriceVolume"": 9565, ""lowPriceVolume"": 183758}"
2026-04-19 00:00:00+00:00,1776556800,2704.0,2684,9468,90238,99706,0.7451564828614009,20.0,1994120.0,1994120.0,2026-08-07T15:14:30.704460+00:00,timeseries_24h,1749,"{""timestamp"": 1776556800, ""avgHighPrice"": 2704, ""avgLowPrice"": 2684, ""highPriceVolume"": 9468, ""lowPriceVolume"": 90238}"
2026-04-20 00:00:00+00:00,1776643200,2745.0,2746,24640,430321,454961,-0.03641660597232338,-1.0,-454961.0,-454961.0,2026-08-07T15:14:30.704460+00:00,timeseries_24h,1749,"{""timestamp"": 1776643200, ""avgHighPrice"": 2745, ""avgLowPrice"": 2746, ""highPriceVolume"": 24640, ""lowPriceVolume"": 430321}"
2026-04-21 00:00:00+00:00,1776729600,2771.0,2771,22607,377497,400104,0.0,0.0,0.0,0.0,2026-08-07T15:14:30.704460+00:00,timeseries_24h,1749,"{""timestamp"": 1776729600, ""avgHighPrice"": 2771, ""avgLowPrice"": 2771, ""highPriceVolume"": 22607, ""lowPriceVolume"": 377497}"
2026-04-22 00:00:00+00:00,1776816000,2731.0,2772,8206,288172,296378,-1.479076479076479,-41.0,-12151498.0,-12151498.0,2026-08-07T15:14:30.704460+00:00,timeseries_24h,1749,"{""timestamp"": 1776816000, ""avgHighPrice"": 2731, ""avgLowPrice"": 2772, ""highPriceVolume"": 8206, ""lowPriceVolume"": 288172}"
2026-04-23 00:00:00+00:00,1776902400,2742.0,2726,19529,153029,172558,0.586940572267058,16.0,2760928.0,2760928.0,2026-08-07T15:14:30.704460+00:00,timeseries_24h,1749,"{""timestamp"": 1776902400, ""avgHighPrice"": 2742, ""avgLowPrice"": 2726, ""highPriceVolume"": 19529, ""lowPriceVolume"": 153029}"
2026-04-24 00:00:00+00:00,1776988800,2733.0,2729,33856,126622,160478,0.14657383657017223,4.0,641912.0,641912.0,2026-08-07T15:14:30.704460+00:00,timeseries_24h,1749,"{""timestamp"": 1776988800, ""avgHighPrice"": 2733, ""avgLowPrice"": 2729, ""highPriceVolume"": 33856, ""lowPriceVolume"": 126622}"
2026-04-25 00:00:00+00:00,1777075200,2577.0,2566,19406,127572,146978,0.4286827747466875,11.0,1616758.0,1616758.0,2026-08-07T15:14:30.704460+00:00,timeseries_24h,1749,"{""timestamp"": 1777075200, ""avgHighPrice"": 2577, ""avgLowPrice"": 2566, ""highPriceVolume"": 19406, ""lowPriceVolume"": 127572}"
2026-04-26 00:00:00+00:00,1777161600,2654.0,2643,5958,95997,101955,0.41619371925841847,11.0,1121505.0,1121505.0,2026-08-07T15:14:30.704460+00:00,timeseries_24h,1749,"{""timestamp"": 1777161600, ""avgHighPrice"": 2654, ""avgLowPrice"": 2643, ""highPriceVolume"": 5958, ""lowPriceVolume"": 95997}"
2026-04-27 00:00:00+00:00,1777248000,2511.0,2511,48230,383339,431569,0.0,0.0,0.0,0.0,2026-08-07T15:14:30.704460+00:00,timeseries_24h,1749,"{""timestamp"": 1777248000, ""avgHighPrice"": 2511, ""avgLowPrice"": 2511, ""highPriceVolume"": 48230, ""lowPriceVolume"": 383339}"
2026-04-28 00:00:00+00:00,1777334400,2507.0,2477,18658,127086,145744,1.2111425111021397,30.0,4372320.0,4372320.0,2026-08-07T15:14:30.704460+00:00,timeseries_24h,1749,"{""timestamp"": 1777334400, ""avgHighPrice"": 2507, ""avgLowPrice"": 2477, ""highPriceVolume"": 18658, ""lowPriceVolume"": 127086}"
2026-04-29 00:00:00+00:00,1777420800,2452.0,2415,40984,289871,330855,1.5320910973084885,37.0,12241635.0,12241635.0,2026-08-07T15:14:30.704460+00:00,timeseries_24h,1749,"{""timestamp"": 1777420800, ""avgHighPrice"": 2452, ""avgLowPrice"": 2415, ""highPriceVolume"": 40984, ""lowPriceVolume"": 289871}"
2026-04-30 00:00:00+00:00,1777507200,2499.0,2503,13078,173005,186083,-0.15980823012385137,-4.0,-744332.0,-744332.0,2026-08-07T15:14:30.704460+00:00,timeseries_24h,1749,"{""timestamp"": 1777507200, ""avgHighPrice"": 2499, ""avgLowPrice"": 2503, ""highPriceVolume"": 13078, ""lowPriceVolume"": 173005}"
2026-05-01 00:00:00+00:00,1777593600,2522.0,2528,36794,305660,342454,-0.23734177215189875,-6.0,-2054724.0,-2054724.0,2026-08-07T15:14:30.704460+00:00,timeseries_24h,1749,"{""timestamp"": 1777593600, ""avgHighPrice"": 2522, ""avgLowPrice"": 2528, ""highPriceVolume"": 36794, ""lowPriceVolume"": 305660}"
2026-05-02 00:00:00+00:00,1777680000,2550.0,2504,12014,47385,59399,1.8370607028753994,46.0,2732354.0,2732354.0,2026-08-07T15:14:30.704460+00:00,timeseries_24h,1749,"{""timestamp"": 1777680000, ""avgHighPrice"": 2550, ""avgLowPrice"": 2504, ""highPriceVolume"": 12014, ""lowPriceVolume"": 47385}"
2026-05-03 00:00:00+00:00,1777766400,2548.0,2544,31008,400400,431408,0.15723270440251574,4.0,1725632.0,1725632.0,2026-08-07T15:14:30.704460+00:00,timeseries_24h,1749,"{""timestamp"": 1777766400, ""avgHighPrice"": 2548, ""avgLowPrice"": 2544, ""highPriceVolume"": 31008, ""lowPriceVolume"": 400400}"
2026-05-04 00:00:00+00:00,1777852800,2630.0,2631,32891,337176,370067,-0.03800836183960471,-1.0,-370067.0,-370067.0,2026-08-07T15:14:30.704460+00:00,timeseries_24h,1749,"{""timestamp"": 1777852800, ""avgHighPrice"": 2630, ""avgLowPrice"": 2631, ""highPriceVolume"": 32891, ""lowPriceVolume"": 337176}"
2026-05-05 00:00:00+00:00,1777939200,2650.0,2635,29990,382998,412988,0.5692599620493358,15.0,6194820.0,6194820.0,2026-08-07T15:14:30.704460+00:00,timeseries_24h,1749,"{""timestamp"": 1777939200, ""avgHighPrice"": 2650, ""avgLowPrice"": 2635, ""highPriceVolume"": 29990, ""lowPriceVolume"": 382998}"
2026-05-06 00:00:00+00:00,1778025600,2736.0,2722,13343,144295,157638,0.5143277002204262,14.0,2206932.0,2206932.0,2026-08-07T15:14:30.704460+00:00,timeseries_24h,1749,"{""timestamp"": 1778025600, ""avgHighPrice"": 2736, ""avgLowPrice"": 2722, ""highPriceVolume"": 13343, ""lowPriceVolume"": 144295}"
2026-05-07 00:00:00+00:00,1778112000,2655.0,2634,34863,169808,204671,0.7972665148063782,21.0,4298091.0,4298091.0,2026-08-07T15:14:30.704460+00:00,timeseries_24h,1749,"{""timestamp"": 1778112000, ""avgHighPrice"": 2655, ""avgLowPrice"": 2634, ""highPriceVolume"": 34863, ""lowPriceVolume"": 169808}"
2026-05-08 00:00:00+00:00,1778198400,2633.0,2615,60537,435802,496339,0.6883365200764818,18.0,8934102.0,8934102.0,2026-08-07T15:14:30.704460+00:00,timeseries_24h,1749,"{""timestamp"": 1778198400, ""avgHighPrice"": 2633, ""avgLowPrice"": 2615, ""highPriceVolume"": 60537, ""lowPriceVolume"": 435802}"
2026-05-09 00:00:00+00:00,1778284800,2645.0,2650,38282,186050,224332,-0.18867924528301888,-5.0,-1121660.0,-1121660.0,2026-08-07T15:14:30.704460+00:00,timeseries_24h,1749,"{""timestamp"": 1778284800, ""avgHighPrice"": 2645, ""avgLowPrice"": 2650, ""highPriceVolume"": 38282, ""lowPriceVolume"": 186050}"
2026-05-10 00:00:00+00:00,1778371200,2632.0,2594,24284,156441,180725,1.4649190439475714,38.0,6867550.0,6867550.0,2026-08-07T15:14:30.704460+00:00,timeseries_24h,1749,"{""timestamp"": 1778371200, ""avgHighPrice"": 2632, ""avgLowPrice"": 2594, ""highPriceVolume"": 24284, ""lowPriceVolume"": 156441}"
2026-05-11 00:00:00+00:00,1778457600,2452.0,2444,48645,170025,218670,0.32733224222585927,8.0,1749360.0,1749360.0,2026-08-07T15:14:30.704460+00:00,timeseries_24h,1749,"{""timestamp"": 1778457600, ""avgHighPrice"": 2452, ""avgLowPrice"": 2444, ""highPriceVolume"": 48645, ""lowPriceVolume"": 170025}"
2026-05-12 00:00:00+00:00,1778544000,2509.0,2529,17062,164975,182037,-0.7908264136022143,-20.0,-3640740.0,-3640740.0,2026-08-07T15:14:30.704460+00:00,timeseries_24h,1749,"{""timestamp"": 1778544000, ""avgHighPrice"": 2509, ""avgLowPrice"": 2529, ""highPriceVolume"": 17062, ""lowPriceVolume"": 164975}"
2026-05-13 00:00:00+00:00,1778630400,2521.0,2509,17933,90119,108052,0.47827819848545233,12.0,1296624.0,1296624.0,2026-08-07T15:14:30.704460+00:00,timeseries_24h,1749,"{""timestamp"": 1778630400, ""avgHighPrice"": 2521, ""avgLowPrice"": 2509, ""highPriceVolume"": 17933, ""lowPriceVolume"": 90119}"
2026-05-14 00:00:00+00:00,1778716800,2789.0,2788,4774,95303,100077,0.03586800573888092,1.0,100077.0,100077.0,2026-08-07T15:14:30.704460+00:00,timeseries_24h,1749,"{""timestamp"": 1778716800, ""avgHighPrice"": 2789, ""avgLowPrice"": 2788, ""highPriceVolume"": 4774, ""lowPriceVolume"": 95303}"
2026-05-15 00:00:00+00:00,1778803200,2839.0,2772,4643,151216,155859,2.417027417027417,67.0,10442553.0,10442553.0,2026-08-07T15:14:30.704460+00:00,timeseries_24h,1749,"{""timestamp"": 1778803200, ""avgHighPrice"": 2839, ""avgLowPrice"": 2772, ""highPriceVolume"": 4643, ""lowPriceVolume"": 151216}"
2026-05-16 00:00:00+00:00,1778889600,2785.0,2797,14291,114496,128787,-0.42903110475509476,-12.0,-1545444.0,-1545444.0,2026-08-07T15:14:30.704460+00:00,timeseries_24h,1749,"{""timestamp"": 1778889600, ""avgHighPrice"": 2785, ""avgLowPrice"": 2797, ""highPriceVolume"": 14291, ""lowPriceVolume"": 114496}"
2026-05-17 00:00:00+00:00,1778976000,2667.0,2659,24757,168792,193549,0.30086498683715684,8.0,1548392.0,1548392.0,2026-08-07T15:14:30.704460+00:00,timeseries_24h,1749,"{""timestamp"": 1778976000, ""avgHighPrice"": 2667, ""avgLowPrice"": 2659, ""highPriceVolume"": 24757, ""lowPriceVolume"": 168792}"
2026-05-18 00:00:00+00:00,1779062400,2688.0,2674,13393,158671,172064,0.5235602094240838,14.0,2408896.0,2408896.0,2026-08-07T15:14:30.704460+00:00,timeseries_24h,1749,"{""timestamp"": 1779062400, ""avgHighPrice"": 2688, ""avgLowPrice"": 2674, ""highPriceVolume"": 13393, ""lowPriceVolume"": 158671}"
2026-05-19 00:00:00+00:00,1779148800,2799.0,2770,8125,134819,142944,1.0469314079422383,29.0,4145376.0,4145376.0,2026-08-07T15:14:30.704460+00:00,timeseries_24h,1749,"{""timestamp"": 1779148800, ""avgHighPrice"": 2799, ""avgLowPrice"": 2770, ""highPriceVolume"": 8125, ""lowPriceVolume"": 134819}"
2026-05-20 00:00:00+00:00,1779235200,2733.0,2731,12694,90850,103544,0.07323324789454412,2.0,207088.0,207088.0,2026-08-07T15:14:30.704460+00:00,timeseries_24h,1749,"{""timestamp"": 1779235200, ""avgHighPrice"": 2733, ""avgLowPrice"": 2731, ""highPriceVolume"": 12694, ""lowPriceVolume"": 90850}"
2026-05-21 00:00:00+00:00,1779321600,2758.0,2726,6238,126846,133084,1.173881144534116,32.0,4258688.0,4258688.0,2026-08-07T15:14:30.704460+00:00,timeseries_24h,1749,"{""timestamp"": 1779321600, ""avgHighPrice"": 2758, ""avgLowPrice"": 2726, ""highPriceVolume"": 6238, ""lowPriceVolume"": 126846}"
2026-05-22 00:00:00+00:00,1779408000,2754.0,2804,5507,105807,111314,-1.783166904422254,-50.0,-5565700.0,-5565700.0,2026-08-07T15:14:30.704460+00:00,timeseries_24h,1749,"{""timestamp"": 1779408000, ""avgHighPrice"": 2754, ""avgLowPrice"": 2804, ""highPriceVolume"": 5507, ""lowPriceVolume"": 105807}"
2026-05-23 00:00:00+00:00,1779494400,2713.0,2723,158,17107,17265,-0.3672420124862284,-10.0,-172650.0,-172650.0,2026-08-07T15:14:30.704460+00:00,timeseries_24h,1749,"{""timestamp"": 1779494400, ""avgHighPrice"": 2713, ""avgLowPrice"": 2723, ""highPriceVolume"": 158, ""lowPriceVolume"": 17107}"
2026-05-24 00:00:00+00:00,1779580800,2610.0,2604,7713,38508,46221,0.2304147465437788,6.0,277326.0,277326.0,2026-08-07T15:14:30.704460+00:00,timeseries_24h,1749,"{""timestamp"": 1779580800, ""avgHighPrice"": 2610, ""avgLowPrice"": 2604, ""highPriceVolume"": 7713, ""lowPriceVolume"": 38508}"
2026-05-25 00:00:00+00:00,1779667200,2655.0,2600,11088,51454,62542,2.1153846153846154,55.0,3439810.0,3439810.0,2026-08-07T15:14:30.704460+00:00,timeseries_24h,1749,"{""timestamp"": 1779667200, ""avgHighPrice"": 2655, ""avgLowPrice"": 2600, ""highPriceVolume"": 11088, ""lowPriceVolume"": 51454}"
2026-05-26 00:00:00+00:00,1779753600,2555.0,2599,36194,119589,155783,-1.6929588303193535,-44.0,-6854452.0,-6854452.0,2026-08-07T15:14:30.704460+00:00,timeseries_24h,1749,"{""timestamp"": 1779753600, ""avgHighPrice"": 2555, ""avgLowPrice"": 2599, ""highPriceVolume"": 36194, ""lowPriceVolume"": 119589}"
2026-05-27 00:00:00+00:00,1779840000,2614.0,2615,5634,55445,61079,-0.03824091778202677,-1.0,-61079.0,-61079.0,2026-08-07T15:14:30.704460+00:00,timeseries_24h,1749,"{""timestamp"": 1779840000, ""avgHighPrice"": 2614, ""avgLowPrice"": 2615, ""highPriceVolume"": 5634, ""lowPriceVolume"": 55445}"
2026-05-28 00:00:00+00:00,1779926400,2669.0,2650,6328,68158,74486,0.7169811320754716,19.0,1415234.0,1415234.0,2026-08-07T15:14:30.704460+00:00,timeseries_24h,1749,"{""timestamp"": 1779926400, ""avgHighPrice"": 2669, ""avgLowPrice"": 2650, ""highPriceVolume"": 6328, ""lowPriceVolume"": 68158}"
2026-05-29 00:00:00+00:00,1780012800,2670.0,2679,36373,196671,233044,-0.33594624860022393,-9.0,-2097396.0,-2097396.0,2026-08-07T15:14:30.704460+00:00,timeseries_24h,1749,"{""timestamp"": 1780012800, ""avgHighPrice"": 2670, ""avgLowPrice"": 2679, ""highPriceVolume"": 36373, ""lowPriceVolume"": 196671}"
2026-05-30 00:00:00+00:00,1780099200,2690.0,2657,15542,124593,140135,1.2420022581859238,33.0,4624455.0,4624455.0,2026-08-07T15:14:30.704460+00:00,timeseries_24h,1749,"{""timestamp"": 1780099200, ""avgHighPrice"": 2690, ""avgLowPrice"": 2657, ""highPriceVolume"": 15542, ""lowPriceVolume"": 124593}"
2026-05-31 00:00:00+00:00,1780185600,2657.0,2651,17744,108116,125860,0.2263296869105998,6.0,755160.0,755160.0,2026-08-07T15:14:30.704460+00:00,timeseries_24h,1749,"{""timestamp"": 1780185600, ""avgHighPrice"": 2657, ""avgLowPrice"": 2651, ""highPriceVolume"": 17744, ""lowPriceVolume"": 108116}"
2026-06-01 00:00:00+00:00,1780272000,2624.0,2578,12533,70381,82914,1.7843289371605897,46.0,3814044.0,3814044.0,2026-08-07T15:14:30.704460+00:00,timeseries_24h,1749,"{""timestamp"": 1780272000, ""avgHighPrice"": 2624, ""avgLowPrice"": 2578, ""highPriceVolume"": 12533, ""lowPriceVolume"": 70381}"
2026-06-02 00:00:00+00:00,1780358400,2611.0,2598,69387,200737,270124,0.5003849114703618,13.0,3511612.0,3511612.0,2026-08-07T15:14:30.704460+00:00,timeseries_24h,1749,"{""timestamp"": 1780358400, ""avgHighPrice"": 2611, ""avgLowPrice"": 2598, ""highPriceVolume"": 69387, ""lowPriceVolume"": 200737}"
2026-06-03 00:00:00+00:00,1780444800,2582.0,2538,26905,107889,134794,1.7336485421591805,44.0,5930936.0,5930936.0,2026-08-07T15:14:30.704460+00:00,timeseries_24h,1749,"{""timestamp"": 1780444800, ""avgHighPrice"": 2582, ""avgLowPrice"": 2538, ""highPriceVolume"": 26905, ""lowPriceVolume"": 107889}"
2026-06-04 00:00:00+00:00,1780531200,2548.0,2526,16781,96480,113261,0.870942201108472,22.0,2491742.0,2491742.0,2026-08-07T15:14:30.704460+00:00,timeseries_24h,1749,"{""timestamp"": 1780531200, ""avgHighPrice"": 2548, ""avgLowPrice"": 2526, ""highPriceVolume"": 16781, ""lowPriceVolume"": 96480}"
2026-06-05 00:00:00+00:00,1780617600,2434.0,2446,1723,55191,56914,-0.49059689288634506,-12.0,-682968.0,-682968.0,2026-08-07T15:14:30.704460+00:00,timeseries_24h,1749,"{""timestamp"": 1780617600, ""avgHighPrice"": 2434, ""avgLowPrice"": 2446, ""highPriceVolume"": 1723, ""lowPriceVolume"": 55191}"
2026-06-06 00:00:00+00:00,1780704000,2303.0,2291,11849,79305,91154,0.5237887385421214,12.0,1093848.0,1093848.0,2026-08-07T15:14:30.704460+00:00,timeseries_24h,1749,"{""timestamp"": 1780704000, ""avgHighPrice"": 2303, ""avgLowPrice"": 2291, ""highPriceVolume"": 11849, ""lowPriceVolume"": 79305}"
2026-06-07 00:00:00+00:00,1780790400,2155.0,2143,9284,85903,95187,0.5599626691553896,12.0,1142244.0,1142244.0,2026-08-07T15:14:30.704460+00:00,timeseries_24h,1749,"{""timestamp"": 1780790400, ""avgHighPrice"": 2155, ""avgLowPrice"": 2143, ""highPriceVolume"": 9284, ""lowPriceVolume"": 85903}"
2026-06-08 00:00:00+00:00,1780876800,2251.0,2221,43193,167311,210504,1.35074290859973,30.0,6315120.0,6315120.0,2026-08-07T15:14:30.704460+00:00,timeseries_24h,1749,"{""timestamp"": 1780876800, ""avgHighPrice"": 2251, ""avgLowPrice"": 2221, ""highPriceVolume"": 43193, ""lowPriceVolume"": 167311}"
2026-06-09 00:00:00+00:00,1780963200,2465.0,2448,28200,114512,142712,0.6944444444444444,17.0,2426104.0,2426104.0,2026-08-07T15:14:30.704460+00:00,timeseries_24h,1749,"{""timestamp"": 1780963200, ""avgHighPrice"": 2465, ""avgLowPrice"": 2448, ""highPriceVolume"": 28200, ""lowPriceVolume"": 114512}"
2026-06-10 00:00:00+00:00,1781049600,2555.0,2546,25099,99506,124605,0.3534956794972506,9.0,1121445.0,1121445.0,2026-08-07T15:14:30.704460+00:00,timeseries_24h,1749,"{""timestamp"": 1781049600, ""avgHighPrice"": 2555, ""avgLowPrice"": 2546, ""highPriceVolume"": 25099, ""lowPriceVolume"": 99506}"
2026-06-11 00:00:00+00:00,1781136000,2588.0,2539,13174,174720,187894,1.929893658920835,49.0,9206806.0,9206806.0,2026-08-07T15:14:30.704460+00:00,timeseries_24h,1749,"{""timestamp"": 1781136000, ""avgHighPrice"": 2588, ""avgLowPrice"": 2539, ""highPriceVolume"": 13174, ""lowPriceVolume"": 174720}"
2026-06-12 00:00:00+00:00,1781222400,2564.0,2520,2717,69749,72466,1.746031746031746,44.0,3188504.0,3188504.0,2026-08-07T15:14:30.704460+00:00,timeseries_24h,1749,"{""timestamp"": 1781222400, ""avgHighPrice"": 2564, ""avgLowPrice"": 2520, ""highPriceVolume"": 2717, ""lowPriceVolume"": 69749}"
2026-06-13 00:00:00+00:00,1781308800,2513.0,2497,12256,86757,99013,0.6407689227072487,16.0,1584208.0,1584208.0,2026-08-07T15:14:30.704460+00:00,timeseries_24h,1749,"{""timestamp"": 1781308800, ""avgHighPrice"": 2513, ""avgLowPrice"": 2497, ""highPriceVolume"": 12256, ""lowPriceVolume"": 86757}"
2026-06-14 00:00:00+00:00,1781395200,2404.0,2380,5866,80840,86706,1.0084033613445378,24.0,2080944.0,2080944.0,2026-08-07T15:14:30.704460+00:00,timeseries_24h,1749,"{""timestamp"": 1781395200, ""avgHighPrice"": 2404, ""avgLowPrice"": 2380, ""highPriceVolume"": 5866, ""lowPriceVolume"": 80840}"
2026-06-15 00:00:00+00:00,1781481600,2390.0,2382,20271,96876,117147,0.33585222502099077,8.0,937176.0,937176.0,2026-08-07T15:14:30.704460+00:00,timeseries_24h,1749,"{""timestamp"": 1781481600, ""avgHighPrice"": 2390, ""avgLowPrice"": 2382, ""highPriceVolume"": 20271, ""lowPriceVolume"": 96876}"
2026-06-16 00:00:00+00:00,1781568000,2379.0,2331,32370,96928,129298,2.0592020592020592,48.0,6206304.0,6206304.0,2026-08-07T15:14:30.704460+00:00,timeseries_24h,1749,"{""timestamp"": 1781568000, ""avgHighPrice"": 2379, ""avgLowPrice"": 2331, ""highPriceVolume"": 32370, ""lowPriceVolume"": 96928}"
2026-06-17 00:00:00+00:00,1781654400,2359.0,2333,15007,54354,69361,1.1144449207029576,26.0,1803386.0,1803386.0,2026-08-07T15:14:30.704460+00:00,timeseries_24h,1749,"{""timestamp"": 1781654400, ""avgHighPrice"": 2359, ""avgLowPrice"": 2333, ""highPriceVolume"": 15007, ""lowPriceVolume"": 54354}"
2026-06-18 00:00:00+00:00,1781740800,2278.0,2292,5673,16608,22281,-0.6108202443280977,-14.0,-311934.0,-311934.0,2026-08-07T15:14:30.704460+00:00,timeseries_24h,1749,"{""timestamp"": 1781740800, ""avgHighPrice"": 2278, ""avgLowPrice"": 2292, ""highPriceVolume"": 5673, ""lowPriceVolume"": 16608}"
2026-06-19 00:00:00+00:00,1781827200,2345.0,2308,1544,45055,46599,1.6031195840554593,37.0,1724163.0,1724163.0,2026-08-07T15:14:30.704460+00:00,timeseries_24h,1749,"{""timestamp"": 1781827200, ""avgHighPrice"": 2345, ""avgLowPrice"": 2308, ""highPriceVolume"": 1544, ""lowPriceVolume"": 45055}"
2026-06-20 00:00:00+00:00,1781913600,2306.0,2305,7090,77148,84238,0.04338394793926247,1.0,84238.0,84238.0,2026-08-07T15:14:30.704460+00:00,timeseries_24h,1749,"{""timestamp"": 1781913600, ""avgHighPrice"": 2306, ""avgLowPrice"": 2305, ""highPriceVolume"": 7090, ""lowPriceVolume"": 77148}"
2026-06-21 00:00:00+00:00,1782000000,2297.0,2309,12081,159560,171641,-0.5197055002165439,-12.0,-2059692.0,-2059692.0,2026-08-07T15:14:30.704460+00:00,timeseries_24h,1749,"{""timestamp"": 1782000000, ""avgHighPrice"": 2297, ""avgLowPrice"": 2309, ""highPriceVolume"": 12081, ""lowPriceVolume"": 159560}"
2026-06-22 00:00:00+00:00,1782086400,2320.0,2320,303,39918,40221,0.0,0.0,0.0,0.0,2026-08-07T15:14:30.704460+00:00,timeseries_24h,1749,"{""timestamp"": 1782086400, ""avgHighPrice"": 2320, ""avgLowPrice"": 2320, ""highPriceVolume"": 303, ""lowPriceVolume"": 39918}"
2026-06-23 00:00:00+00:00,1782172800,2395.0,2326,4730,81201,85931,2.9664660361135,69.0,5929239.0,5929239.0,2026-08-07T15:14:30.704460+00:00,timeseries_24h,1749,"{""timestamp"": 1782172800, ""avgHighPrice"": 2395, ""avgLowPrice"": 2326, ""highPriceVolume"": 4730, ""lowPriceVolume"": 81201}"
2026-06-24 00:00:00+00:00,1782259200,2293.0,2270,14912,158006,172918,1.013215859030837,23.0,3977114.0,3977114.0,2026-08-07T15:14:30.704460+00:00,timeseries_24h,1749,"{""timestamp"": 1782259200, ""avgHighPrice"": 2293, ""avgLowPrice"": 2270, ""highPriceVolume"": 14912, ""lowPriceVolume"": 158006}"
2026-06-25 00:00:00+00:00,1782345600,2280.0,2259,23520,71562,95082,0.9296148738379815,21.0,1996722.0,1996722.0,2026-08-07T15:14:30.704460+00:00,timeseries_24h,1749,"{""timestamp"": 1782345600, ""avgHighPrice"": 2280, ""avgLowPrice"": 2259, ""highPriceVolume"": 23520, ""lowPriceVolume"": 71562}"
2026-06-26 00:00:00+00:00,1782432000,2302.0,2308,15576,175432,191008,-0.25996533795493937,-6.0,-1146048.0,-1146048.0,2026-08-07T15:14:30.704460+00:00,timeseries_24h,1749,"{""timestamp"": 1782432000, ""avgHighPrice"": 2302, ""avgLowPrice"": 2308, ""highPriceVolume"": 15576, ""lowPriceVolume"": 175432}"
2026-06-27 00:00:00+00:00,1782518400,2365.0,2358,855,90323,91178,0.2968617472434266,7.0,638246.0,638246.0,2026-08-07T15:14:30.704460+00:00,timeseries_24h,1749,"{""timestamp"": 1782518400, ""avgHighPrice"": 2365, ""avgLowPrice"": 2358, ""highPriceVolume"": 855, ""lowPriceVolume"": 90323}"
2026-06-28 00:00:00+00:00,1782604800,2625.0,2529,8669,137260,145929,3.795966785290629,96.0,14009184.0,14009184.0,2026-08-07T15:14:30.704460+00:00,timeseries_24h,1749,"{""timestamp"": 1782604800, ""avgHighPrice"": 2625, ""avgLowPrice"": 2529, ""highPriceVolume"": 8669, ""lowPriceVolume"": 137260}"
2026-06-29 00:00:00+00:00,1782691200,2426.0,2419,39058,164835,203893,0.28937577511368334,7.0,1427251.0,1427251.0,2026-08-07T15:14:30.704460+00:00,timeseries_24h,1749,"{""timestamp"": 1782691200, ""avgHighPrice"": 2426, ""avgLowPrice"": 2419, ""highPriceVolume"": 39058, ""lowPriceVolume"": 164835}"
2026-06-30 00:00:00+00:00,1782777600,2581.0,2558,1951,111747,113698,0.8991399530883503,23.0,2615054.0,2615054.0,2026-08-07T15:14:30.704460+00:00,timeseries_24h,1749,"{""timestamp"": 1782777600, ""avgHighPrice"": 2581, ""avgLowPrice"": 2558, ""highPriceVolume"": 1951, ""lowPriceVolume"": 111747}"
2026-07-01 00:00:00+00:00,1782864000,2468.0,2480,139,659,798,-0.4838709677419355,-12.0,-9576.0,-9576.0,2026-08-07T15:14:30.704460+00:00,timeseries_24h,1749,"{""timestamp"": 1782864000, ""avgHighPrice"": 2468, ""avgLowPrice"": 2480, ""highPriceVolume"": 139, ""lowPriceVolume"": 659}"
2026-07-02 00:00:00+00:00,1782950400,2399.0,2380,3013,18521,21534,0.7983193277310924,19.0,409146.0,409146.0,2026-08-07T15:14:30.704460+00:00,timeseries_24h,1749,"{""timestamp"": 1782950400, ""avgHighPrice"": 2399, ""avgLowPrice"": 2380, ""highPriceVolume"": 3013, ""lowPriceVolume"": 18521}"
2026-07-03 00:00:00+00:00,1783036800,2418.0,2421,3366,43923,47289,-0.12391573729863693,-3.0,-141867.0,-141867.0,2026-08-07T15:14:30.704460+00:00,timeseries_24h,1749,"{""timestamp"": 1783036800, ""avgHighPrice"": 2418, ""avgLowPrice"": 2421, ""highPriceVolume"": 3366, ""lowPriceVolume"": 43923}"
2026-07-04 00:00:00+00:00,1783123200,2410.0,2417,9653,101601,111254,-0.2896152254861398,-7.0,-778778.0,-778778.0,2026-08-07T15:14:30.704460+00:00,timeseries_24h,1749,"{""timestamp"": 1783123200, ""avgHighPrice"": 2410, ""avgLowPrice"": 2417, ""highPriceVolume"": 9653, ""lowPriceVolume"": 101601}"
2026-07-05 00:00:00+00:00,1783209600,2458.0,2443,4126,97780,101906,0.6139991813344249,15.0,1528590.0,1528590.0,2026-08-07T15:14:30.704460+00:00,timeseries_24h,1749,"{""timestamp"": 1783209600, ""avgHighPrice"": 2458, ""avgLowPrice"": 2443, ""highPriceVolume"": 4126, ""lowPriceVolume"": 97780}"
2026-07-06 00:00:00+00:00,1783296000,2284.0,2287,12850,63131,75981,-0.13117621337997376,-3.0,-227943.0,-227943.0,2026-08-07T15:14:30.704460+00:00,timeseries_24h,1749,"{""timestamp"": 1783296000, ""avgHighPrice"": 2284, ""avgLowPrice"": 2287, ""highPriceVolume"": 12850, ""lowPriceVolume"": 63131}"
2026-07-07 00:00:00+00:00,1783382400,2336.0,2358,8269,90793,99062,-0.9329940627650551,-22.0,-2179364.0,-2179364.0,2026-08-07T15:14:30.704460+00:00,timeseries_24h,1749,"{""timestamp"": 1783382400, ""avgHighPrice"": 2336, ""avgLowPrice"": 2358, ""highPriceVolume"": 8269, ""lowPriceVolume"": 90793}"
2026-07-08 00:00:00+00:00,1783468800,2382.0,2364,19773,63270,83043,0.7614213197969544,18.0,1494774.0,1494774.0,2026-08-07T15:14:30.704460+00:00,timeseries_24h,1749,"{""timestamp"": 1783468800, ""avgHighPrice"": 2382, ""avgLowPrice"": 2364, ""highPriceVolume"": 19773, ""lowPriceVolume"": 63270}"
2026-07-09 00:00:00+00:00,1783555200,2511.0,2498,3038,89633,92671,0.5204163330664532,13.0,1204723.0,1204723.0,2026-08-07T15:14:30.704460+00:00,timeseries_24h,1749,"{""timestamp"": 1783555200, ""avgHighPrice"": 2511, ""avgLowPrice"": 2498, ""highPriceVolume"": 3038, ""lowPriceVolume"": 89633}"
2026-07-10 00:00:00+00:00,1783641600,2427.0,2422,5146,89407,94553,0.20644095788604458,5.0,472765.0,472765.0,2026-08-07T15:14:30.704460+00:00,timeseries_24h,1749,"{""timestamp"": 1783641600, ""avgHighPrice"": 2427, ""avgLowPrice"": 2422, ""highPriceVolume"": 5146, ""lowPriceVolume"": 89407}"
2026-07-11 00:00:00+00:00,1783728000,2461.0,2447,8153,113210,121363,0.5721291377196567,14.0,1699082.0,1699082.0,2026-08-07T15:14:30.704460+00:00,timeseries_24h,1749,"{""timestamp"": 1783728000, ""avgHighPrice"": 2461, ""avgLowPrice"": 2447, ""highPriceVolume"": 8153, ""lowPriceVolume"": 113210}"
2026-07-12 00:00:00+00:00,1783814400,2439.0,2444,10955,81457,92412,-0.20458265139116205,-5.0,-462060.0,-462060.0,2026-08-07T15:14:30.704460+00:00,timeseries_24h,1749,"{""timestamp"": 1783814400, ""avgHighPrice"": 2439, ""avgLowPrice"": 2444, ""highPriceVolume"": 10955, ""lowPriceVolume"": 81457}"
2026-07-13 00:00:00+00:00,1783900800,2442.0,2435,2980,34130,37110,0.2874743326488706,7.0,259770.0,259770.0,2026-08-07T15:14:30.704460+00:00,timeseries_24h,1749,"{""timestamp"": 1783900800, ""avgHighPrice"": 2442, ""avgLowPrice"": 2435, ""highPriceVolume"": 2980, ""lowPriceVolume"": 34130}"
2026-07-14 00:00:00+00:00,1783987200,2419.0,2407,8347,103710,112057,0.4985459077690071,12.0,1344684.0,1344684.0,2026-08-07T15:14:30.704460+00:00,timeseries_24h,1749,"{""timestamp"": 1783987200, ""avgHighPrice"": 2419, ""avgLowPrice"": 2407, ""highPriceVolume"": 8347, ""lowPriceVolume"": 103710}"
2026-07-15 00:00:00+00:00,1784073600,2321.0,2313,3991,25048,29039,0.34587116299178555,8.0,232312.0,232312.0,2026-08-07T15:14:30.704460+00:00,timeseries_24h,1749,"{""timestamp"": 1784073600, ""avgHighPrice"": 2321, ""avgLowPrice"": 2313, ""highPriceVolume"": 3991, ""lowPriceVolume"": 25048}"
2026-07-16 00:00:00+00:00,1784160000,2286.0,2275,44377,197503,241880,0.4835164835164835,11.0,2660680.0,2660680.0,2026-08-07T15:14:30.704460+00:00,timeseries_24h,1749,"{""timestamp"": 1784160000, ""avgHighPrice"": 2286, ""avgLowPrice"": 2275, ""highPriceVolume"": 44377, ""lowPriceVolume"": 197503}"
2026-07-17 00:00:00+00:00,1784246400,2287.0,2287,456,27165,27621,0.0,0.0,0.0,0.0,2026-08-07T15:14:30.704460+00:00,timeseries_24h,1749,"{""timestamp"": 1784246400, ""avgHighPrice"": 2287, ""avgLowPrice"": 2287, ""highPriceVolume"": 456, ""lowPriceVolume"": 27165}"
2026-07-18 00:00:00+00:00,1784332800,2422.0,2347,26301,146571,172872,3.1955688112484024,75.0,12965400.0,12965400.0,2026-08-07T15:14:30.704460+00:00,timeseries_24h,1749,"{""timestamp"": 1784332800, ""avgHighPrice"": 2422, ""avgLowPrice"": 2347, ""highPriceVolume"": 26301, ""lowPriceVolume"": 146571}"
2026-07-19 00:00:00+00:00,1784419200,2332.0,2368,6495,131749,138244,-1.5202702702702704,-36.0,-4976784.0,-4976784.0,2026-08-07T15:14:30.704460+00:00,timeseries_24h,1749,"{""timestamp"": 1784419200, ""avgHighPrice"": 2332, ""avgLowPrice"": 2368, ""highPriceVolume"": 6495, ""lowPriceVolume"": 131749}"
2026-07-20 00:00:00+00:00,1784505600,2346.0,2337,6495,37798,44293,0.38510911424903727,9.0,398637.0,398637.0,2026-08-07T15:14:30.704460+00:00,timeseries_24h,1749,"{""timestamp"": 1784505600, ""avgHighPrice"": 2346, ""avgLowPrice"": 2337, ""highPriceVolume"": 6495, ""lowPriceVolume"": 37798}"
2026-07-21 00:00:00+00:00,1784592000,2322.0,2311,1567,10121,11688,0.4759844223279966,11.0,128568.0,128568.0,2026-08-07T15:14:30.704460+00:00,timeseries_24h,1749,"{""timestamp"": 1784592000, ""avgHighPrice"": 2322, ""avgLowPrice"": 2311, ""highPriceVolume"": 1567, ""lowPriceVolume"": 10121}"
2026-07-22 00:00:00+00:00,1784678400,2377.0,2379,13268,83367,96635,-0.08406893652795291,-2.0,-193270.0,-193270.0,2026-08-07T15:14:30.704460+00:00,timeseries_24h,1749,"{""timestamp"": 1784678400, ""avgHighPrice"": 2377, ""avgLowPrice"": 2379, ""highPriceVolume"": 13268, ""lowPriceVolume"": 83367}"
2026-07-23 00:00:00+00:00,1784764800,2391.0,2387,632,129132,129764,0.1675743611227482,4.0,519056.0,519056.0,2026-08-07T15:14:30.704460+00:00,timeseries_24h,1749,"{""timestamp"": 1784764800, ""avgHighPrice"": 2391, ""avgLowPrice"": 2387, ""highPriceVolume"": 632, ""lowPriceVolume"": 129132}"
2026-07-24 00:00:00+00:00,1784851200,2335.0,2306,165740,782672,948412,1.2575888985255854,29.0,27503948.0,27503948.0,2026-08-07T15:14:30.704460+00:00,timeseries_24h,1749,"{""timestamp"": 1784851200, ""avgHighPrice"": 2335, ""avgLowPrice"": 2306, ""highPriceVolume"": 165740, ""lowPriceVolume"": 782672}"
2026-07-25 00:00:00+00:00,1784937600,2323.0,2304,106568,735633,842201,0.8246527777777778,19.0,16001819.0,16001819.0,2026-08-07T15:14:30.704460+00:00,timeseries_24h,1749,"{""timestamp"": 1784937600, ""avgHighPrice"": 2323, ""avgLowPrice"": 2304, ""highPriceVolume"": 106568, ""lowPriceVolume"": 735633}"
2026-07-26 00:00:00+00:00,1785024000,2271.0,2246,135429,912484,1047913,1.1130899376669634,25.0,26197825.0,26197825.0,2026-08-07T15:14:30.704460+00:00,timeseries_24h,1749,"{""timestamp"": 1785024000, ""avgHighPrice"": 2271, ""avgLowPrice"": 2246, ""highPriceVolume"": 135429, ""lowPriceVolume"": 912484}"
2026-07-27 00:00:00+00:00,1785110400,2287.0,2273,103930,912529,1016459,0.6159260888693356,14.0,14230426.0,14230426.0,2026-08-07T15:14:30.704460+00:00,timeseries_24h,1749,"{""timestamp"": 1785110400, ""avgHighPrice"": 2287, ""avgLowPrice"": 2273, ""highPriceVolume"": 103930, ""lowPriceVolume"": 912529}"
2026-07-28 00:00:00+00:00,1785196800,2366.0,2332,66310,919021,985331,1.4579759862778732,34.0,33501254.0,33501254.0,2026-08-07T15:14:30.704460+00:00,timeseries_24h,1749,"{""timestamp"": 1785196800, ""avgHighPrice"": 2366, ""avgLowPrice"": 2332, ""highPriceVolume"": 66310, ""lowPriceVolume"": 919021}"
2026-07-29 00:00:00+00:00,1785283200,2345.0,2324,101440,834129,935569,0.9036144578313252,21.0,19646949.0,19646949.0,2026-08-07T15:14:30.704460+00:00,timeseries_24h,1749,"{""timestamp"": 1785283200, ""avgHighPrice"": 2345, ""avgLowPrice"": 2324, ""highPriceVolume"": 101440, ""lowPriceVolume"": 834129}"
2026-07-30 00:00:00+00:00,1785369600,2265.0,2255,149911,759179,909090,0.4434589800443459,10.0,9090900.0,9090900.0,2026-08-07T15:14:30.704460+00:00,timeseries_24h,1749,"{""timestamp"": 1785369600, ""avgHighPrice"": 2265, ""avgLowPrice"": 2255, ""highPriceVolume"": 149911, ""lowPriceVolume"": 759179}"
2026-07-31 00:00:00+00:00,1785456000,2243.0,2222,121849,759442,881291,0.9450945094509451,21.0,18507111.0,18507111.0,2026-08-07T15:14:30.704460+00:00,timeseries_24h,1749,"{""timestamp"": 1785456000, ""avgHighPrice"": 2243, ""avgLowPrice"": 2222, ""highPriceVolume"": 121849, ""lowPriceVolume"": 759442}"
2026-08-01 00:00:00+00:00,1785542400,2208.0,2179,125852,718873,844725,1.3308857273978891,29.0,24497025.0,24497025.0,2026-08-07T15:14:30.704460+00:00,timeseries_24h,1749,"{""timestamp"": 1785542400, ""avgHighPrice"": 2208, ""avgLowPrice"": 2179, ""highPriceVolume"": 125852, ""lowPriceVolume"": 718873}"
2026-08-02 00:00:00+00:00,1785628800,2117.0,2094,142458,913273,1055731,1.0983763132760267,23.0,24281813.0,24281813.0,2026-08-07T15:14:30.704460+00:00,timeseries_24h,1749,"{""timestamp"": 1785628800, ""avgHighPrice"": 2117, ""avgLowPrice"": 2094, ""highPriceVolume"": 142458, ""lowPriceVolume"": 913273}"
2026-08-03 00:00:00+00:00,1785715200,2066.0,2045,151918,739126,891044,1.0268948655256724,21.0,18711924.0,18711924.0,2026-08-07T15:14:30.704460+00:00,timeseries_24h,1749,"{""timestamp"": 1785715200, ""avgHighPrice"": 2066, ""avgLowPrice"": 2045, ""highPriceVolume"": 151918, ""lowPriceVolume"": 739126}"
2026-08-04 00:00:00+00:00,1785801600,2139.0,2130,107942,890627,998569,0.42253521126760557,9.0,8987121.0,8987121.0,2026-08-07T15:14:30.704460+00:00,timeseries_24h,1749,"{""timestamp"": 1785801600, ""avgHighPrice"": 2139, ""avgLowPrice"": 2130, ""highPriceVolume"": 107942, ""lowPriceVolume"": 890627}"
2026-08-05 00:00:00+00:00,1785888000,2229.0,2185,74583,890472,965055,2.013729977116705,44.0,42462420.0,42462420.0,2026-08-07T15:14:30.704460+00:00,timeseries_24h,1749,"{""timestamp"": 1785888000, ""avgHighPrice"": 2229, ""avgLowPrice"": 2185, ""highPriceVolume"": 74583, ""lowPriceVolume"": 890472}"
