ds,timestamp,avgHighPrice,avgLowPrice,highPriceVolume,lowPriceVolume,daily_volume,roi,margin,potential_profit,margin_x_volume,fetched_at,source,item_id,_raw_json
2025-08-08 00:00:00+00:00,1754611200,72,70,33643876,30972830,64616706,2.857142857142857,2.0,129233412.0,129233412.0,2026-08-07T11:44:12.257576+00:00,timeseries_24h,562,"{""timestamp"": 1754611200, ""avgHighPrice"": 72, ""avgLowPrice"": 70, ""highPriceVolume"": 33643876, ""lowPriceVolume"": 30972830}"
2025-08-09 00:00:00+00:00,1754697600,66,65,47422887,23999828,71422715,1.5384615384615385,1.0,71422715.0,71422715.0,2026-08-07T11:44:12.257576+00:00,timeseries_24h,562,"{""timestamp"": 1754697600, ""avgHighPrice"": 66, ""avgLowPrice"": 65, ""highPriceVolume"": 47422887, ""lowPriceVolume"": 23999828}"
2025-08-10 00:00:00+00:00,1754784000,65,62,52071583,20332889,72404472,4.838709677419355,3.0,217213416.0,217213416.0,2026-08-07T11:44:12.257576+00:00,timeseries_24h,562,"{""timestamp"": 1754784000, ""avgHighPrice"": 65, ""avgLowPrice"": 62, ""highPriceVolume"": 52071583, ""lowPriceVolume"": 20332889}"
2025-08-11 00:00:00+00:00,1754870400,65,64,44058638,23267716,67326354,1.5625,1.0,67326354.0,67326354.0,2026-08-07T11:44:12.257576+00:00,timeseries_24h,562,"{""timestamp"": 1754870400, ""avgHighPrice"": 65, ""avgLowPrice"": 64, ""highPriceVolume"": 44058638, ""lowPriceVolume"": 23267716}"
2025-08-12 00:00:00+00:00,1754956800,66,64,46156628,23061679,69218307,3.125,2.0,138436614.0,138436614.0,2026-08-07T11:44:12.257576+00:00,timeseries_24h,562,"{""timestamp"": 1754956800, ""avgHighPrice"": 66, ""avgLowPrice"": 64, ""highPriceVolume"": 46156628, ""lowPriceVolume"": 23061679}"
2025-08-13 00:00:00+00:00,1755043200,65,63,37298112,22590312,59888424,3.1746031746031744,2.0,119776848.0,119776848.0,2026-08-07T11:44:12.257576+00:00,timeseries_24h,562,"{""timestamp"": 1755043200, ""avgHighPrice"": 65, ""avgLowPrice"": 63, ""highPriceVolume"": 37298112, ""lowPriceVolume"": 22590312}"
2025-08-14 00:00:00+00:00,1755129600,64,62,38848168,21253844,60102012,3.225806451612903,2.0,120204024.0,120204024.0,2026-08-07T11:44:12.257576+00:00,timeseries_24h,562,"{""timestamp"": 1755129600, ""avgHighPrice"": 64, ""avgLowPrice"": 62, ""highPriceVolume"": 38848168, ""lowPriceVolume"": 21253844}"
2025-08-15 00:00:00+00:00,1755216000,64,62,32723964,21121625,53845589,3.225806451612903,2.0,107691178.0,107691178.0,2026-08-07T11:44:12.257576+00:00,timeseries_24h,562,"{""timestamp"": 1755216000, ""avgHighPrice"": 64, ""avgLowPrice"": 62, ""highPriceVolume"": 32723964, ""lowPriceVolume"": 21121625}"
2025-08-16 00:00:00+00:00,1755302400,66,64,43293233,30856000,74149233,3.125,2.0,148298466.0,148298466.0,2026-08-07T11:44:12.257576+00:00,timeseries_24h,562,"{""timestamp"": 1755302400, ""avgHighPrice"": 66, ""avgLowPrice"": 64, ""highPriceVolume"": 43293233, ""lowPriceVolume"": 30856000}"
2025-08-17 00:00:00+00:00,1755388800,66,64,40387468,29127994,69515462,3.125,2.0,139030924.0,139030924.0,2026-08-07T11:44:12.257576+00:00,timeseries_24h,562,"{""timestamp"": 1755388800, ""avgHighPrice"": 66, ""avgLowPrice"": 64, ""highPriceVolume"": 40387468, ""lowPriceVolume"": 29127994}"
2025-08-18 00:00:00+00:00,1755475200,65,63,41995869,24127875,66123744,3.1746031746031744,2.0,132247488.0,132247488.0,2026-08-07T11:44:12.257576+00:00,timeseries_24h,562,"{""timestamp"": 1755475200, ""avgHighPrice"": 65, ""avgLowPrice"": 63, ""highPriceVolume"": 41995869, ""lowPriceVolume"": 24127875}"
2025-08-19 00:00:00+00:00,1755561600,64,63,40201829,21302664,61504493,1.5873015873015872,1.0,61504493.0,61504493.0,2026-08-07T11:44:12.257576+00:00,timeseries_24h,562,"{""timestamp"": 1755561600, ""avgHighPrice"": 64, ""avgLowPrice"": 63, ""highPriceVolume"": 40201829, ""lowPriceVolume"": 21302664}"
2025-08-20 00:00:00+00:00,1755648000,65,63,35444549,22565789,58010338,3.1746031746031744,2.0,116020676.0,116020676.0,2026-08-07T11:44:12.257576+00:00,timeseries_24h,562,"{""timestamp"": 1755648000, ""avgHighPrice"": 65, ""avgLowPrice"": 63, ""highPriceVolume"": 35444549, ""lowPriceVolume"": 22565789}"
2025-08-21 00:00:00+00:00,1755734400,63,62,38326231,21192788,59519019,1.6129032258064515,1.0,59519019.0,59519019.0,2026-08-07T11:44:12.257576+00:00,timeseries_24h,562,"{""timestamp"": 1755734400, ""avgHighPrice"": 63, ""avgLowPrice"": 62, ""highPriceVolume"": 38326231, ""lowPriceVolume"": 21192788}"
2025-08-22 00:00:00+00:00,1755820800,61,60,41184204,19819273,61003477,1.6666666666666667,1.0,61003477.0,61003477.0,2026-08-07T11:44:12.257576+00:00,timeseries_24h,562,"{""timestamp"": 1755820800, ""avgHighPrice"": 61, ""avgLowPrice"": 60, ""highPriceVolume"": 41184204, ""lowPriceVolume"": 19819273}"
2025-08-23 00:00:00+00:00,1755907200,61,59,58672677,23334598,82007275,3.389830508474576,2.0,164014550.0,164014550.0,2026-08-07T11:44:12.257576+00:00,timeseries_24h,562,"{""timestamp"": 1755907200, ""avgHighPrice"": 61, ""avgLowPrice"": 59, ""highPriceVolume"": 58672677, ""lowPriceVolume"": 23334598}"
2025-08-24 00:00:00+00:00,1755993600,61,59,47821829,23944141,71765970,3.389830508474576,2.0,143531940.0,143531940.0,2026-08-07T11:44:12.257576+00:00,timeseries_24h,562,"{""timestamp"": 1755993600, ""avgHighPrice"": 61, ""avgLowPrice"": 59, ""highPriceVolume"": 47821829, ""lowPriceVolume"": 23944141}"
2025-08-25 00:00:00+00:00,1756080000,59,58,47494724,16638329,64133053,1.7241379310344827,1.0,64133053.0,64133053.0,2026-08-07T11:44:12.257576+00:00,timeseries_24h,562,"{""timestamp"": 1756080000, ""avgHighPrice"": 59, ""avgLowPrice"": 58, ""highPriceVolume"": 47494724, ""lowPriceVolume"": 16638329}"
2025-08-26 00:00:00+00:00,1756166400,58,57,42897016,14738306,57635322,1.7543859649122806,1.0,57635322.0,57635322.0,2026-08-07T11:44:12.257576+00:00,timeseries_24h,562,"{""timestamp"": 1756166400, ""avgHighPrice"": 58, ""avgLowPrice"": 57, ""highPriceVolume"": 42897016, ""lowPriceVolume"": 14738306}"
2025-08-27 00:00:00+00:00,1756252800,59,58,35622460,24415856,60038316,1.7241379310344827,1.0,60038316.0,60038316.0,2026-08-07T11:44:12.257576+00:00,timeseries_24h,562,"{""timestamp"": 1756252800, ""avgHighPrice"": 59, ""avgLowPrice"": 58, ""highPriceVolume"": 35622460, ""lowPriceVolume"": 24415856}"
2025-08-28 00:00:00+00:00,1756339200,60,58,34851842,24930509,59782351,3.4482758620689653,2.0,119564702.0,119564702.0,2026-08-07T11:44:12.257576+00:00,timeseries_24h,562,"{""timestamp"": 1756339200, ""avgHighPrice"": 60, ""avgLowPrice"": 58, ""highPriceVolume"": 34851842, ""lowPriceVolume"": 24930509}"
2025-08-29 00:00:00+00:00,1756425600,59,58,34536242,24561251,59097493,1.7241379310344827,1.0,59097493.0,59097493.0,2026-08-07T11:44:12.257576+00:00,timeseries_24h,562,"{""timestamp"": 1756425600, ""avgHighPrice"": 59, ""avgLowPrice"": 58, ""highPriceVolume"": 34536242, ""lowPriceVolume"": 24561251}"
2025-08-30 00:00:00+00:00,1756512000,59,57,41041071,21545235,62586306,3.508771929824561,2.0,125172612.0,125172612.0,2026-08-07T11:44:12.257576+00:00,timeseries_24h,562,"{""timestamp"": 1756512000, ""avgHighPrice"": 59, ""avgLowPrice"": 57, ""highPriceVolume"": 41041071, ""lowPriceVolume"": 21545235}"
2025-08-31 00:00:00+00:00,1756598400,59,58,44378474,22819444,67197918,1.7241379310344827,1.0,67197918.0,67197918.0,2026-08-07T11:44:12.257576+00:00,timeseries_24h,562,"{""timestamp"": 1756598400, ""avgHighPrice"": 59, ""avgLowPrice"": 58, ""highPriceVolume"": 44378474, ""lowPriceVolume"": 22819444}"
2025-09-01 00:00:00+00:00,1756684800,60,58,41014883,22681156,63696039,3.4482758620689653,2.0,127392078.0,127392078.0,2026-08-07T11:44:12.257576+00:00,timeseries_24h,562,"{""timestamp"": 1756684800, ""avgHighPrice"": 60, ""avgLowPrice"": 58, ""highPriceVolume"": 41014883, ""lowPriceVolume"": 22681156}"
2025-09-02 00:00:00+00:00,1756771200,60,59,36233533,25371103,61604636,1.694915254237288,1.0,61604636.0,61604636.0,2026-08-07T11:44:12.257576+00:00,timeseries_24h,562,"{""timestamp"": 1756771200, ""avgHighPrice"": 60, ""avgLowPrice"": 59, ""highPriceVolume"": 36233533, ""lowPriceVolume"": 25371103}"
2025-09-03 00:00:00+00:00,1756857600,60,59,26786356,25947718,52734074,1.694915254237288,1.0,52734074.0,52734074.0,2026-08-07T11:44:12.257576+00:00,timeseries_24h,562,"{""timestamp"": 1756857600, ""avgHighPrice"": 60, ""avgLowPrice"": 59, ""highPriceVolume"": 26786356, ""lowPriceVolume"": 25947718}"
2025-09-04 00:00:00+00:00,1756944000,60,59,28825782,21859940,50685722,1.694915254237288,1.0,50685722.0,50685722.0,2026-08-07T11:44:12.257576+00:00,timeseries_24h,562,"{""timestamp"": 1756944000, ""avgHighPrice"": 60, ""avgLowPrice"": 59, ""highPriceVolume"": 28825782, ""lowPriceVolume"": 21859940}"
2025-09-05 00:00:00+00:00,1757030400,60,59,29802020,26646037,56448057,1.694915254237288,1.0,56448057.0,56448057.0,2026-08-07T11:44:12.257576+00:00,timeseries_24h,562,"{""timestamp"": 1757030400, ""avgHighPrice"": 60, ""avgLowPrice"": 59, ""highPriceVolume"": 29802020, ""lowPriceVolume"": 26646037}"
2025-09-06 00:00:00+00:00,1757116800,61,59,35130022,25818508,60948530,3.389830508474576,2.0,121897060.0,121897060.0,2026-08-07T11:44:12.257576+00:00,timeseries_24h,562,"{""timestamp"": 1757116800, ""avgHighPrice"": 61, ""avgLowPrice"": 59, ""highPriceVolume"": 35130022, ""lowPriceVolume"": 25818508}"
2025-09-07 00:00:00+00:00,1757203200,64,61,39257750,35021703,74279453,4.918032786885246,3.0,222838359.0,222838359.0,2026-08-07T11:44:12.257576+00:00,timeseries_24h,562,"{""timestamp"": 1757203200, ""avgHighPrice"": 64, ""avgLowPrice"": 61, ""highPriceVolume"": 39257750, ""lowPriceVolume"": 35021703}"
2025-09-08 00:00:00+00:00,1757289600,64,62,33406518,30985730,64392248,3.225806451612903,2.0,128784496.0,128784496.0,2026-08-07T11:44:12.257576+00:00,timeseries_24h,562,"{""timestamp"": 1757289600, ""avgHighPrice"": 64, ""avgLowPrice"": 62, ""highPriceVolume"": 33406518, ""lowPriceVolume"": 30985730}"
2025-09-09 00:00:00+00:00,1757376000,66,64,30889847,29415773,60305620,3.125,2.0,120611240.0,120611240.0,2026-08-07T11:44:12.257576+00:00,timeseries_24h,562,"{""timestamp"": 1757376000, ""avgHighPrice"": 66, ""avgLowPrice"": 64, ""highPriceVolume"": 30889847, ""lowPriceVolume"": 29415773}"
2025-09-10 00:00:00+00:00,1757462400,72,69,31130936,28990323,60121259,4.3478260869565215,3.0,180363777.0,180363777.0,2026-08-07T11:44:12.257576+00:00,timeseries_24h,562,"{""timestamp"": 1757462400, ""avgHighPrice"": 72, ""avgLowPrice"": 69, ""highPriceVolume"": 31130936, ""lowPriceVolume"": 28990323}"
2025-09-11 00:00:00+00:00,1757548800,76,73,36096160,31135468,67231628,4.10958904109589,3.0,201694884.0,201694884.0,2026-08-07T11:44:12.257576+00:00,timeseries_24h,562,"{""timestamp"": 1757548800, ""avgHighPrice"": 76, ""avgLowPrice"": 73, ""highPriceVolume"": 36096160, ""lowPriceVolume"": 31135468}"
2025-09-12 00:00:00+00:00,1757635200,73,71,32480300,20963951,53444251,2.8169014084507045,2.0,106888502.0,106888502.0,2026-08-07T11:44:12.257576+00:00,timeseries_24h,562,"{""timestamp"": 1757635200, ""avgHighPrice"": 73, ""avgLowPrice"": 71, ""highPriceVolume"": 32480300, ""lowPriceVolume"": 20963951}"
2025-09-13 00:00:00+00:00,1757721600,76,74,32639913,26152112,58792025,2.7027027027027026,2.0,117584050.0,117584050.0,2026-08-07T11:44:12.257576+00:00,timeseries_24h,562,"{""timestamp"": 1757721600, ""avgHighPrice"": 76, ""avgLowPrice"": 74, ""highPriceVolume"": 32639913, ""lowPriceVolume"": 26152112}"
2025-09-14 00:00:00+00:00,1757808000,77,75,48433530,28043700,76477230,2.666666666666667,2.0,152954460.0,152954460.0,2026-08-07T11:44:12.257576+00:00,timeseries_24h,562,"{""timestamp"": 1757808000, ""avgHighPrice"": 77, ""avgLowPrice"": 75, ""highPriceVolume"": 48433530, ""lowPriceVolume"": 28043700}"
2025-09-15 00:00:00+00:00,1757894400,77,74,39025990,23275286,62301276,4.054054054054054,3.0,186903828.0,186903828.0,2026-08-07T11:44:12.257576+00:00,timeseries_24h,562,"{""timestamp"": 1757894400, ""avgHighPrice"": 77, ""avgLowPrice"": 74, ""highPriceVolume"": 39025990, ""lowPriceVolume"": 23275286}"
2025-09-16 00:00:00+00:00,1757980800,77,75,34758605,20270042,55028647,2.666666666666667,2.0,110057294.0,110057294.0,2026-08-07T11:44:12.257576+00:00,timeseries_24h,562,"{""timestamp"": 1757980800, ""avgHighPrice"": 77, ""avgLowPrice"": 75, ""highPriceVolume"": 34758605, ""lowPriceVolume"": 20270042}"
2025-09-17 00:00:00+00:00,1758067200,78,75,29511802,20788250,50300052,4.0,3.0,150900156.0,150900156.0,2026-08-07T11:44:12.257576+00:00,timeseries_24h,562,"{""timestamp"": 1758067200, ""avgHighPrice"": 78, ""avgLowPrice"": 75, ""highPriceVolume"": 29511802, ""lowPriceVolume"": 20788250}"
2025-09-18 00:00:00+00:00,1758153600,78,76,25982019,22111677,48093696,2.631578947368421,2.0,96187392.0,96187392.0,2026-08-07T11:44:12.257576+00:00,timeseries_24h,562,"{""timestamp"": 1758153600, ""avgHighPrice"": 78, ""avgLowPrice"": 76, ""highPriceVolume"": 25982019, ""lowPriceVolume"": 22111677}"
2025-09-19 00:00:00+00:00,1758240000,78,76,33377955,18480649,51858604,2.631578947368421,2.0,103717208.0,103717208.0,2026-08-07T11:44:12.257576+00:00,timeseries_24h,562,"{""timestamp"": 1758240000, ""avgHighPrice"": 78, ""avgLowPrice"": 76, ""highPriceVolume"": 33377955, ""lowPriceVolume"": 18480649}"
2025-09-20 00:00:00+00:00,1758326400,78,76,32379053,21912706,54291759,2.631578947368421,2.0,108583518.0,108583518.0,2026-08-07T11:44:12.257576+00:00,timeseries_24h,562,"{""timestamp"": 1758326400, ""avgHighPrice"": 78, ""avgLowPrice"": 76, ""highPriceVolume"": 32379053, ""lowPriceVolume"": 21912706}"
2025-09-21 00:00:00+00:00,1758412800,78,76,37233073,23687843,60920916,2.631578947368421,2.0,121841832.0,121841832.0,2026-08-07T11:44:12.257576+00:00,timeseries_24h,562,"{""timestamp"": 1758412800, ""avgHighPrice"": 78, ""avgLowPrice"": 76, ""highPriceVolume"": 37233073, ""lowPriceVolume"": 23687843}"
2025-09-22 00:00:00+00:00,1758499200,78,76,28727261,21057760,49785021,2.631578947368421,2.0,99570042.0,99570042.0,2026-08-07T11:44:12.257576+00:00,timeseries_24h,562,"{""timestamp"": 1758499200, ""avgHighPrice"": 78, ""avgLowPrice"": 76, ""highPriceVolume"": 28727261, ""lowPriceVolume"": 21057760}"
2025-09-23 00:00:00+00:00,1758585600,78,76,33163451,20800504,53963955,2.631578947368421,2.0,107927910.0,107927910.0,2026-08-07T11:44:12.257576+00:00,timeseries_24h,562,"{""timestamp"": 1758585600, ""avgHighPrice"": 78, ""avgLowPrice"": 76, ""highPriceVolume"": 33163451, ""lowPriceVolume"": 20800504}"
2025-09-24 00:00:00+00:00,1758672000,78,76,31932965,17481672,49414637,2.631578947368421,2.0,98829274.0,98829274.0,2026-08-07T11:44:12.257576+00:00,timeseries_24h,562,"{""timestamp"": 1758672000, ""avgHighPrice"": 78, ""avgLowPrice"": 76, ""highPriceVolume"": 31932965, ""lowPriceVolume"": 17481672}"
2025-09-25 00:00:00+00:00,1758758400,78,76,25663617,20896187,46559804,2.631578947368421,2.0,93119608.0,93119608.0,2026-08-07T11:44:12.257576+00:00,timeseries_24h,562,"{""timestamp"": 1758758400, ""avgHighPrice"": 78, ""avgLowPrice"": 76, ""highPriceVolume"": 25663617, ""lowPriceVolume"": 20896187}"
2025-09-26 00:00:00+00:00,1758844800,77,76,149421,145565,294986,1.3157894736842104,1.0,294986.0,294986.0,2026-08-07T11:44:12.257576+00:00,timeseries_24h,562,"{""timestamp"": 1758844800, ""avgHighPrice"": 77, ""avgLowPrice"": 76, ""highPriceVolume"": 149421, ""lowPriceVolume"": 145565}"
2025-09-27 00:00:00+00:00,1758931200,81,79,28422069,31234326,59656395,2.5316455696202533,2.0,119312790.0,119312790.0,2026-08-07T11:44:12.257576+00:00,timeseries_24h,562,"{""timestamp"": 1758931200, ""avgHighPrice"": 81, ""avgLowPrice"": 79, ""highPriceVolume"": 28422069, ""lowPriceVolume"": 31234326}"
2025-09-28 00:00:00+00:00,1759017600,82,79,33736622,27833802,61570424,3.79746835443038,3.0,184711272.0,184711272.0,2026-08-07T11:44:12.257576+00:00,timeseries_24h,562,"{""timestamp"": 1759017600, ""avgHighPrice"": 82, ""avgLowPrice"": 79, ""highPriceVolume"": 33736622, ""lowPriceVolume"": 27833802}"
2025-09-29 00:00:00+00:00,1759104000,81,79,33717864,22917571,56635435,2.5316455696202533,2.0,113270870.0,113270870.0,2026-08-07T11:44:12.257576+00:00,timeseries_24h,562,"{""timestamp"": 1759104000, ""avgHighPrice"": 81, ""avgLowPrice"": 79, ""highPriceVolume"": 33717864, ""lowPriceVolume"": 22917571}"
2025-09-30 00:00:00+00:00,1759190400,81,79,31730755,18398329,50129084,2.5316455696202533,2.0,100258168.0,100258168.0,2026-08-07T11:44:12.257576+00:00,timeseries_24h,562,"{""timestamp"": 1759190400, ""avgHighPrice"": 81, ""avgLowPrice"": 79, ""highPriceVolume"": 31730755, ""lowPriceVolume"": 18398329}"
2025-10-01 00:00:00+00:00,1759276800,81,79,32512338,17280825,49793163,2.5316455696202533,2.0,99586326.0,99586326.0,2026-08-07T11:44:12.257576+00:00,timeseries_24h,562,"{""timestamp"": 1759276800, ""avgHighPrice"": 81, ""avgLowPrice"": 79, ""highPriceVolume"": 32512338, ""lowPriceVolume"": 17280825}"
2025-10-02 00:00:00+00:00,1759363200,80,79,26120123,19008499,45128622,1.2658227848101267,1.0,45128622.0,45128622.0,2026-08-07T11:44:12.257576+00:00,timeseries_24h,562,"{""timestamp"": 1759363200, ""avgHighPrice"": 80, ""avgLowPrice"": 79, ""highPriceVolume"": 26120123, ""lowPriceVolume"": 19008499}"
2025-10-03 00:00:00+00:00,1759449600,81,79,24758410,22513739,47272149,2.5316455696202533,2.0,94544298.0,94544298.0,2026-08-07T11:44:12.257576+00:00,timeseries_24h,562,"{""timestamp"": 1759449600, ""avgHighPrice"": 81, ""avgLowPrice"": 79, ""highPriceVolume"": 24758410, ""lowPriceVolume"": 22513739}"
2025-10-04 00:00:00+00:00,1759536000,81,79,33182055,20994714,54176769,2.5316455696202533,2.0,108353538.0,108353538.0,2026-08-07T11:44:12.257576+00:00,timeseries_24h,562,"{""timestamp"": 1759536000, ""avgHighPrice"": 81, ""avgLowPrice"": 79, ""highPriceVolume"": 33182055, ""lowPriceVolume"": 20994714}"
2025-10-05 00:00:00+00:00,1759622400,82,80,33127747,27936462,61064209,2.5,2.0,122128418.0,122128418.0,2026-08-07T11:44:12.257576+00:00,timeseries_24h,562,"{""timestamp"": 1759622400, ""avgHighPrice"": 82, ""avgLowPrice"": 80, ""highPriceVolume"": 33127747, ""lowPriceVolume"": 27936462}"
2025-10-06 00:00:00+00:00,1759708800,83,81,33755466,20903080,54658546,2.4691358024691357,2.0,109317092.0,109317092.0,2026-08-07T11:44:12.257576+00:00,timeseries_24h,562,"{""timestamp"": 1759708800, ""avgHighPrice"": 83, ""avgLowPrice"": 81, ""highPriceVolume"": 33755466, ""lowPriceVolume"": 20903080}"
2025-10-07 00:00:00+00:00,1759795200,84,81,32686047,21205861,53891908,3.7037037037037033,3.0,161675724.0,161675724.0,2026-08-07T11:44:12.257576+00:00,timeseries_24h,562,"{""timestamp"": 1759795200, ""avgHighPrice"": 84, ""avgLowPrice"": 81, ""highPriceVolume"": 32686047, ""lowPriceVolume"": 21205861}"
2025-10-08 00:00:00+00:00,1759881600,83,81,30406253,19465753,49872006,2.4691358024691357,2.0,99744012.0,99744012.0,2026-08-07T11:44:12.257576+00:00,timeseries_24h,562,"{""timestamp"": 1759881600, ""avgHighPrice"": 83, ""avgLowPrice"": 81, ""highPriceVolume"": 30406253, ""lowPriceVolume"": 19465753}"
2025-10-09 00:00:00+00:00,1759968000,83,81,24212612,21933408,46146020,2.4691358024691357,2.0,92292040.0,92292040.0,2026-08-07T11:44:12.257576+00:00,timeseries_24h,562,"{""timestamp"": 1759968000, ""avgHighPrice"": 83, ""avgLowPrice"": 81, ""highPriceVolume"": 24212612, ""lowPriceVolume"": 21933408}"
2025-10-10 00:00:00+00:00,1760054400,83,81,22570623,20410340,42980963,2.4691358024691357,2.0,85961926.0,85961926.0,2026-08-07T11:44:12.257576+00:00,timeseries_24h,562,"{""timestamp"": 1760054400, ""avgHighPrice"": 83, ""avgLowPrice"": 81, ""highPriceVolume"": 22570623, ""lowPriceVolume"": 20410340}"
2025-10-11 00:00:00+00:00,1760140800,84,81,29411529,22204773,51616302,3.7037037037037033,3.0,154848906.0,154848906.0,2026-08-07T11:44:12.257576+00:00,timeseries_24h,562,"{""timestamp"": 1760140800, ""avgHighPrice"": 84, ""avgLowPrice"": 81, ""highPriceVolume"": 29411529, ""lowPriceVolume"": 22204773}"
2025-10-12 00:00:00+00:00,1760227200,83,81,28044786,23892622,51937408,2.4691358024691357,2.0,103874816.0,103874816.0,2026-08-07T11:44:12.257576+00:00,timeseries_24h,562,"{""timestamp"": 1760227200, ""avgHighPrice"": 83, ""avgLowPrice"": 81, ""highPriceVolume"": 28044786, ""lowPriceVolume"": 23892622}"
2025-10-13 00:00:00+00:00,1760313600,83,81,31138746,20752939,51891685,2.4691358024691357,2.0,103783370.0,103783370.0,2026-08-07T11:44:12.257576+00:00,timeseries_24h,562,"{""timestamp"": 1760313600, ""avgHighPrice"": 83, ""avgLowPrice"": 81, ""highPriceVolume"": 31138746, ""lowPriceVolume"": 20752939}"
2025-10-14 00:00:00+00:00,1760400000,83,81,27390878,18100657,45491535,2.4691358024691357,2.0,90983070.0,90983070.0,2026-08-07T11:44:12.257576+00:00,timeseries_24h,562,"{""timestamp"": 1760400000, ""avgHighPrice"": 83, ""avgLowPrice"": 81, ""highPriceVolume"": 27390878, ""lowPriceVolume"": 18100657}"
2025-10-15 00:00:00+00:00,1760486400,81,80,34479571,15809640,50289211,1.25,1.0,50289211.0,50289211.0,2026-08-07T11:44:12.257576+00:00,timeseries_24h,562,"{""timestamp"": 1760486400, ""avgHighPrice"": 81, ""avgLowPrice"": 80, ""highPriceVolume"": 34479571, ""lowPriceVolume"": 15809640}"
2025-10-16 00:00:00+00:00,1760572800,78,71,24372535,10592344,34964879,9.859154929577464,7.0,244754153.0,244754153.0,2026-08-07T11:44:12.257576+00:00,timeseries_24h,562,"{""timestamp"": 1760572800, ""avgHighPrice"": 78, ""avgLowPrice"": 71, ""highPriceVolume"": 24372535, ""lowPriceVolume"": 10592344}"
2025-10-17 00:00:00+00:00,1760659200,73,70,27791451,8512725,36304176,4.285714285714286,3.0,108912528.0,108912528.0,2026-08-07T11:44:12.257576+00:00,timeseries_24h,562,"{""timestamp"": 1760659200, ""avgHighPrice"": 73, ""avgLowPrice"": 70, ""highPriceVolume"": 27791451, ""lowPriceVolume"": 8512725}"
2025-10-18 00:00:00+00:00,1760745600,71,69,29591591,10026704,39618295,2.898550724637681,2.0,79236590.0,79236590.0,2026-08-07T11:44:12.257576+00:00,timeseries_24h,562,"{""timestamp"": 1760745600, ""avgHighPrice"": 71, ""avgLowPrice"": 69, ""highPriceVolume"": 29591591, ""lowPriceVolume"": 10026704}"
2025-10-19 00:00:00+00:00,1760832000,71,69,21987016,16672696,38659712,2.898550724637681,2.0,77319424.0,77319424.0,2026-08-07T11:44:12.257576+00:00,timeseries_24h,562,"{""timestamp"": 1760832000, ""avgHighPrice"": 71, ""avgLowPrice"": 69, ""highPriceVolume"": 21987016, ""lowPriceVolume"": 16672696}"
2025-10-20 00:00:00+00:00,1760918400,73,71,20365103,18038455,38403558,2.8169014084507045,2.0,76807116.0,76807116.0,2026-08-07T11:44:12.257576+00:00,timeseries_24h,562,"{""timestamp"": 1760918400, ""avgHighPrice"": 73, ""avgLowPrice"": 71, ""highPriceVolume"": 20365103, ""lowPriceVolume"": 18038455}"
2025-10-21 00:00:00+00:00,1761004800,75,72,17523112,20853429,38376541,4.166666666666666,3.0,115129623.0,115129623.0,2026-08-07T11:44:12.257576+00:00,timeseries_24h,562,"{""timestamp"": 1761004800, ""avgHighPrice"": 75, ""avgLowPrice"": 72, ""highPriceVolume"": 17523112, ""lowPriceVolume"": 20853429}"
2025-10-22 00:00:00+00:00,1761091200,75,73,22965302,20370250,43335552,2.73972602739726,2.0,86671104.0,86671104.0,2026-08-07T11:44:12.257576+00:00,timeseries_24h,562,"{""timestamp"": 1761091200, ""avgHighPrice"": 75, ""avgLowPrice"": 73, ""highPriceVolume"": 22965302, ""lowPriceVolume"": 20370250}"
2025-10-23 00:00:00+00:00,1761177600,71,69,30348693,11962069,42310762,2.898550724637681,2.0,84621524.0,84621524.0,2026-08-07T11:44:12.257576+00:00,timeseries_24h,562,"{""timestamp"": 1761177600, ""avgHighPrice"": 71, ""avgLowPrice"": 69, ""highPriceVolume"": 30348693, ""lowPriceVolume"": 11962069}"
2025-10-24 00:00:00+00:00,1761264000,69,67,37461228,9781888,47243116,2.9850746268656714,2.0,94486232.0,94486232.0,2026-08-07T11:44:12.257576+00:00,timeseries_24h,562,"{""timestamp"": 1761264000, ""avgHighPrice"": 69, ""avgLowPrice"": 67, ""highPriceVolume"": 37461228, ""lowPriceVolume"": 9781888}"
2025-10-25 00:00:00+00:00,1761350400,66,64,35335590,13920763,49256353,3.125,2.0,98512706.0,98512706.0,2026-08-07T11:44:12.257576+00:00,timeseries_24h,562,"{""timestamp"": 1761350400, ""avgHighPrice"": 66, ""avgLowPrice"": 64, ""highPriceVolume"": 35335590, ""lowPriceVolume"": 13920763}"
2025-10-26 00:00:00+00:00,1761436800,66,65,29164567,21523267,50687834,1.5384615384615385,1.0,50687834.0,50687834.0,2026-08-07T11:44:12.257576+00:00,timeseries_24h,562,"{""timestamp"": 1761436800, ""avgHighPrice"": 66, ""avgLowPrice"": 65, ""highPriceVolume"": 29164567, ""lowPriceVolume"": 21523267}"
2025-10-27 00:00:00+00:00,1761523200,67,66,23452441,19247785,42700226,1.5151515151515151,1.0,42700226.0,42700226.0,2026-08-07T11:44:12.257576+00:00,timeseries_24h,562,"{""timestamp"": 1761523200, ""avgHighPrice"": 67, ""avgLowPrice"": 66, ""highPriceVolume"": 23452441, ""lowPriceVolume"": 19247785}"
2025-10-28 00:00:00+00:00,1761609600,67,66,24540638,19155840,43696478,1.5151515151515151,1.0,43696478.0,43696478.0,2026-08-07T11:44:12.257576+00:00,timeseries_24h,562,"{""timestamp"": 1761609600, ""avgHighPrice"": 67, ""avgLowPrice"": 66, ""highPriceVolume"": 24540638, ""lowPriceVolume"": 19155840}"
2025-10-29 00:00:00+00:00,1761696000,71,68,21047775,23197523,44245298,4.411764705882353,3.0,132735894.0,132735894.0,2026-08-07T11:44:12.257576+00:00,timeseries_24h,562,"{""timestamp"": 1761696000, ""avgHighPrice"": 71, ""avgLowPrice"": 68, ""highPriceVolume"": 21047775, ""lowPriceVolume"": 23197523}"
2025-10-30 00:00:00+00:00,1761782400,73,70,26156765,23614411,49771176,4.285714285714286,3.0,149313528.0,149313528.0,2026-08-07T11:44:12.257576+00:00,timeseries_24h,562,"{""timestamp"": 1761782400, ""avgHighPrice"": 73, ""avgLowPrice"": 70, ""highPriceVolume"": 26156765, ""lowPriceVolume"": 23614411}"
2025-10-31 00:00:00+00:00,1761868800,71,69,26833813,23333578,50167391,2.898550724637681,2.0,100334782.0,100334782.0,2026-08-07T11:44:12.257576+00:00,timeseries_24h,562,"{""timestamp"": 1761868800, ""avgHighPrice"": 71, ""avgLowPrice"": 69, ""highPriceVolume"": 26833813, ""lowPriceVolume"": 23333578}"
2025-11-01 00:00:00+00:00,1761955200,67,65,38614722,12096625,50711347,3.076923076923077,2.0,101422694.0,101422694.0,2026-08-07T11:44:12.257576+00:00,timeseries_24h,562,"{""timestamp"": 1761955200, ""avgHighPrice"": 67, ""avgLowPrice"": 65, ""highPriceVolume"": 38614722, ""lowPriceVolume"": 12096625}"
2025-11-02 00:00:00+00:00,1762041600,68,66,33624011,20176735,53800746,3.0303030303030303,2.0,107601492.0,107601492.0,2026-08-07T11:44:12.257576+00:00,timeseries_24h,562,"{""timestamp"": 1762041600, ""avgHighPrice"": 68, ""avgLowPrice"": 66, ""highPriceVolume"": 33624011, ""lowPriceVolume"": 20176735}"
2025-11-03 00:00:00+00:00,1762128000,68,66,29314349,22808102,52122451,3.0303030303030303,2.0,104244902.0,104244902.0,2026-08-07T11:44:12.257576+00:00,timeseries_24h,562,"{""timestamp"": 1762128000, ""avgHighPrice"": 68, ""avgLowPrice"": 66, ""highPriceVolume"": 29314349, ""lowPriceVolume"": 22808102}"
2025-11-04 00:00:00+00:00,1762214400,68,66,26648855,20782067,47430922,3.0303030303030303,2.0,94861844.0,94861844.0,2026-08-07T11:44:12.257576+00:00,timeseries_24h,562,"{""timestamp"": 1762214400, ""avgHighPrice"": 68, ""avgLowPrice"": 66, ""highPriceVolume"": 26648855, ""lowPriceVolume"": 20782067}"
2025-11-05 00:00:00+00:00,1762300800,71,68,27878232,24932653,52810885,4.411764705882353,3.0,158432655.0,158432655.0,2026-08-07T11:44:12.257576+00:00,timeseries_24h,562,"{""timestamp"": 1762300800, ""avgHighPrice"": 71, ""avgLowPrice"": 68, ""highPriceVolume"": 27878232, ""lowPriceVolume"": 24932653}"
2025-11-06 00:00:00+00:00,1762387200,69,67,28409779,21224940,49634719,2.9850746268656714,2.0,99269438.0,99269438.0,2026-08-07T11:44:12.257576+00:00,timeseries_24h,562,"{""timestamp"": 1762387200, ""avgHighPrice"": 69, ""avgLowPrice"": 67, ""highPriceVolume"": 28409779, ""lowPriceVolume"": 21224940}"
2025-11-07 00:00:00+00:00,1762473600,69,67,29203491,19907216,49110707,2.9850746268656714,2.0,98221414.0,98221414.0,2026-08-07T11:44:12.257576+00:00,timeseries_24h,562,"{""timestamp"": 1762473600, ""avgHighPrice"": 69, ""avgLowPrice"": 67, ""highPriceVolume"": 29203491, ""lowPriceVolume"": 19907216}"
2025-11-08 00:00:00+00:00,1762560000,71,69,24912123,25999980,50912103,2.898550724637681,2.0,101824206.0,101824206.0,2026-08-07T11:44:12.257576+00:00,timeseries_24h,562,"{""timestamp"": 1762560000, ""avgHighPrice"": 71, ""avgLowPrice"": 69, ""highPriceVolume"": 24912123, ""lowPriceVolume"": 25999980}"
2025-11-09 00:00:00+00:00,1762646400,72,70,26183139,24308991,50492130,2.857142857142857,2.0,100984260.0,100984260.0,2026-08-07T11:44:12.257576+00:00,timeseries_24h,562,"{""timestamp"": 1762646400, ""avgHighPrice"": 72, ""avgLowPrice"": 70, ""highPriceVolume"": 26183139, ""lowPriceVolume"": 24308991}"
2025-11-10 00:00:00+00:00,1762732800,69,68,33232986,17861611,51094597,1.4705882352941175,1.0,51094597.0,51094597.0,2026-08-07T11:44:12.257576+00:00,timeseries_24h,562,"{""timestamp"": 1762732800, ""avgHighPrice"": 69, ""avgLowPrice"": 68, ""highPriceVolume"": 33232986, ""lowPriceVolume"": 17861611}"
2025-11-11 00:00:00+00:00,1762819200,69,67,32961475,17510050,50471525,2.9850746268656714,2.0,100943050.0,100943050.0,2026-08-07T11:44:12.257576+00:00,timeseries_24h,562,"{""timestamp"": 1762819200, ""avgHighPrice"": 69, ""avgLowPrice"": 67, ""highPriceVolume"": 32961475, ""lowPriceVolume"": 17510050}"
2025-11-12 00:00:00+00:00,1762905600,69,67,25424973,19514638,44939611,2.9850746268656714,2.0,89879222.0,89879222.0,2026-08-07T11:44:12.257576+00:00,timeseries_24h,562,"{""timestamp"": 1762905600, ""avgHighPrice"": 69, ""avgLowPrice"": 67, ""highPriceVolume"": 25424973, ""lowPriceVolume"": 19514638}"
2025-11-13 00:00:00+00:00,1762992000,69,68,12691156,11372362,24063518,1.4705882352941175,1.0,24063518.0,24063518.0,2026-08-07T11:44:12.257576+00:00,timeseries_24h,562,"{""timestamp"": 1762992000, ""avgHighPrice"": 69, ""avgLowPrice"": 68, ""highPriceVolume"": 12691156, ""lowPriceVolume"": 11372362}"
2025-11-14 00:00:00+00:00,1763078400,73,70,2761157,3882494,6643651,4.285714285714286,3.0,19930953.0,19930953.0,2026-08-07T11:44:12.257576+00:00,timeseries_24h,562,"{""timestamp"": 1763078400, ""avgHighPrice"": 73, ""avgLowPrice"": 70, ""highPriceVolume"": 2761157, ""lowPriceVolume"": 3882494}"
2025-11-15 00:00:00+00:00,1763164800,71,69,3540270,2458811,5999081,2.898550724637681,2.0,11998162.0,11998162.0,2026-08-07T11:44:12.257576+00:00,timeseries_24h,562,"{""timestamp"": 1763164800, ""avgHighPrice"": 71, ""avgLowPrice"": 69, ""highPriceVolume"": 3540270, ""lowPriceVolume"": 2458811}"
2025-11-16 00:00:00+00:00,1763251200,71,69,3238252,1935761,5174013,2.898550724637681,2.0,10348026.0,10348026.0,2026-08-07T11:44:12.257576+00:00,timeseries_24h,562,"{""timestamp"": 1763251200, ""avgHighPrice"": 71, ""avgLowPrice"": 69, ""highPriceVolume"": 3238252, ""lowPriceVolume"": 1935761}"
2025-11-17 00:00:00+00:00,1763337600,72,69,4887961,2851763,7739724,4.3478260869565215,3.0,23219172.0,23219172.0,2026-08-07T11:44:12.257576+00:00,timeseries_24h,562,"{""timestamp"": 1763337600, ""avgHighPrice"": 72, ""avgLowPrice"": 69, ""highPriceVolume"": 4887961, ""lowPriceVolume"": 2851763}"
2025-11-18 00:00:00+00:00,1763424000,72,70,3308190,2885669,6193859,2.857142857142857,2.0,12387718.0,12387718.0,2026-08-07T11:44:12.257576+00:00,timeseries_24h,562,"{""timestamp"": 1763424000, ""avgHighPrice"": 72, ""avgLowPrice"": 70, ""highPriceVolume"": 3308190, ""lowPriceVolume"": 2885669}"
2025-11-19 00:00:00+00:00,1763510400,72,70,9407868,5867611,15275479,2.857142857142857,2.0,30550958.0,30550958.0,2026-08-07T11:44:12.257576+00:00,timeseries_24h,562,"{""timestamp"": 1763510400, ""avgHighPrice"": 72, ""avgLowPrice"": 70, ""highPriceVolume"": 9407868, ""lowPriceVolume"": 5867611}"
2025-11-20 00:00:00+00:00,1763596800,70,70,54827,58167,112994,0.0,0.0,0.0,0.0,2026-08-07T11:44:12.257576+00:00,timeseries_24h,562,"{""timestamp"": 1763596800, ""avgHighPrice"": 70, ""avgLowPrice"": 70, ""highPriceVolume"": 54827, ""lowPriceVolume"": 58167}"
2025-11-21 00:00:00+00:00,1763683200,71,69,11634843,13013543,24648386,2.898550724637681,2.0,49296772.0,49296772.0,2026-08-07T11:44:12.257576+00:00,timeseries_24h,562,"{""timestamp"": 1763683200, ""avgHighPrice"": 71, ""avgLowPrice"": 69, ""highPriceVolume"": 11634843, ""lowPriceVolume"": 13013543}"
2025-11-22 00:00:00+00:00,1763769600,67,66,18676430,8075271,26751701,1.5151515151515151,1.0,26751701.0,26751701.0,2026-08-07T11:44:12.257576+00:00,timeseries_24h,562,"{""timestamp"": 1763769600, ""avgHighPrice"": 67, ""avgLowPrice"": 66, ""highPriceVolume"": 18676430, ""lowPriceVolume"": 8075271}"
2025-11-23 00:00:00+00:00,1763856000,68,66,21604693,9647861,31252554,3.0303030303030303,2.0,62505108.0,62505108.0,2026-08-07T11:44:12.257576+00:00,timeseries_24h,562,"{""timestamp"": 1763856000, ""avgHighPrice"": 68, ""avgLowPrice"": 66, ""highPriceVolume"": 21604693, ""lowPriceVolume"": 9647861}"
2025-11-24 00:00:00+00:00,1763942400,68,66,19447467,14744366,34191833,3.0303030303030303,2.0,68383666.0,68383666.0,2026-08-07T11:44:12.257576+00:00,timeseries_24h,562,"{""timestamp"": 1763942400, ""avgHighPrice"": 68, ""avgLowPrice"": 66, ""highPriceVolume"": 19447467, ""lowPriceVolume"": 14744366}"
2025-11-25 00:00:00+00:00,1764028800,68,65,22867247,18146851,41014098,4.615384615384616,3.0,123042294.0,123042294.0,2026-08-07T11:44:12.257576+00:00,timeseries_24h,562,"{""timestamp"": 1764028800, ""avgHighPrice"": 68, ""avgLowPrice"": 65, ""highPriceVolume"": 22867247, ""lowPriceVolume"": 18146851}"
2025-11-26 00:00:00+00:00,1764115200,67,65,20244185,17065579,37309764,3.076923076923077,2.0,74619528.0,74619528.0,2026-08-07T11:44:12.257576+00:00,timeseries_24h,562,"{""timestamp"": 1764115200, ""avgHighPrice"": 67, ""avgLowPrice"": 65, ""highPriceVolume"": 20244185, ""lowPriceVolume"": 17065579}"
2025-11-27 00:00:00+00:00,1764201600,67,65,20161017,17368011,37529028,3.076923076923077,2.0,75058056.0,75058056.0,2026-08-07T11:44:12.257576+00:00,timeseries_24h,562,"{""timestamp"": 1764201600, ""avgHighPrice"": 67, ""avgLowPrice"": 65, ""highPriceVolume"": 20161017, ""lowPriceVolume"": 17368011}"
2025-11-28 00:00:00+00:00,1764288000,67,65,21623224,17751134,39374358,3.076923076923077,2.0,78748716.0,78748716.0,2026-08-07T11:44:12.257576+00:00,timeseries_24h,562,"{""timestamp"": 1764288000, ""avgHighPrice"": 67, ""avgLowPrice"": 65, ""highPriceVolume"": 21623224, ""lowPriceVolume"": 17751134}"
2025-11-29 00:00:00+00:00,1764374400,67,65,23671858,19737875,43409733,3.076923076923077,2.0,86819466.0,86819466.0,2026-08-07T11:44:12.257576+00:00,timeseries_24h,562,"{""timestamp"": 1764374400, ""avgHighPrice"": 67, ""avgLowPrice"": 65, ""highPriceVolume"": 23671858, ""lowPriceVolume"": 19737875}"
2025-11-30 00:00:00+00:00,1764460800,68,66,27289463,22695993,49985456,3.0303030303030303,2.0,99970912.0,99970912.0,2026-08-07T11:44:12.257576+00:00,timeseries_24h,562,"{""timestamp"": 1764460800, ""avgHighPrice"": 68, ""avgLowPrice"": 66, ""highPriceVolume"": 27289463, ""lowPriceVolume"": 22695993}"
2025-12-01 00:00:00+00:00,1764547200,68,66,18934475,21496617,40431092,3.0303030303030303,2.0,80862184.0,80862184.0,2026-08-07T11:44:12.257576+00:00,timeseries_24h,562,"{""timestamp"": 1764547200, ""avgHighPrice"": 68, ""avgLowPrice"": 66, ""highPriceVolume"": 18934475, ""lowPriceVolume"": 21496617}"
2025-12-02 00:00:00+00:00,1764633600,69,67,19925150,21419204,41344354,2.9850746268656714,2.0,82688708.0,82688708.0,2026-08-07T11:44:12.257576+00:00,timeseries_24h,562,"{""timestamp"": 1764633600, ""avgHighPrice"": 69, ""avgLowPrice"": 67, ""highPriceVolume"": 19925150, ""lowPriceVolume"": 21419204}"
2025-12-03 00:00:00+00:00,1764720000,69,67,6486868,5795398,12282266,2.9850746268656714,2.0,24564532.0,24564532.0,2026-08-07T11:44:12.257576+00:00,timeseries_24h,562,"{""timestamp"": 1764720000, ""avgHighPrice"": 69, ""avgLowPrice"": 67, ""highPriceVolume"": 6486868, ""lowPriceVolume"": 5795398}"
2025-12-04 00:00:00+00:00,1764806400,69,67,9342914,6033497,15376411,2.9850746268656714,2.0,30752822.0,30752822.0,2026-08-07T11:44:12.257576+00:00,timeseries_24h,562,"{""timestamp"": 1764806400, ""avgHighPrice"": 69, ""avgLowPrice"": 67, ""highPriceVolume"": 9342914, ""lowPriceVolume"": 6033497}"
2025-12-05 00:00:00+00:00,1764892800,69,66,17831985,14101344,31933329,4.545454545454546,3.0,95799987.0,95799987.0,2026-08-07T11:44:12.257576+00:00,timeseries_24h,562,"{""timestamp"": 1764892800, ""avgHighPrice"": 69, ""avgLowPrice"": 66, ""highPriceVolume"": 17831985, ""lowPriceVolume"": 14101344}"
2025-12-06 00:00:00+00:00,1764979200,68,66,6824636,5476384,12301020,3.0303030303030303,2.0,24602040.0,24602040.0,2026-08-07T11:44:12.257576+00:00,timeseries_24h,562,"{""timestamp"": 1764979200, ""avgHighPrice"": 68, ""avgLowPrice"": 66, ""highPriceVolume"": 6824636, ""lowPriceVolume"": 5476384}"
2025-12-07 00:00:00+00:00,1765065600,68,66,35307856,18963653,54271509,3.0303030303030303,2.0,108543018.0,108543018.0,2026-08-07T11:44:12.257576+00:00,timeseries_24h,562,"{""timestamp"": 1765065600, ""avgHighPrice"": 68, ""avgLowPrice"": 66, ""highPriceVolume"": 35307856, ""lowPriceVolume"": 18963653}"
2025-12-08 00:00:00+00:00,1765152000,70,67,19603380,23058377,42661757,4.477611940298507,3.0,127985271.0,127985271.0,2026-08-07T11:44:12.257576+00:00,timeseries_24h,562,"{""timestamp"": 1765152000, ""avgHighPrice"": 70, ""avgLowPrice"": 67, ""highPriceVolume"": 19603380, ""lowPriceVolume"": 23058377}"
2025-12-09 00:00:00+00:00,1765238400,69,67,19907893,20850647,40758540,2.9850746268656714,2.0,81517080.0,81517080.0,2026-08-07T11:44:12.257576+00:00,timeseries_24h,562,"{""timestamp"": 1765238400, ""avgHighPrice"": 69, ""avgLowPrice"": 67, ""highPriceVolume"": 19907893, ""lowPriceVolume"": 20850647}"
2025-12-10 00:00:00+00:00,1765324800,69,67,25706011,22150892,47856903,2.9850746268656714,2.0,95713806.0,95713806.0,2026-08-07T11:44:12.257576+00:00,timeseries_24h,562,"{""timestamp"": 1765324800, ""avgHighPrice"": 69, ""avgLowPrice"": 67, ""highPriceVolume"": 25706011, ""lowPriceVolume"": 22150892}"
2025-12-11 00:00:00+00:00,1765411200,69,67,7352607,5378050,12730657,2.9850746268656714,2.0,25461314.0,25461314.0,2026-08-07T11:44:12.257576+00:00,timeseries_24h,562,"{""timestamp"": 1765411200, ""avgHighPrice"": 69, ""avgLowPrice"": 67, ""highPriceVolume"": 7352607, ""lowPriceVolume"": 5378050}"
2025-12-12 00:00:00+00:00,1765497600,69,67,14338373,14644401,28982774,2.9850746268656714,2.0,57965548.0,57965548.0,2026-08-07T11:44:12.257576+00:00,timeseries_24h,562,"{""timestamp"": 1765497600, ""avgHighPrice"": 69, ""avgLowPrice"": 67, ""highPriceVolume"": 14338373, ""lowPriceVolume"": 14644401}"
2025-12-13 00:00:00+00:00,1765584000,70,68,15671188,16990305,32661493,2.941176470588235,2.0,65322986.0,65322986.0,2026-08-07T11:44:12.257576+00:00,timeseries_24h,562,"{""timestamp"": 1765584000, ""avgHighPrice"": 70, ""avgLowPrice"": 68, ""highPriceVolume"": 15671188, ""lowPriceVolume"": 16990305}"
2025-12-14 00:00:00+00:00,1765670400,70,68,15649665,15884056,31533721,2.941176470588235,2.0,63067442.0,63067442.0,2026-08-07T11:44:12.257576+00:00,timeseries_24h,562,"{""timestamp"": 1765670400, ""avgHighPrice"": 70, ""avgLowPrice"": 68, ""highPriceVolume"": 15649665, ""lowPriceVolume"": 15884056}"
2025-12-15 00:00:00+00:00,1765756800,70,68,15691846,15843432,31535278,2.941176470588235,2.0,63070556.0,63070556.0,2026-08-07T11:44:12.257576+00:00,timeseries_24h,562,"{""timestamp"": 1765756800, ""avgHighPrice"": 70, ""avgLowPrice"": 68, ""highPriceVolume"": 15691846, ""lowPriceVolume"": 15843432}"
2025-12-16 00:00:00+00:00,1765843200,70,68,17434087,12409880,29843967,2.941176470588235,2.0,59687934.0,59687934.0,2026-08-07T11:44:12.257576+00:00,timeseries_24h,562,"{""timestamp"": 1765843200, ""avgHighPrice"": 70, ""avgLowPrice"": 68, ""highPriceVolume"": 17434087, ""lowPriceVolume"": 12409880}"
2025-12-17 00:00:00+00:00,1765929600,69,67,27474078,16782739,44256817,2.9850746268656714,2.0,88513634.0,88513634.0,2026-08-07T11:44:12.257576+00:00,timeseries_24h,562,"{""timestamp"": 1765929600, ""avgHighPrice"": 69, ""avgLowPrice"": 67, ""highPriceVolume"": 27474078, ""lowPriceVolume"": 16782739}"
2025-12-18 00:00:00+00:00,1766016000,69,67,27480981,18539232,46020213,2.9850746268656714,2.0,92040426.0,92040426.0,2026-08-07T11:44:12.257576+00:00,timeseries_24h,562,"{""timestamp"": 1766016000, ""avgHighPrice"": 69, ""avgLowPrice"": 67, ""highPriceVolume"": 27480981, ""lowPriceVolume"": 18539232}"
2025-12-19 00:00:00+00:00,1766102400,69,67,31161767,19476240,50638007,2.9850746268656714,2.0,101276014.0,101276014.0,2026-08-07T11:44:12.257576+00:00,timeseries_24h,562,"{""timestamp"": 1766102400, ""avgHighPrice"": 69, ""avgLowPrice"": 67, ""highPriceVolume"": 31161767, ""lowPriceVolume"": 19476240}"
2025-12-20 00:00:00+00:00,1766188800,67,66,34549481,14451519,49001000,1.5151515151515151,1.0,49001000.0,49001000.0,2026-08-07T11:44:12.257576+00:00,timeseries_24h,562,"{""timestamp"": 1766188800, ""avgHighPrice"": 67, ""avgLowPrice"": 66, ""highPriceVolume"": 34549481, ""lowPriceVolume"": 14451519}"
2025-12-21 00:00:00+00:00,1766275200,66,64,39843679,13613205,53456884,3.125,2.0,106913768.0,106913768.0,2026-08-07T11:44:12.257576+00:00,timeseries_24h,562,"{""timestamp"": 1766275200, ""avgHighPrice"": 66, ""avgLowPrice"": 64, ""highPriceVolume"": 39843679, ""lowPriceVolume"": 13613205}"
2025-12-22 00:00:00+00:00,1766361600,67,64,9779332,5706072,15485404,4.6875,3.0,46456212.0,46456212.0,2026-08-07T11:44:12.257576+00:00,timeseries_24h,562,"{""timestamp"": 1766361600, ""avgHighPrice"": 67, ""avgLowPrice"": 64, ""highPriceVolume"": 9779332, ""lowPriceVolume"": 5706072}"
2025-12-23 00:00:00+00:00,1766448000,63,62,27386277,11233420,38619697,1.6129032258064515,1.0,38619697.0,38619697.0,2026-08-07T11:44:12.257576+00:00,timeseries_24h,562,"{""timestamp"": 1766448000, ""avgHighPrice"": 63, ""avgLowPrice"": 62, ""highPriceVolume"": 27386277, ""lowPriceVolume"": 11233420}"
2025-12-24 00:00:00+00:00,1766534400,63,61,10328314,3216837,13545151,3.278688524590164,2.0,27090302.0,27090302.0,2026-08-07T11:44:12.257576+00:00,timeseries_24h,562,"{""timestamp"": 1766534400, ""avgHighPrice"": 63, ""avgLowPrice"": 61, ""highPriceVolume"": 10328314, ""lowPriceVolume"": 3216837}"
2025-12-25 00:00:00+00:00,1766620800,55,52,9348449,2156192,11504641,5.769230769230769,3.0,34513923.0,34513923.0,2026-08-07T11:44:12.257576+00:00,timeseries_24h,562,"{""timestamp"": 1766620800, ""avgHighPrice"": 55, ""avgLowPrice"": 52, ""highPriceVolume"": 9348449, ""lowPriceVolume"": 2156192}"
2025-12-26 00:00:00+00:00,1766707200,55,52,11592956,2035789,13628745,5.769230769230769,3.0,40886235.0,40886235.0,2026-08-07T11:44:12.257576+00:00,timeseries_24h,562,"{""timestamp"": 1766707200, ""avgHighPrice"": 55, ""avgLowPrice"": 52, ""highPriceVolume"": 11592956, ""lowPriceVolume"": 2035789}"
2025-12-27 00:00:00+00:00,1766793600,54,52,13982371,2737041,16719412,3.8461538461538463,2.0,33438824.0,33438824.0,2026-08-07T11:44:12.257576+00:00,timeseries_24h,562,"{""timestamp"": 1766793600, ""avgHighPrice"": 54, ""avgLowPrice"": 52, ""highPriceVolume"": 13982371, ""lowPriceVolume"": 2737041}"
2025-12-28 00:00:00+00:00,1766880000,58,54,8451872,9203290,17655162,7.4074074074074066,4.0,70620648.0,70620648.0,2026-08-07T11:44:12.257576+00:00,timeseries_24h,562,"{""timestamp"": 1766880000, ""avgHighPrice"": 58, ""avgLowPrice"": 54, ""highPriceVolume"": 8451872, ""lowPriceVolume"": 9203290}"
2025-12-29 00:00:00+00:00,1766966400,58,55,6596505,8186596,14783101,5.454545454545454,3.0,44349303.0,44349303.0,2026-08-07T11:44:12.257576+00:00,timeseries_24h,562,"{""timestamp"": 1766966400, ""avgHighPrice"": 58, ""avgLowPrice"": 55, ""highPriceVolume"": 6596505, ""lowPriceVolume"": 8186596}"
2025-12-30 00:00:00+00:00,1767052800,59,56,6660002,7119009,13779011,5.357142857142857,3.0,41337033.0,41337033.0,2026-08-07T11:44:12.257576+00:00,timeseries_24h,562,"{""timestamp"": 1767052800, ""avgHighPrice"": 59, ""avgLowPrice"": 56, ""highPriceVolume"": 6660002, ""lowPriceVolume"": 7119009}"
2025-12-31 00:00:00+00:00,1767139200,57,56,8284460,5184116,13468576,1.7857142857142856,1.0,13468576.0,13468576.0,2026-08-07T11:44:12.257576+00:00,timeseries_24h,562,"{""timestamp"": 1767139200, ""avgHighPrice"": 57, ""avgLowPrice"": 56, ""highPriceVolume"": 8284460, ""lowPriceVolume"": 5184116}"
2026-01-01 00:00:00+00:00,1767225600,58,56,330609,489474,820083,3.571428571428571,2.0,1640166.0,1640166.0,2026-08-07T11:44:12.257576+00:00,timeseries_24h,562,"{""timestamp"": 1767225600, ""avgHighPrice"": 58, ""avgLowPrice"": 56, ""highPriceVolume"": 330609, ""lowPriceVolume"": 489474}"
2026-01-02 00:00:00+00:00,1767312000,61,58,9005490,9162812,18168302,5.172413793103448,3.0,54504906.0,54504906.0,2026-08-07T11:44:12.257576+00:00,timeseries_24h,562,"{""timestamp"": 1767312000, ""avgHighPrice"": 61, ""avgLowPrice"": 58, ""highPriceVolume"": 9005490, ""lowPriceVolume"": 9162812}"
2026-01-03 00:00:00+00:00,1767398400,60,58,36353526,27699969,64053495,3.4482758620689653,2.0,128106990.0,128106990.0,2026-08-07T11:44:12.257576+00:00,timeseries_24h,562,"{""timestamp"": 1767398400, ""avgHighPrice"": 60, ""avgLowPrice"": 58, ""highPriceVolume"": 36353526, ""lowPriceVolume"": 27699969}"
2026-01-04 00:00:00+00:00,1767484800,61,58,7244464,7944522,15188986,5.172413793103448,3.0,45566958.0,45566958.0,2026-08-07T11:44:12.257576+00:00,timeseries_24h,562,"{""timestamp"": 1767484800, ""avgHighPrice"": 61, ""avgLowPrice"": 58, ""highPriceVolume"": 7244464, ""lowPriceVolume"": 7944522}"
2026-01-05 00:00:00+00:00,1767571200,62,60,10066144,8519295,18585439,3.3333333333333335,2.0,37170878.0,37170878.0,2026-08-07T11:44:12.257576+00:00,timeseries_24h,562,"{""timestamp"": 1767571200, ""avgHighPrice"": 62, ""avgLowPrice"": 60, ""highPriceVolume"": 10066144, ""lowPriceVolume"": 8519295}"
2026-01-06 00:00:00+00:00,1767657600,61,59,30870111,21882342,52752453,3.389830508474576,2.0,105504906.0,105504906.0,2026-08-07T11:44:12.257576+00:00,timeseries_24h,562,"{""timestamp"": 1767657600, ""avgHighPrice"": 61, ""avgLowPrice"": 59, ""highPriceVolume"": 30870111, ""lowPriceVolume"": 21882342}"
2026-01-07 00:00:00+00:00,1767744000,61,59,2860597,1608462,4469059,3.389830508474576,2.0,8938118.0,8938118.0,2026-08-07T11:44:12.257576+00:00,timeseries_24h,562,"{""timestamp"": 1767744000, ""avgHighPrice"": 61, ""avgLowPrice"": 59, ""highPriceVolume"": 2860597, ""lowPriceVolume"": 1608462}"
2026-01-08 00:00:00+00:00,1767830400,58,56,9443898,3253957,12697855,3.571428571428571,2.0,25395710.0,25395710.0,2026-08-07T11:44:12.257576+00:00,timeseries_24h,562,"{""timestamp"": 1767830400, ""avgHighPrice"": 58, ""avgLowPrice"": 56, ""highPriceVolume"": 9443898, ""lowPriceVolume"": 3253957}"
2026-01-09 00:00:00+00:00,1767916800,54,53,11906734,3057913,14964647,1.8867924528301887,1.0,14964647.0,14964647.0,2026-08-07T11:44:12.257576+00:00,timeseries_24h,562,"{""timestamp"": 1767916800, ""avgHighPrice"": 54, ""avgLowPrice"": 53, ""highPriceVolume"": 11906734, ""lowPriceVolume"": 3057913}"
2026-01-10 00:00:00+00:00,1768003200,56,55,9967510,7263341,17230851,1.8181818181818181,1.0,17230851.0,17230851.0,2026-08-07T11:44:12.257576+00:00,timeseries_24h,562,"{""timestamp"": 1768003200, ""avgHighPrice"": 56, ""avgLowPrice"": 55, ""highPriceVolume"": 9967510, ""lowPriceVolume"": 7263341}"
2026-01-11 00:00:00+00:00,1768089600,57,55,15802992,13649920,29452912,3.6363636363636362,2.0,58905824.0,58905824.0,2026-08-07T11:44:12.257576+00:00,timeseries_24h,562,"{""timestamp"": 1768089600, ""avgHighPrice"": 57, ""avgLowPrice"": 55, ""highPriceVolume"": 15802992, ""lowPriceVolume"": 13649920}"
2026-01-12 00:00:00+00:00,1768176000,57,55,36359429,19321925,55681354,3.6363636363636362,2.0,111362708.0,111362708.0,2026-08-07T11:44:12.257576+00:00,timeseries_24h,562,"{""timestamp"": 1768176000, ""avgHighPrice"": 57, ""avgLowPrice"": 55, ""highPriceVolume"": 36359429, ""lowPriceVolume"": 19321925}"
2026-01-13 00:00:00+00:00,1768262400,57,55,36697616,18524462,55222078,3.6363636363636362,2.0,110444156.0,110444156.0,2026-08-07T11:44:12.257576+00:00,timeseries_24h,562,"{""timestamp"": 1768262400, ""avgHighPrice"": 57, ""avgLowPrice"": 55, ""highPriceVolume"": 36697616, ""lowPriceVolume"": 18524462}"
2026-01-14 00:00:00+00:00,1768348800,57,55,32527389,19640632,52168021,3.6363636363636362,2.0,104336042.0,104336042.0,2026-08-07T11:44:12.257576+00:00,timeseries_24h,562,"{""timestamp"": 1768348800, ""avgHighPrice"": 57, ""avgLowPrice"": 55, ""highPriceVolume"": 32527389, ""lowPriceVolume"": 19640632}"
2026-01-15 00:00:00+00:00,1768435200,55,54,29211826,12968481,42180307,1.8518518518518516,1.0,42180307.0,42180307.0,2026-08-07T11:44:12.257576+00:00,timeseries_24h,562,"{""timestamp"": 1768435200, ""avgHighPrice"": 55, ""avgLowPrice"": 54, ""highPriceVolume"": 29211826, ""lowPriceVolume"": 12968481}"
2026-01-16 00:00:00+00:00,1768521600,54,53,40949557,15981174,56930731,1.8867924528301887,1.0,56930731.0,56930731.0,2026-08-07T11:44:12.257576+00:00,timeseries_24h,562,"{""timestamp"": 1768521600, ""avgHighPrice"": 54, ""avgLowPrice"": 53, ""highPriceVolume"": 40949557, ""lowPriceVolume"": 15981174}"
2026-01-17 00:00:00+00:00,1768608000,56,54,33594501,28268295,61862796,3.7037037037037033,2.0,123725592.0,123725592.0,2026-08-07T11:44:12.257576+00:00,timeseries_24h,562,"{""timestamp"": 1768608000, ""avgHighPrice"": 56, ""avgLowPrice"": 54, ""highPriceVolume"": 33594501, ""lowPriceVolume"": 28268295}"
2026-01-18 00:00:00+00:00,1768694400,57,55,34147041,31163028,65310069,3.6363636363636362,2.0,130620138.0,130620138.0,2026-08-07T11:44:12.257576+00:00,timeseries_24h,562,"{""timestamp"": 1768694400, ""avgHighPrice"": 57, ""avgLowPrice"": 55, ""highPriceVolume"": 34147041, ""lowPriceVolume"": 31163028}"
2026-01-19 00:00:00+00:00,1768780800,57,55,35571490,22662320,58233810,3.6363636363636362,2.0,116467620.0,116467620.0,2026-08-07T11:44:12.257576+00:00,timeseries_24h,562,"{""timestamp"": 1768780800, ""avgHighPrice"": 57, ""avgLowPrice"": 55, ""highPriceVolume"": 35571490, ""lowPriceVolume"": 22662320}"
2026-01-20 00:00:00+00:00,1768867200,59,57,17169359,17800159,34969518,3.508771929824561,2.0,69939036.0,69939036.0,2026-08-07T11:44:12.257576+00:00,timeseries_24h,562,"{""timestamp"": 1768867200, ""avgHighPrice"": 59, ""avgLowPrice"": 57, ""highPriceVolume"": 17169359, ""lowPriceVolume"": 17800159}"
2026-01-21 00:00:00+00:00,1768953600,62,59,9346120,7974897,17321017,5.084745762711865,3.0,51963051.0,51963051.0,2026-08-07T11:44:12.257576+00:00,timeseries_24h,562,"{""timestamp"": 1768953600, ""avgHighPrice"": 62, ""avgLowPrice"": 59, ""highPriceVolume"": 9346120, ""lowPriceVolume"": 7974897}"
2026-01-22 00:00:00+00:00,1769040000,64,61,9060437,8218984,17279421,4.918032786885246,3.0,51838263.0,51838263.0,2026-08-07T11:44:12.257576+00:00,timeseries_24h,562,"{""timestamp"": 1769040000, ""avgHighPrice"": 64, ""avgLowPrice"": 61, ""highPriceVolume"": 9060437, ""lowPriceVolume"": 8218984}"
2026-01-23 00:00:00+00:00,1769126400,64,62,7796750,7782825,15579575,3.225806451612903,2.0,31159150.0,31159150.0,2026-08-07T11:44:12.257576+00:00,timeseries_24h,562,"{""timestamp"": 1769126400, ""avgHighPrice"": 64, ""avgLowPrice"": 62, ""highPriceVolume"": 7796750, ""lowPriceVolume"": 7782825}"
2026-01-24 00:00:00+00:00,1769212800,67,64,5956319,10383443,16339762,4.6875,3.0,49019286.0,49019286.0,2026-08-07T11:44:12.257576+00:00,timeseries_24h,562,"{""timestamp"": 1769212800, ""avgHighPrice"": 67, ""avgLowPrice"": 64, ""highPriceVolume"": 5956319, ""lowPriceVolume"": 10383443}"
2026-01-25 00:00:00+00:00,1769299200,69,66,11005673,11500073,22505746,4.545454545454546,3.0,67517238.0,67517238.0,2026-08-07T11:44:12.257576+00:00,timeseries_24h,562,"{""timestamp"": 1769299200, ""avgHighPrice"": 69, ""avgLowPrice"": 66, ""highPriceVolume"": 11005673, ""lowPriceVolume"": 11500073}"
2026-01-26 00:00:00+00:00,1769385600,70,68,10832624,10156694,20989318,2.941176470588235,2.0,41978636.0,41978636.0,2026-08-07T11:44:12.257576+00:00,timeseries_24h,562,"{""timestamp"": 1769385600, ""avgHighPrice"": 70, ""avgLowPrice"": 68, ""highPriceVolume"": 10832624, ""lowPriceVolume"": 10156694}"
2026-01-27 00:00:00+00:00,1769472000,69,67,12925349,4983566,17908915,2.9850746268656714,2.0,35817830.0,35817830.0,2026-08-07T11:44:12.257576+00:00,timeseries_24h,562,"{""timestamp"": 1769472000, ""avgHighPrice"": 69, ""avgLowPrice"": 67, ""highPriceVolume"": 12925349, ""lowPriceVolume"": 4983566}"
2026-01-28 00:00:00+00:00,1769558400,69,67,10859023,4925501,15784524,2.9850746268656714,2.0,31569048.0,31569048.0,2026-08-07T11:44:12.257576+00:00,timeseries_24h,562,"{""timestamp"": 1769558400, ""avgHighPrice"": 69, ""avgLowPrice"": 67, ""highPriceVolume"": 10859023, ""lowPriceVolume"": 4925501}"
2026-01-29 00:00:00+00:00,1769644800,69,67,36391698,18740761,55132459,2.9850746268656714,2.0,110264918.0,110264918.0,2026-08-07T11:44:12.257576+00:00,timeseries_24h,562,"{""timestamp"": 1769644800, ""avgHighPrice"": 69, ""avgLowPrice"": 67, ""highPriceVolume"": 36391698, ""lowPriceVolume"": 18740761}"
2026-01-30 00:00:00+00:00,1769731200,69,67,10856219,4463552,15319771,2.9850746268656714,2.0,30639542.0,30639542.0,2026-08-07T11:44:12.257576+00:00,timeseries_24h,562,"{""timestamp"": 1769731200, ""avgHighPrice"": 69, ""avgLowPrice"": 67, ""highPriceVolume"": 10856219, ""lowPriceVolume"": 4463552}"
2026-01-31 00:00:00+00:00,1769817600,73,71,22722422,18637520,41359942,2.8169014084507045,2.0,82719884.0,82719884.0,2026-08-07T11:44:12.257576+00:00,timeseries_24h,562,"{""timestamp"": 1769817600, ""avgHighPrice"": 73, ""avgLowPrice"": 71, ""highPriceVolume"": 22722422, ""lowPriceVolume"": 18637520}"
2026-02-01 00:00:00+00:00,1769904000,70,68,42647504,20332619,62980123,2.941176470588235,2.0,125960246.0,125960246.0,2026-08-07T11:44:12.257576+00:00,timeseries_24h,562,"{""timestamp"": 1769904000, ""avgHighPrice"": 70, ""avgLowPrice"": 68, ""highPriceVolume"": 42647504, ""lowPriceVolume"": 20332619}"
2026-02-02 00:00:00+00:00,1769990400,71,70,9209662,4919262,14128924,1.4285714285714286,1.0,14128924.0,14128924.0,2026-08-07T11:44:12.257576+00:00,timeseries_24h,562,"{""timestamp"": 1769990400, ""avgHighPrice"": 71, ""avgLowPrice"": 70, ""highPriceVolume"": 9209662, ""lowPriceVolume"": 4919262}"
2026-02-03 00:00:00+00:00,1770076800,76,74,18505587,16796326,35301913,2.7027027027027026,2.0,70603826.0,70603826.0,2026-08-07T11:44:12.257576+00:00,timeseries_24h,562,"{""timestamp"": 1770076800, ""avgHighPrice"": 76, ""avgLowPrice"": 74, ""highPriceVolume"": 18505587, ""lowPriceVolume"": 16796326}"
2026-02-04 00:00:00+00:00,1770163200,77,74,22316676,19310052,41626728,4.054054054054054,3.0,124880184.0,124880184.0,2026-08-07T11:44:12.257576+00:00,timeseries_24h,562,"{""timestamp"": 1770163200, ""avgHighPrice"": 77, ""avgLowPrice"": 74, ""highPriceVolume"": 22316676, ""lowPriceVolume"": 19310052}"
2026-02-05 00:00:00+00:00,1770249600,76,74,32322677,17224709,49547386,2.7027027027027026,2.0,99094772.0,99094772.0,2026-08-07T11:44:12.257576+00:00,timeseries_24h,562,"{""timestamp"": 1770249600, ""avgHighPrice"": 76, ""avgLowPrice"": 74, ""highPriceVolume"": 32322677, ""lowPriceVolume"": 17224709}"
2026-02-06 00:00:00+00:00,1770336000,76,74,3392602,2867492,6260094,2.7027027027027026,2.0,12520188.0,12520188.0,2026-08-07T11:44:12.257576+00:00,timeseries_24h,562,"{""timestamp"": 1770336000, ""avgHighPrice"": 76, ""avgLowPrice"": 74, ""highPriceVolume"": 3392602, ""lowPriceVolume"": 2867492}"
2026-02-07 00:00:00+00:00,1770422400,75,75,1446666,652403,2099069,0.0,0.0,0.0,0.0,2026-08-07T11:44:12.257576+00:00,timeseries_24h,562,"{""timestamp"": 1770422400, ""avgHighPrice"": 75, ""avgLowPrice"": 75, ""highPriceVolume"": 1446666, ""lowPriceVolume"": 652403}"
2026-02-08 00:00:00+00:00,1770508800,75,75,806216,686103,1492319,0.0,0.0,0.0,0.0,2026-08-07T11:44:12.257576+00:00,timeseries_24h,562,"{""timestamp"": 1770508800, ""avgHighPrice"": 75, ""avgLowPrice"": 75, ""highPriceVolume"": 806216, ""lowPriceVolume"": 686103}"
2026-02-09 00:00:00+00:00,1770595200,77,75,5696101,2285474,7981575,2.666666666666667,2.0,15963150.0,15963150.0,2026-08-07T11:44:12.257576+00:00,timeseries_24h,562,"{""timestamp"": 1770595200, ""avgHighPrice"": 77, ""avgLowPrice"": 75, ""highPriceVolume"": 5696101, ""lowPriceVolume"": 2285474}"
2026-02-10 00:00:00+00:00,1770681600,77,75,5430555,3034751,8465306,2.666666666666667,2.0,16930612.0,16930612.0,2026-08-07T11:44:12.257576+00:00,timeseries_24h,562,"{""timestamp"": 1770681600, ""avgHighPrice"": 77, ""avgLowPrice"": 75, ""highPriceVolume"": 5430555, ""lowPriceVolume"": 3034751}"
2026-02-11 00:00:00+00:00,1770768000,77,75,28686419,17876916,46563335,2.666666666666667,2.0,93126670.0,93126670.0,2026-08-07T11:44:12.257576+00:00,timeseries_24h,562,"{""timestamp"": 1770768000, ""avgHighPrice"": 77, ""avgLowPrice"": 75, ""highPriceVolume"": 28686419, ""lowPriceVolume"": 17876916}"
2026-02-12 00:00:00+00:00,1770854400,77,75,2484105,2693100,5177205,2.666666666666667,2.0,10354410.0,10354410.0,2026-08-07T11:44:12.257576+00:00,timeseries_24h,562,"{""timestamp"": 1770854400, ""avgHighPrice"": 77, ""avgLowPrice"": 75, ""highPriceVolume"": 2484105, ""lowPriceVolume"": 2693100}"
2026-02-13 00:00:00+00:00,1770940800,77,75,27776629,20379013,48155642,2.666666666666667,2.0,96311284.0,96311284.0,2026-08-07T11:44:12.257576+00:00,timeseries_24h,562,"{""timestamp"": 1770940800, ""avgHighPrice"": 77, ""avgLowPrice"": 75, ""highPriceVolume"": 27776629, ""lowPriceVolume"": 20379013}"
2026-02-14 00:00:00+00:00,1771027200,77,75,33793615,20525342,54318957,2.666666666666667,2.0,108637914.0,108637914.0,2026-08-07T11:44:12.257576+00:00,timeseries_24h,562,"{""timestamp"": 1771027200, ""avgHighPrice"": 77, ""avgLowPrice"": 75, ""highPriceVolume"": 33793615, ""lowPriceVolume"": 20525342}"
2026-02-15 00:00:00+00:00,1771113600,77,75,10084515,6646899,16731414,2.666666666666667,2.0,33462828.0,33462828.0,2026-08-07T11:44:12.257576+00:00,timeseries_24h,562,"{""timestamp"": 1771113600, ""avgHighPrice"": 77, ""avgLowPrice"": 75, ""highPriceVolume"": 10084515, ""lowPriceVolume"": 6646899}"
2026-02-16 00:00:00+00:00,1771200000,77,76,28119735,13627845,41747580,1.3157894736842104,1.0,41747580.0,41747580.0,2026-08-07T11:44:12.257576+00:00,timeseries_24h,562,"{""timestamp"": 1771200000, ""avgHighPrice"": 77, ""avgLowPrice"": 76, ""highPriceVolume"": 28119735, ""lowPriceVolume"": 13627845}"
2026-02-17 00:00:00+00:00,1771286400,79,77,7113841,4758538,11872379,2.5974025974025974,2.0,23744758.0,23744758.0,2026-08-07T11:44:12.257576+00:00,timeseries_24h,562,"{""timestamp"": 1771286400, ""avgHighPrice"": 79, ""avgLowPrice"": 77, ""highPriceVolume"": 7113841, ""lowPriceVolume"": 4758538}"
2026-02-18 00:00:00+00:00,1771372800,82,79,10115174,7322980,17438154,3.79746835443038,3.0,52314462.0,52314462.0,2026-08-07T11:44:12.257576+00:00,timeseries_24h,562,"{""timestamp"": 1771372800, ""avgHighPrice"": 82, ""avgLowPrice"": 79, ""highPriceVolume"": 10115174, ""lowPriceVolume"": 7322980}"
2026-02-19 00:00:00+00:00,1771459200,83,81,7302250,5920900,13223150,2.4691358024691357,2.0,26446300.0,26446300.0,2026-08-07T11:44:12.257576+00:00,timeseries_24h,562,"{""timestamp"": 1771459200, ""avgHighPrice"": 83, ""avgLowPrice"": 81, ""highPriceVolume"": 7302250, ""lowPriceVolume"": 5920900}"
2026-02-20 00:00:00+00:00,1771545600,83,81,18845526,9250982,28096508,2.4691358024691357,2.0,56193016.0,56193016.0,2026-08-07T11:44:12.257576+00:00,timeseries_24h,562,"{""timestamp"": 1771545600, ""avgHighPrice"": 83, ""avgLowPrice"": 81, ""highPriceVolume"": 18845526, ""lowPriceVolume"": 9250982}"
2026-02-21 00:00:00+00:00,1771632000,84,81,7852117,3716869,11568986,3.7037037037037033,3.0,34706958.0,34706958.0,2026-08-07T11:44:12.257576+00:00,timeseries_24h,562,"{""timestamp"": 1771632000, ""avgHighPrice"": 84, ""avgLowPrice"": 81, ""highPriceVolume"": 7852117, ""lowPriceVolume"": 3716869}"
2026-02-22 00:00:00+00:00,1771718400,86,84,22414341,21188525,43602866,2.380952380952381,2.0,87205732.0,87205732.0,2026-08-07T11:44:12.257576+00:00,timeseries_24h,562,"{""timestamp"": 1771718400, ""avgHighPrice"": 86, ""avgLowPrice"": 84, ""highPriceVolume"": 22414341, ""lowPriceVolume"": 21188525}"
2026-02-23 00:00:00+00:00,1771804800,88,85,8664548,8306096,16970644,3.5294117647058822,3.0,50911932.0,50911932.0,2026-08-07T11:44:12.257576+00:00,timeseries_24h,562,"{""timestamp"": 1771804800, ""avgHighPrice"": 88, ""avgLowPrice"": 85, ""highPriceVolume"": 8664548, ""lowPriceVolume"": 8306096}"
2026-02-24 00:00:00+00:00,1771891200,86,85,4454596,1659018,6113614,1.1764705882352942,1.0,6113614.0,6113614.0,2026-08-07T11:44:12.257576+00:00,timeseries_24h,562,"{""timestamp"": 1771891200, ""avgHighPrice"": 86, ""avgLowPrice"": 85, ""highPriceVolume"": 4454596, ""lowPriceVolume"": 1659018}"
2026-02-25 00:00:00+00:00,1771977600,84,82,16940705,9442222,26382927,2.4390243902439024,2.0,52765854.0,52765854.0,2026-08-07T11:44:12.257576+00:00,timeseries_24h,562,"{""timestamp"": 1771977600, ""avgHighPrice"": 84, ""avgLowPrice"": 82, ""highPriceVolume"": 16940705, ""lowPriceVolume"": 9442222}"
2026-02-26 00:00:00+00:00,1772064000,82,80,12347211,7341469,19688680,2.5,2.0,39377360.0,39377360.0,2026-08-07T11:44:12.257576+00:00,timeseries_24h,562,"{""timestamp"": 1772064000, ""avgHighPrice"": 82, ""avgLowPrice"": 80, ""highPriceVolume"": 12347211, ""lowPriceVolume"": 7341469}"
2026-02-27 00:00:00+00:00,1772150400,84,82,18532076,16353706,34885782,2.4390243902439024,2.0,69771564.0,69771564.0,2026-08-07T11:44:12.257576+00:00,timeseries_24h,562,"{""timestamp"": 1772150400, ""avgHighPrice"": 84, ""avgLowPrice"": 82, ""highPriceVolume"": 18532076, ""lowPriceVolume"": 16353706}"
2026-02-28 00:00:00+00:00,1772236800,86,84,32019802,28679229,60699031,2.380952380952381,2.0,121398062.0,121398062.0,2026-08-07T11:44:12.257576+00:00,timeseries_24h,562,"{""timestamp"": 1772236800, ""avgHighPrice"": 86, ""avgLowPrice"": 84, ""highPriceVolume"": 32019802, ""lowPriceVolume"": 28679229}"
2026-03-01 00:00:00+00:00,1772323200,88,86,42039560,31899255,73938815,2.3255813953488373,2.0,147877630.0,147877630.0,2026-08-07T11:44:12.257576+00:00,timeseries_24h,562,"{""timestamp"": 1772323200, ""avgHighPrice"": 88, ""avgLowPrice"": 86, ""highPriceVolume"": 42039560, ""lowPriceVolume"": 31899255}"
2026-03-02 00:00:00+00:00,1772409600,88,86,36954298,24241596,61195894,2.3255813953488373,2.0,122391788.0,122391788.0,2026-08-07T11:44:12.257576+00:00,timeseries_24h,562,"{""timestamp"": 1772409600, ""avgHighPrice"": 88, ""avgLowPrice"": 86, ""highPriceVolume"": 36954298, ""lowPriceVolume"": 24241596}"
2026-03-03 00:00:00+00:00,1772496000,89,87,32149548,20799887,52949435,2.2988505747126435,2.0,105898870.0,105898870.0,2026-08-07T11:44:12.257576+00:00,timeseries_24h,562,"{""timestamp"": 1772496000, ""avgHighPrice"": 89, ""avgLowPrice"": 87, ""highPriceVolume"": 32149548, ""lowPriceVolume"": 20799887}"
2026-03-04 00:00:00+00:00,1772582400,90,87,34237154,21365612,55602766,3.4482758620689653,3.0,166808298.0,166808298.0,2026-08-07T11:44:12.257576+00:00,timeseries_24h,562,"{""timestamp"": 1772582400, ""avgHighPrice"": 90, ""avgLowPrice"": 87, ""highPriceVolume"": 34237154, ""lowPriceVolume"": 21365612}"
2026-03-05 00:00:00+00:00,1772668800,89,87,31141222,23305327,54446549,2.2988505747126435,2.0,108893098.0,108893098.0,2026-08-07T11:44:12.257576+00:00,timeseries_24h,562,"{""timestamp"": 1772668800, ""avgHighPrice"": 89, ""avgLowPrice"": 87, ""highPriceVolume"": 31141222, ""lowPriceVolume"": 23305327}"
2026-03-06 00:00:00+00:00,1772755200,89,88,16034623,7385381,23420004,1.1363636363636365,1.0,23420004.0,23420004.0,2026-08-07T11:44:12.257576+00:00,timeseries_24h,562,"{""timestamp"": 1772755200, ""avgHighPrice"": 89, ""avgLowPrice"": 88, ""highPriceVolume"": 16034623, ""lowPriceVolume"": 7385381}"
2026-03-07 00:00:00+00:00,1772841600,93,91,5635268,4418090,10053358,2.197802197802198,2.0,20106716.0,20106716.0,2026-08-07T11:44:12.257576+00:00,timeseries_24h,562,"{""timestamp"": 1772841600, ""avgHighPrice"": 93, ""avgLowPrice"": 91, ""highPriceVolume"": 5635268, ""lowPriceVolume"": 4418090}"
2026-03-08 00:00:00+00:00,1772928000,94,92,16370759,12329918,28700677,2.1739130434782608,2.0,57401354.0,57401354.0,2026-08-07T11:44:12.257576+00:00,timeseries_24h,562,"{""timestamp"": 1772928000, ""avgHighPrice"": 94, ""avgLowPrice"": 92, ""highPriceVolume"": 16370759, ""lowPriceVolume"": 12329918}"
2026-03-09 00:00:00+00:00,1773014400,97,94,3132639,2684312,5816951,3.1914893617021276,3.0,17450853.0,17450853.0,2026-08-07T11:44:12.257576+00:00,timeseries_24h,562,"{""timestamp"": 1773014400, ""avgHighPrice"": 97, ""avgLowPrice"": 94, ""highPriceVolume"": 3132639, ""lowPriceVolume"": 2684312}"
2026-03-10 00:00:00+00:00,1773100800,96,94,15205000,10221955,25426955,2.127659574468085,2.0,50853910.0,50853910.0,2026-08-07T11:44:12.257576+00:00,timeseries_24h,562,"{""timestamp"": 1773100800, ""avgHighPrice"": 96, ""avgLowPrice"": 94, ""highPriceVolume"": 15205000, ""lowPriceVolume"": 10221955}"
2026-03-11 00:00:00+00:00,1773187200,97,95,15297615,10601522,25899137,2.1052631578947367,2.0,51798274.0,51798274.0,2026-08-07T11:44:12.257576+00:00,timeseries_24h,562,"{""timestamp"": 1773187200, ""avgHighPrice"": 97, ""avgLowPrice"": 95, ""highPriceVolume"": 15297615, ""lowPriceVolume"": 10601522}"
2026-03-12 00:00:00+00:00,1773273600,97,95,27385956,21618541,49004497,2.1052631578947367,2.0,98008994.0,98008994.0,2026-08-07T11:44:12.257576+00:00,timeseries_24h,562,"{""timestamp"": 1773273600, ""avgHighPrice"": 97, ""avgLowPrice"": 95, ""highPriceVolume"": 27385956, ""lowPriceVolume"": 21618541}"
2026-03-13 00:00:00+00:00,1773360000,95,93,8509973,5430979,13940952,2.1505376344086025,2.0,27881904.0,27881904.0,2026-08-07T11:44:12.257576+00:00,timeseries_24h,562,"{""timestamp"": 1773360000, ""avgHighPrice"": 95, ""avgLowPrice"": 93, ""highPriceVolume"": 8509973, ""lowPriceVolume"": 5430979}"
2026-03-14 00:00:00+00:00,1773446400,96,95,5798657,3170693,8969350,1.0526315789473684,1.0,8969350.0,8969350.0,2026-08-07T11:44:12.257576+00:00,timeseries_24h,562,"{""timestamp"": 1773446400, ""avgHighPrice"": 96, ""avgLowPrice"": 95, ""highPriceVolume"": 5798657, ""lowPriceVolume"": 3170693}"
2026-03-15 00:00:00+00:00,1773532800,97,95,20929425,13349753,34279178,2.1052631578947367,2.0,68558356.0,68558356.0,2026-08-07T11:44:12.257576+00:00,timeseries_24h,562,"{""timestamp"": 1773532800, ""avgHighPrice"": 97, ""avgLowPrice"": 95, ""highPriceVolume"": 20929425, ""lowPriceVolume"": 13349753}"
2026-03-16 00:00:00+00:00,1773619200,97,95,18000923,13585975,31586898,2.1052631578947367,2.0,63173796.0,63173796.0,2026-08-07T11:44:12.257576+00:00,timeseries_24h,562,"{""timestamp"": 1773619200, ""avgHighPrice"": 97, ""avgLowPrice"": 95, ""highPriceVolume"": 18000923, ""lowPriceVolume"": 13585975}"
2026-03-17 00:00:00+00:00,1773705600,98,96,9147097,6139413,15286510,2.083333333333333,2.0,30573020.0,30573020.0,2026-08-07T11:44:12.257576+00:00,timeseries_24h,562,"{""timestamp"": 1773705600, ""avgHighPrice"": 98, ""avgLowPrice"": 96, ""highPriceVolume"": 9147097, ""lowPriceVolume"": 6139413}"
2026-03-18 00:00:00+00:00,1773792000,97,96,30225292,17925790,48151082,1.0416666666666665,1.0,48151082.0,48151082.0,2026-08-07T11:44:12.257576+00:00,timeseries_24h,562,"{""timestamp"": 1773792000, ""avgHighPrice"": 97, ""avgLowPrice"": 96, ""highPriceVolume"": 30225292, ""lowPriceVolume"": 17925790}"
2026-03-19 00:00:00+00:00,1773878400,98,96,10673014,7752144,18425158,2.083333333333333,2.0,36850316.0,36850316.0,2026-08-07T11:44:12.257576+00:00,timeseries_24h,562,"{""timestamp"": 1773878400, ""avgHighPrice"": 98, ""avgLowPrice"": 96, ""highPriceVolume"": 10673014, ""lowPriceVolume"": 7752144}"
2026-03-20 00:00:00+00:00,1773964800,97,95,30949589,19487511,50437100,2.1052631578947367,2.0,100874200.0,100874200.0,2026-08-07T11:44:12.257576+00:00,timeseries_24h,562,"{""timestamp"": 1773964800, ""avgHighPrice"": 97, ""avgLowPrice"": 95, ""highPriceVolume"": 30949589, ""lowPriceVolume"": 19487511}"
2026-03-21 00:00:00+00:00,1774051200,98,96,24441660,12196527,36638187,2.083333333333333,2.0,73276374.0,73276374.0,2026-08-07T11:44:12.257576+00:00,timeseries_24h,562,"{""timestamp"": 1774051200, ""avgHighPrice"": 98, ""avgLowPrice"": 96, ""highPriceVolume"": 24441660, ""lowPriceVolume"": 12196527}"
2026-03-22 00:00:00+00:00,1774137600,99,96,9102867,3794900,12897767,3.125,3.0,38693301.0,38693301.0,2026-08-07T11:44:12.257576+00:00,timeseries_24h,562,"{""timestamp"": 1774137600, ""avgHighPrice"": 99, ""avgLowPrice"": 96, ""highPriceVolume"": 9102867, ""lowPriceVolume"": 3794900}"
2026-03-23 00:00:00+00:00,1774224000,100,98,16784538,13001530,29786068,2.0408163265306123,2.0,59572136.0,59572136.0,2026-08-07T11:44:12.257576+00:00,timeseries_24h,562,"{""timestamp"": 1774224000, ""avgHighPrice"": 100, ""avgLowPrice"": 98, ""highPriceVolume"": 16784538, ""lowPriceVolume"": 13001530}"
2026-03-24 00:00:00+00:00,1774310400,107,103,28232819,26151133,54383952,3.8834951456310676,4.0,217535808.0,217535808.0,2026-08-07T11:44:12.257576+00:00,timeseries_24h,562,"{""timestamp"": 1774310400, ""avgHighPrice"": 107, ""avgLowPrice"": 103, ""highPriceVolume"": 28232819, ""lowPriceVolume"": 26151133}"
2026-03-25 00:00:00+00:00,1774396800,111,107,24658600,28303102,52961702,3.7383177570093453,4.0,211846808.0,211846808.0,2026-08-07T11:44:12.257576+00:00,timeseries_24h,562,"{""timestamp"": 1774396800, ""avgHighPrice"": 111, ""avgLowPrice"": 107, ""highPriceVolume"": 24658600, ""lowPriceVolume"": 28303102}"
2026-03-26 00:00:00+00:00,1774483200,112,108,1611128,1311982,2923110,3.7037037037037033,4.0,11692440.0,11692440.0,2026-08-07T11:44:12.257576+00:00,timeseries_24h,562,"{""timestamp"": 1774483200, ""avgHighPrice"": 112, ""avgLowPrice"": 108, ""highPriceVolume"": 1611128, ""lowPriceVolume"": 1311982}"
2026-03-27 00:00:00+00:00,1774569600,106,105,31772186,19514827,51287013,0.9523809523809524,1.0,51287013.0,51287013.0,2026-08-07T11:44:12.257576+00:00,timeseries_24h,562,"{""timestamp"": 1774569600, ""avgHighPrice"": 106, ""avgLowPrice"": 105, ""highPriceVolume"": 31772186, ""lowPriceVolume"": 19514827}"
2026-03-28 00:00:00+00:00,1774656000,108,105,7415883,5909669,13325552,2.857142857142857,3.0,39976656.0,39976656.0,2026-08-07T11:44:12.257576+00:00,timeseries_24h,562,"{""timestamp"": 1774656000, ""avgHighPrice"": 108, ""avgLowPrice"": 105, ""highPriceVolume"": 7415883, ""lowPriceVolume"": 5909669}"
2026-03-29 00:00:00+00:00,1774742400,108,104,510522,473634,984156,3.8461538461538463,4.0,3936624.0,3936624.0,2026-08-07T11:44:12.257576+00:00,timeseries_24h,562,"{""timestamp"": 1774742400, ""avgHighPrice"": 108, ""avgLowPrice"": 104, ""highPriceVolume"": 510522, ""lowPriceVolume"": 473634}"
2026-03-30 00:00:00+00:00,1774828800,116,111,15770022,11108043,26878065,4.504504504504505,5.0,134390325.0,134390325.0,2026-08-07T11:44:12.257576+00:00,timeseries_24h,562,"{""timestamp"": 1774828800, ""avgHighPrice"": 116, ""avgLowPrice"": 111, ""highPriceVolume"": 15770022, ""lowPriceVolume"": 11108043}"
2026-03-31 00:00:00+00:00,1774915200,115,112,5333291,6108880,11442171,2.6785714285714284,3.0,34326513.0,34326513.0,2026-08-07T11:44:12.257576+00:00,timeseries_24h,562,"{""timestamp"": 1774915200, ""avgHighPrice"": 115, ""avgLowPrice"": 112, ""highPriceVolume"": 5333291, ""lowPriceVolume"": 6108880}"
2026-04-01 00:00:00+00:00,1775001600,112,110,8015900,4548011,12563911,1.8181818181818181,2.0,25127822.0,25127822.0,2026-08-07T11:44:12.257576+00:00,timeseries_24h,562,"{""timestamp"": 1775001600, ""avgHighPrice"": 112, ""avgLowPrice"": 110, ""highPriceVolume"": 8015900, ""lowPriceVolume"": 4548011}"
2026-04-02 00:00:00+00:00,1775088000,111,108,12391827,7967443,20359270,2.7777777777777777,3.0,61077810.0,61077810.0,2026-08-07T11:44:12.257576+00:00,timeseries_24h,562,"{""timestamp"": 1775088000, ""avgHighPrice"": 111, ""avgLowPrice"": 108, ""highPriceVolume"": 12391827, ""lowPriceVolume"": 7967443}"
2026-04-03 00:00:00+00:00,1775174400,108,105,23501866,8822235,32324101,2.857142857142857,3.0,96972303.0,96972303.0,2026-08-07T11:44:12.257576+00:00,timeseries_24h,562,"{""timestamp"": 1775174400, ""avgHighPrice"": 108, ""avgLowPrice"": 105, ""highPriceVolume"": 23501866, ""lowPriceVolume"": 8822235}"
2026-04-04 00:00:00+00:00,1775260800,108,105,10440839,5060179,15501018,2.857142857142857,3.0,46503054.0,46503054.0,2026-08-07T11:44:12.257576+00:00,timeseries_24h,562,"{""timestamp"": 1775260800, ""avgHighPrice"": 108, ""avgLowPrice"": 105, ""highPriceVolume"": 10440839, ""lowPriceVolume"": 5060179}"
2026-04-05 00:00:00+00:00,1775347200,107,105,10980600,4440342,15420942,1.9047619047619049,2.0,30841884.0,30841884.0,2026-08-07T11:44:12.257576+00:00,timeseries_24h,562,"{""timestamp"": 1775347200, ""avgHighPrice"": 107, ""avgLowPrice"": 105, ""highPriceVolume"": 10980600, ""lowPriceVolume"": 4440342}"
2026-04-06 00:00:00+00:00,1775433600,106,104,12404602,4877246,17281848,1.9230769230769231,2.0,34563696.0,34563696.0,2026-08-07T11:44:12.257576+00:00,timeseries_24h,562,"{""timestamp"": 1775433600, ""avgHighPrice"": 106, ""avgLowPrice"": 104, ""highPriceVolume"": 12404602, ""lowPriceVolume"": 4877246}"
2026-04-07 00:00:00+00:00,1775520000,106,103,6504177,5432623,11936800,2.912621359223301,3.0,35810400.0,35810400.0,2026-08-07T11:44:12.257576+00:00,timeseries_24h,562,"{""timestamp"": 1775520000, ""avgHighPrice"": 106, ""avgLowPrice"": 103, ""highPriceVolume"": 6504177, ""lowPriceVolume"": 5432623}"
2026-04-08 00:00:00+00:00,1775606400,106,104,33304307,17975354,51279661,1.9230769230769231,2.0,102559322.0,102559322.0,2026-08-07T11:44:12.257576+00:00,timeseries_24h,562,"{""timestamp"": 1775606400, ""avgHighPrice"": 106, ""avgLowPrice"": 104, ""highPriceVolume"": 33304307, ""lowPriceVolume"": 17975354}"
2026-04-09 00:00:00+00:00,1775692800,106,104,29665581,18491723,48157304,1.9230769230769231,2.0,96314608.0,96314608.0,2026-08-07T11:44:12.257576+00:00,timeseries_24h,562,"{""timestamp"": 1775692800, ""avgHighPrice"": 106, ""avgLowPrice"": 104, ""highPriceVolume"": 29665581, ""lowPriceVolume"": 18491723}"
2026-04-10 00:00:00+00:00,1775779200,106,104,29443696,16068888,45512584,1.9230769230769231,2.0,91025168.0,91025168.0,2026-08-07T11:44:12.257576+00:00,timeseries_24h,562,"{""timestamp"": 1775779200, ""avgHighPrice"": 106, ""avgLowPrice"": 104, ""highPriceVolume"": 29443696, ""lowPriceVolume"": 16068888}"
2026-04-11 00:00:00+00:00,1775865600,107,104,12818456,4835340,17653796,2.8846153846153846,3.0,52961388.0,52961388.0,2026-08-07T11:44:12.257576+00:00,timeseries_24h,562,"{""timestamp"": 1775865600, ""avgHighPrice"": 107, ""avgLowPrice"": 104, ""highPriceVolume"": 12818456, ""lowPriceVolume"": 4835340}"
2026-04-12 00:00:00+00:00,1775952000,107,105,21460604,11300984,32761588,1.9047619047619049,2.0,65523176.0,65523176.0,2026-08-07T11:44:12.257576+00:00,timeseries_24h,562,"{""timestamp"": 1775952000, ""avgHighPrice"": 107, ""avgLowPrice"": 105, ""highPriceVolume"": 21460604, ""lowPriceVolume"": 11300984}"
2026-04-13 00:00:00+00:00,1776038400,107,104,28658369,18606272,47264641,2.8846153846153846,3.0,141793923.0,141793923.0,2026-08-07T11:44:12.257576+00:00,timeseries_24h,562,"{""timestamp"": 1776038400, ""avgHighPrice"": 107, ""avgLowPrice"": 104, ""highPriceVolume"": 28658369, ""lowPriceVolume"": 18606272}"
2026-04-14 00:00:00+00:00,1776124800,115,111,6047211,5738265,11785476,3.6036036036036037,4.0,47141904.0,47141904.0,2026-08-07T11:44:12.257576+00:00,timeseries_24h,562,"{""timestamp"": 1776124800, ""avgHighPrice"": 115, ""avgLowPrice"": 111, ""highPriceVolume"": 6047211, ""lowPriceVolume"": 5738265}"
2026-04-15 00:00:00+00:00,1776211200,109,106,27362652,16122950,43485602,2.8301886792452833,3.0,130456806.0,130456806.0,2026-08-07T11:44:12.257576+00:00,timeseries_24h,562,"{""timestamp"": 1776211200, ""avgHighPrice"": 109, ""avgLowPrice"": 106, ""highPriceVolume"": 27362652, ""lowPriceVolume"": 16122950}"
2026-04-16 00:00:00+00:00,1776297600,105,103,19972762,10256514,30229276,1.9417475728155338,2.0,60458552.0,60458552.0,2026-08-07T11:44:12.257576+00:00,timeseries_24h,562,"{""timestamp"": 1776297600, ""avgHighPrice"": 105, ""avgLowPrice"": 103, ""highPriceVolume"": 19972762, ""lowPriceVolume"": 10256514}"
2026-04-17 00:00:00+00:00,1776384000,105,103,14266909,11682831,25949740,1.9417475728155338,2.0,51899480.0,51899480.0,2026-08-07T11:44:12.257576+00:00,timeseries_24h,562,"{""timestamp"": 1776384000, ""avgHighPrice"": 105, ""avgLowPrice"": 103, ""highPriceVolume"": 14266909, ""lowPriceVolume"": 11682831}"
2026-04-18 00:00:00+00:00,1776470400,104,102,8068272,6507168,14575440,1.9607843137254901,2.0,29150880.0,29150880.0,2026-08-07T11:44:12.257576+00:00,timeseries_24h,562,"{""timestamp"": 1776470400, ""avgHighPrice"": 104, ""avgLowPrice"": 102, ""highPriceVolume"": 8068272, ""lowPriceVolume"": 6507168}"
2026-04-19 00:00:00+00:00,1776556800,105,102,4401448,4076167,8477615,2.941176470588235,3.0,25432845.0,25432845.0,2026-08-07T11:44:12.257576+00:00,timeseries_24h,562,"{""timestamp"": 1776556800, ""avgHighPrice"": 105, ""avgLowPrice"": 102, ""highPriceVolume"": 4401448, ""lowPriceVolume"": 4076167}"
2026-04-20 00:00:00+00:00,1776643200,107,104,14025636,13314462,27340098,2.8846153846153846,3.0,82020294.0,82020294.0,2026-08-07T11:44:12.257576+00:00,timeseries_24h,562,"{""timestamp"": 1776643200, ""avgHighPrice"": 107, ""avgLowPrice"": 104, ""highPriceVolume"": 14025636, ""lowPriceVolume"": 13314462}"
2026-04-21 00:00:00+00:00,1776729600,106,104,14392127,11074277,25466404,1.9230769230769231,2.0,50932808.0,50932808.0,2026-08-07T11:44:12.257576+00:00,timeseries_24h,562,"{""timestamp"": 1776729600, ""avgHighPrice"": 106, ""avgLowPrice"": 104, ""highPriceVolume"": 14392127, ""lowPriceVolume"": 11074277}"
2026-04-22 00:00:00+00:00,1776816000,106,104,10215153,8052221,18267374,1.9230769230769231,2.0,36534748.0,36534748.0,2026-08-07T11:44:12.257576+00:00,timeseries_24h,562,"{""timestamp"": 1776816000, ""avgHighPrice"": 106, ""avgLowPrice"": 104, ""highPriceVolume"": 10215153, ""lowPriceVolume"": 8052221}"
2026-04-23 00:00:00+00:00,1776902400,109,107,7647780,4480651,12128431,1.8691588785046727,2.0,24256862.0,24256862.0,2026-08-07T11:44:12.257576+00:00,timeseries_24h,562,"{""timestamp"": 1776902400, ""avgHighPrice"": 109, ""avgLowPrice"": 107, ""highPriceVolume"": 7647780, ""lowPriceVolume"": 4480651}"
2026-04-24 00:00:00+00:00,1776988800,108,105,9765181,6279048,16044229,2.857142857142857,3.0,48132687.0,48132687.0,2026-08-07T11:44:12.257576+00:00,timeseries_24h,562,"{""timestamp"": 1776988800, ""avgHighPrice"": 108, ""avgLowPrice"": 105, ""highPriceVolume"": 9765181, ""lowPriceVolume"": 6279048}"
2026-04-25 00:00:00+00:00,1777075200,104,102,9574228,6609295,16183523,1.9607843137254901,2.0,32367046.0,32367046.0,2026-08-07T11:44:12.257576+00:00,timeseries_24h,562,"{""timestamp"": 1777075200, ""avgHighPrice"": 104, ""avgLowPrice"": 102, ""highPriceVolume"": 9574228, ""lowPriceVolume"": 6609295}"
2026-04-26 00:00:00+00:00,1777161600,103,100,3455816,2392964,5848780,3.0,3.0,17546340.0,17546340.0,2026-08-07T11:44:12.257576+00:00,timeseries_24h,562,"{""timestamp"": 1777161600, ""avgHighPrice"": 103, ""avgLowPrice"": 100, ""highPriceVolume"": 3455816, ""lowPriceVolume"": 2392964}"
2026-04-27 00:00:00+00:00,1777248000,106,103,14827572,15120443,29948015,2.912621359223301,3.0,89844045.0,89844045.0,2026-08-07T11:44:12.257576+00:00,timeseries_24h,562,"{""timestamp"": 1777248000, ""avgHighPrice"": 106, ""avgLowPrice"": 103, ""highPriceVolume"": 14827572, ""lowPriceVolume"": 15120443}"
2026-04-28 00:00:00+00:00,1777334400,107,104,7405605,5870000,13275605,2.8846153846153846,3.0,39826815.0,39826815.0,2026-08-07T11:44:12.257576+00:00,timeseries_24h,562,"{""timestamp"": 1777334400, ""avgHighPrice"": 107, ""avgLowPrice"": 104, ""highPriceVolume"": 7405605, ""lowPriceVolume"": 5870000}"
2026-04-29 00:00:00+00:00,1777420800,108,105,12366968,9415611,21782579,2.857142857142857,3.0,65347737.0,65347737.0,2026-08-07T11:44:12.257576+00:00,timeseries_24h,562,"{""timestamp"": 1777420800, ""avgHighPrice"": 108, ""avgLowPrice"": 105, ""highPriceVolume"": 12366968, ""lowPriceVolume"": 9415611}"
2026-04-30 00:00:00+00:00,1777507200,106,103,8728009,6291581,15019590,2.912621359223301,3.0,45058770.0,45058770.0,2026-08-07T11:44:12.257576+00:00,timeseries_24h,562,"{""timestamp"": 1777507200, ""avgHighPrice"": 106, ""avgLowPrice"": 103, ""highPriceVolume"": 8728009, ""lowPriceVolume"": 6291581}"
2026-05-01 00:00:00+00:00,1777593600,105,102,11605016,8927519,20532535,2.941176470588235,3.0,61597605.0,61597605.0,2026-08-07T11:44:12.257576+00:00,timeseries_24h,562,"{""timestamp"": 1777593600, ""avgHighPrice"": 105, ""avgLowPrice"": 102, ""highPriceVolume"": 11605016, ""lowPriceVolume"": 8927519}"
2026-05-02 00:00:00+00:00,1777680000,104,102,2408300,1939158,4347458,1.9607843137254901,2.0,8694916.0,8694916.0,2026-08-07T11:44:12.257576+00:00,timeseries_24h,562,"{""timestamp"": 1777680000, ""avgHighPrice"": 104, ""avgLowPrice"": 102, ""highPriceVolume"": 2408300, ""lowPriceVolume"": 1939158}"
2026-05-03 00:00:00+00:00,1777766400,106,103,15390621,11239802,26630423,2.912621359223301,3.0,79891269.0,79891269.0,2026-08-07T11:44:12.257576+00:00,timeseries_24h,562,"{""timestamp"": 1777766400, ""avgHighPrice"": 106, ""avgLowPrice"": 103, ""highPriceVolume"": 15390621, ""lowPriceVolume"": 11239802}"
2026-05-04 00:00:00+00:00,1777852800,107,104,14062340,12103631,26165971,2.8846153846153846,3.0,78497913.0,78497913.0,2026-08-07T11:44:12.257576+00:00,timeseries_24h,562,"{""timestamp"": 1777852800, ""avgHighPrice"": 107, ""avgLowPrice"": 104, ""highPriceVolume"": 14062340, ""lowPriceVolume"": 12103631}"
2026-05-05 00:00:00+00:00,1777939200,108,106,12058293,10409449,22467742,1.8867924528301887,2.0,44935484.0,44935484.0,2026-08-07T11:44:12.257576+00:00,timeseries_24h,562,"{""timestamp"": 1777939200, ""avgHighPrice"": 108, ""avgLowPrice"": 106, ""highPriceVolume"": 12058293, ""lowPriceVolume"": 10409449}"
2026-05-06 00:00:00+00:00,1778025600,106,106,9432364,6137756,15570120,0.0,0.0,0.0,0.0,2026-08-07T11:44:12.257576+00:00,timeseries_24h,562,"{""timestamp"": 1778025600, ""avgHighPrice"": 106, ""avgLowPrice"": 106, ""highPriceVolume"": 9432364, ""lowPriceVolume"": 6137756}"
2026-05-07 00:00:00+00:00,1778112000,107,105,8581078,5057302,13638380,1.9047619047619049,2.0,27276760.0,27276760.0,2026-08-07T11:44:12.257576+00:00,timeseries_24h,562,"{""timestamp"": 1778112000, ""avgHighPrice"": 107, ""avgLowPrice"": 105, ""highPriceVolume"": 8581078, ""lowPriceVolume"": 5057302}"
2026-05-08 00:00:00+00:00,1778198400,106,104,16603848,13590194,30194042,1.9230769230769231,2.0,60388084.0,60388084.0,2026-08-07T11:44:12.257576+00:00,timeseries_24h,562,"{""timestamp"": 1778198400, ""avgHighPrice"": 106, ""avgLowPrice"": 104, ""highPriceVolume"": 16603848, ""lowPriceVolume"": 13590194}"
2026-05-09 00:00:00+00:00,1778284800,107,104,8952484,6425660,15378144,2.8846153846153846,3.0,46134432.0,46134432.0,2026-08-07T11:44:12.257576+00:00,timeseries_24h,562,"{""timestamp"": 1778284800, ""avgHighPrice"": 107, ""avgLowPrice"": 104, ""highPriceVolume"": 8952484, ""lowPriceVolume"": 6425660}"
2026-05-10 00:00:00+00:00,1778371200,106,103,4921038,4187254,9108292,2.912621359223301,3.0,27324876.0,27324876.0,2026-08-07T11:44:12.257576+00:00,timeseries_24h,562,"{""timestamp"": 1778371200, ""avgHighPrice"": 106, ""avgLowPrice"": 103, ""highPriceVolume"": 4921038, ""lowPriceVolume"": 4187254}"
2026-05-11 00:00:00+00:00,1778457600,104,103,10883096,5926752,16809848,0.9708737864077669,1.0,16809848.0,16809848.0,2026-08-07T11:44:12.257576+00:00,timeseries_24h,562,"{""timestamp"": 1778457600, ""avgHighPrice"": 104, ""avgLowPrice"": 103, ""highPriceVolume"": 10883096, ""lowPriceVolume"": 5926752}"
2026-05-12 00:00:00+00:00,1778544000,105,102,7542856,5862938,13405794,2.941176470588235,3.0,40217382.0,40217382.0,2026-08-07T11:44:12.257576+00:00,timeseries_24h,562,"{""timestamp"": 1778544000, ""avgHighPrice"": 105, ""avgLowPrice"": 102, ""highPriceVolume"": 7542856, ""lowPriceVolume"": 5862938}"
2026-05-13 00:00:00+00:00,1778630400,105,103,4990339,3366171,8356510,1.9417475728155338,2.0,16713020.0,16713020.0,2026-08-07T11:44:12.257576+00:00,timeseries_24h,562,"{""timestamp"": 1778630400, ""avgHighPrice"": 105, ""avgLowPrice"": 103, ""highPriceVolume"": 4990339, ""lowPriceVolume"": 3366171}"
2026-05-14 00:00:00+00:00,1778716800,106,104,4843574,3466788,8310362,1.9230769230769231,2.0,16620724.0,16620724.0,2026-08-07T11:44:12.257576+00:00,timeseries_24h,562,"{""timestamp"": 1778716800, ""avgHighPrice"": 106, ""avgLowPrice"": 104, ""highPriceVolume"": 4843574, ""lowPriceVolume"": 3466788}"
2026-05-15 00:00:00+00:00,1778803200,107,105,7034150,3346064,10380214,1.9047619047619049,2.0,20760428.0,20760428.0,2026-08-07T11:44:12.257576+00:00,timeseries_24h,562,"{""timestamp"": 1778803200, ""avgHighPrice"": 107, ""avgLowPrice"": 105, ""highPriceVolume"": 7034150, ""lowPriceVolume"": 3346064}"
2026-05-16 00:00:00+00:00,1778889600,106,104,6075300,3533214,9608514,1.9230769230769231,2.0,19217028.0,19217028.0,2026-08-07T11:44:12.257576+00:00,timeseries_24h,562,"{""timestamp"": 1778889600, ""avgHighPrice"": 106, ""avgLowPrice"": 104, ""highPriceVolume"": 6075300, ""lowPriceVolume"": 3533214}"
2026-05-17 00:00:00+00:00,1778976000,105,103,7579940,4842852,12422792,1.9417475728155338,2.0,24845584.0,24845584.0,2026-08-07T11:44:12.257576+00:00,timeseries_24h,562,"{""timestamp"": 1778976000, ""avgHighPrice"": 105, ""avgLowPrice"": 103, ""highPriceVolume"": 7579940, ""lowPriceVolume"": 4842852}"
2026-05-18 00:00:00+00:00,1779062400,105,102,4957596,5699859,10657455,2.941176470588235,3.0,31972365.0,31972365.0,2026-08-07T11:44:12.257576+00:00,timeseries_24h,562,"{""timestamp"": 1779062400, ""avgHighPrice"": 105, ""avgLowPrice"": 102, ""highPriceVolume"": 4957596, ""lowPriceVolume"": 5699859}"
2026-05-19 00:00:00+00:00,1779148800,105,103,5198202,2952541,8150743,1.9417475728155338,2.0,16301486.0,16301486.0,2026-08-07T11:44:12.257576+00:00,timeseries_24h,562,"{""timestamp"": 1779148800, ""avgHighPrice"": 105, ""avgLowPrice"": 103, ""highPriceVolume"": 5198202, ""lowPriceVolume"": 2952541}"
2026-05-20 00:00:00+00:00,1779235200,106,103,2931119,2019562,4950681,2.912621359223301,3.0,14852043.0,14852043.0,2026-08-07T11:44:12.257576+00:00,timeseries_24h,562,"{""timestamp"": 1779235200, ""avgHighPrice"": 106, ""avgLowPrice"": 103, ""highPriceVolume"": 2931119, ""lowPriceVolume"": 2019562}"
2026-05-21 00:00:00+00:00,1779321600,103,101,5128767,3480945,8609712,1.9801980198019802,2.0,17219424.0,17219424.0,2026-08-07T11:44:12.257576+00:00,timeseries_24h,562,"{""timestamp"": 1779321600, ""avgHighPrice"": 103, ""avgLowPrice"": 101, ""highPriceVolume"": 5128767, ""lowPriceVolume"": 3480945}"
2026-05-22 00:00:00+00:00,1779408000,104,102,4422056,3269856,7691912,1.9607843137254901,2.0,15383824.0,15383824.0,2026-08-07T11:44:12.257576+00:00,timeseries_24h,562,"{""timestamp"": 1779408000, ""avgHighPrice"": 104, ""avgLowPrice"": 102, ""highPriceVolume"": 4422056, ""lowPriceVolume"": 3269856}"
2026-05-23 00:00:00+00:00,1779494400,104,104,614940,521483,1136423,0.0,0.0,0.0,0.0,2026-08-07T11:44:12.257576+00:00,timeseries_24h,562,"{""timestamp"": 1779494400, ""avgHighPrice"": 104, ""avgLowPrice"": 104, ""highPriceVolume"": 614940, ""lowPriceVolume"": 521483}"
2026-05-24 00:00:00+00:00,1779580800,105,102,3399580,2127869,5527449,2.941176470588235,3.0,16582347.0,16582347.0,2026-08-07T11:44:12.257576+00:00,timeseries_24h,562,"{""timestamp"": 1779580800, ""avgHighPrice"": 105, ""avgLowPrice"": 102, ""highPriceVolume"": 3399580, ""lowPriceVolume"": 2127869}"
2026-05-25 00:00:00+00:00,1779667200,105,103,3790392,2483178,6273570,1.9417475728155338,2.0,12547140.0,12547140.0,2026-08-07T11:44:12.257576+00:00,timeseries_24h,562,"{""timestamp"": 1779667200, ""avgHighPrice"": 105, ""avgLowPrice"": 103, ""highPriceVolume"": 3790392, ""lowPriceVolume"": 2483178}"
2026-05-26 00:00:00+00:00,1779753600,104,102,3170741,2770022,5940763,1.9607843137254901,2.0,11881526.0,11881526.0,2026-08-07T11:44:12.257576+00:00,timeseries_24h,562,"{""timestamp"": 1779753600, ""avgHighPrice"": 104, ""avgLowPrice"": 102, ""highPriceVolume"": 3170741, ""lowPriceVolume"": 2770022}"
2026-05-27 00:00:00+00:00,1779840000,102,100,2438289,2056867,4495156,2.0,2.0,8990312.0,8990312.0,2026-08-07T11:44:12.257576+00:00,timeseries_24h,562,"{""timestamp"": 1779840000, ""avgHighPrice"": 102, ""avgLowPrice"": 100, ""highPriceVolume"": 2438289, ""lowPriceVolume"": 2056867}"
2026-05-28 00:00:00+00:00,1779926400,104,102,2221022,2433358,4654380,1.9607843137254901,2.0,9308760.0,9308760.0,2026-08-07T11:44:12.257576+00:00,timeseries_24h,562,"{""timestamp"": 1779926400, ""avgHighPrice"": 104, ""avgLowPrice"": 102, ""highPriceVolume"": 2221022, ""lowPriceVolume"": 2433358}"
2026-05-29 00:00:00+00:00,1780012800,105,103,9147348,7816244,16963592,1.9417475728155338,2.0,33927184.0,33927184.0,2026-08-07T11:44:12.257576+00:00,timeseries_24h,562,"{""timestamp"": 1780012800, ""avgHighPrice"": 105, ""avgLowPrice"": 103, ""highPriceVolume"": 9147348, ""lowPriceVolume"": 7816244}"
2026-05-30 00:00:00+00:00,1780099200,105,103,5409598,4213886,9623484,1.9417475728155338,2.0,19246968.0,19246968.0,2026-08-07T11:44:12.257576+00:00,timeseries_24h,562,"{""timestamp"": 1780099200, ""avgHighPrice"": 105, ""avgLowPrice"": 103, ""highPriceVolume"": 5409598, ""lowPriceVolume"": 4213886}"
2026-05-31 00:00:00+00:00,1780185600,105,103,5303723,3483630,8787353,1.9417475728155338,2.0,17574706.0,17574706.0,2026-08-07T11:44:12.257576+00:00,timeseries_24h,562,"{""timestamp"": 1780185600, ""avgHighPrice"": 105, ""avgLowPrice"": 103, ""highPriceVolume"": 5303723, ""lowPriceVolume"": 3483630}"
2026-06-01 00:00:00+00:00,1780272000,106,104,3628967,1655920,5284887,1.9230769230769231,2.0,10569774.0,10569774.0,2026-08-07T11:44:12.257576+00:00,timeseries_24h,562,"{""timestamp"": 1780272000, ""avgHighPrice"": 106, ""avgLowPrice"": 104, ""highPriceVolume"": 3628967, ""lowPriceVolume"": 1655920}"
2026-06-02 00:00:00+00:00,1780358400,106,104,7244081,6049077,13293158,1.9230769230769231,2.0,26586316.0,26586316.0,2026-08-07T11:44:12.257576+00:00,timeseries_24h,562,"{""timestamp"": 1780358400, ""avgHighPrice"": 106, ""avgLowPrice"": 104, ""highPriceVolume"": 7244081, ""lowPriceVolume"": 6049077}"
2026-06-03 00:00:00+00:00,1780444800,106,104,5713314,3329788,9043102,1.9230769230769231,2.0,18086204.0,18086204.0,2026-08-07T11:44:12.257576+00:00,timeseries_24h,562,"{""timestamp"": 1780444800, ""avgHighPrice"": 106, ""avgLowPrice"": 104, ""highPriceVolume"": 5713314, ""lowPriceVolume"": 3329788}"
2026-06-04 00:00:00+00:00,1780531200,107,104,6142026,3205931,9347957,2.8846153846153846,3.0,28043871.0,28043871.0,2026-08-07T11:44:12.257576+00:00,timeseries_24h,562,"{""timestamp"": 1780531200, ""avgHighPrice"": 107, ""avgLowPrice"": 104, ""highPriceVolume"": 6142026, ""lowPriceVolume"": 3205931}"
2026-06-05 00:00:00+00:00,1780617600,106,104,2455988,2550720,5006708,1.9230769230769231,2.0,10013416.0,10013416.0,2026-08-07T11:44:12.257576+00:00,timeseries_24h,562,"{""timestamp"": 1780617600, ""avgHighPrice"": 106, ""avgLowPrice"": 104, ""highPriceVolume"": 2455988, ""lowPriceVolume"": 2550720}"
2026-06-06 00:00:00+00:00,1780704000,109,106,3357471,3894998,7252469,2.8301886792452833,3.0,21757407.0,21757407.0,2026-08-07T11:44:12.257576+00:00,timeseries_24h,562,"{""timestamp"": 1780704000, ""avgHighPrice"": 109, ""avgLowPrice"": 106, ""highPriceVolume"": 3357471, ""lowPriceVolume"": 3894998}"
2026-06-07 00:00:00+00:00,1780790400,110,108,2841166,2344664,5185830,1.8518518518518516,2.0,10371660.0,10371660.0,2026-08-07T11:44:12.257576+00:00,timeseries_24h,562,"{""timestamp"": 1780790400, ""avgHighPrice"": 110, ""avgLowPrice"": 108, ""highPriceVolume"": 2841166, ""lowPriceVolume"": 2344664}"
2026-06-08 00:00:00+00:00,1780876800,109,107,7180490,5126718,12307208,1.8691588785046727,2.0,24614416.0,24614416.0,2026-08-07T11:44:12.257576+00:00,timeseries_24h,562,"{""timestamp"": 1780876800, ""avgHighPrice"": 109, ""avgLowPrice"": 107, ""highPriceVolume"": 7180490, ""lowPriceVolume"": 5126718}"
2026-06-09 00:00:00+00:00,1780963200,105,103,4739722,2060243,6799965,1.9417475728155338,2.0,13599930.0,13599930.0,2026-08-07T11:44:12.257576+00:00,timeseries_24h,562,"{""timestamp"": 1780963200, ""avgHighPrice"": 105, ""avgLowPrice"": 103, ""highPriceVolume"": 4739722, ""lowPriceVolume"": 2060243}"
2026-06-10 00:00:00+00:00,1781049600,105,103,3967056,2489659,6456715,1.9417475728155338,2.0,12913430.0,12913430.0,2026-08-07T11:44:12.257576+00:00,timeseries_24h,562,"{""timestamp"": 1781049600, ""avgHighPrice"": 105, ""avgLowPrice"": 103, ""highPriceVolume"": 3967056, ""lowPriceVolume"": 2489659}"
2026-06-11 00:00:00+00:00,1781136000,110,107,5322037,5731054,11053091,2.803738317757009,3.0,33159273.0,33159273.0,2026-08-07T11:44:12.257576+00:00,timeseries_24h,562,"{""timestamp"": 1781136000, ""avgHighPrice"": 110, ""avgLowPrice"": 107, ""highPriceVolume"": 5322037, ""lowPriceVolume"": 5731054}"
2026-06-12 00:00:00+00:00,1781222400,115,110,4248081,3262445,7510526,4.545454545454546,5.0,37552630.0,37552630.0,2026-08-07T11:44:12.257576+00:00,timeseries_24h,562,"{""timestamp"": 1781222400, ""avgHighPrice"": 115, ""avgLowPrice"": 110, ""highPriceVolume"": 4248081, ""lowPriceVolume"": 3262445}"
2026-06-13 00:00:00+00:00,1781308800,109,108,3357281,2413151,5770432,0.9259259259259258,1.0,5770432.0,5770432.0,2026-08-07T11:44:12.257576+00:00,timeseries_24h,562,"{""timestamp"": 1781308800, ""avgHighPrice"": 109, ""avgLowPrice"": 108, ""highPriceVolume"": 3357281, ""lowPriceVolume"": 2413151}"
2026-06-14 00:00:00+00:00,1781395200,111,109,4200746,2918405,7119151,1.834862385321101,2.0,14238302.0,14238302.0,2026-08-07T11:44:12.257576+00:00,timeseries_24h,562,"{""timestamp"": 1781395200, ""avgHighPrice"": 111, ""avgLowPrice"": 109, ""highPriceVolume"": 4200746, ""lowPriceVolume"": 2918405}"
2026-06-15 00:00:00+00:00,1781481600,110,107,5385833,2519004,7904837,2.803738317757009,3.0,23714511.0,23714511.0,2026-08-07T11:44:12.257576+00:00,timeseries_24h,562,"{""timestamp"": 1781481600, ""avgHighPrice"": 110, ""avgLowPrice"": 107, ""highPriceVolume"": 5385833, ""lowPriceVolume"": 2519004}"
2026-06-16 00:00:00+00:00,1781568000,108,106,6081592,3152789,9234381,1.8867924528301887,2.0,18468762.0,18468762.0,2026-08-07T11:44:12.257576+00:00,timeseries_24h,562,"{""timestamp"": 1781568000, ""avgHighPrice"": 108, ""avgLowPrice"": 106, ""highPriceVolume"": 6081592, ""lowPriceVolume"": 3152789}"
2026-06-17 00:00:00+00:00,1781654400,106,104,5568613,2002344,7570957,1.9230769230769231,2.0,15141914.0,15141914.0,2026-08-07T11:44:12.257576+00:00,timeseries_24h,562,"{""timestamp"": 1781654400, ""avgHighPrice"": 106, ""avgLowPrice"": 104, ""highPriceVolume"": 5568613, ""lowPriceVolume"": 2002344}"
2026-06-18 00:00:00+00:00,1781740800,109,105,1096699,933055,2029754,3.8095238095238098,4.0,8119016.0,8119016.0,2026-08-07T11:44:12.257576+00:00,timeseries_24h,562,"{""timestamp"": 1781740800, ""avgHighPrice"": 109, ""avgLowPrice"": 105, ""highPriceVolume"": 1096699, ""lowPriceVolume"": 933055}"
2026-06-19 00:00:00+00:00,1781827200,107,104,2700169,1988164,4688333,2.8846153846153846,3.0,14064999.0,14064999.0,2026-08-07T11:44:12.257576+00:00,timeseries_24h,562,"{""timestamp"": 1781827200, ""avgHighPrice"": 107, ""avgLowPrice"": 104, ""highPriceVolume"": 2700169, ""lowPriceVolume"": 1988164}"
2026-06-20 00:00:00+00:00,1781913600,106,103,4147465,2148972,6296437,2.912621359223301,3.0,18889311.0,18889311.0,2026-08-07T11:44:12.257576+00:00,timeseries_24h,562,"{""timestamp"": 1781913600, ""avgHighPrice"": 106, ""avgLowPrice"": 103, ""highPriceVolume"": 4147465, ""lowPriceVolume"": 2148972}"
2026-06-21 00:00:00+00:00,1782000000,108,106,7278041,5440617,12718658,1.8867924528301887,2.0,25437316.0,25437316.0,2026-08-07T11:44:12.257576+00:00,timeseries_24h,562,"{""timestamp"": 1782000000, ""avgHighPrice"": 108, ""avgLowPrice"": 106, ""highPriceVolume"": 7278041, ""lowPriceVolume"": 5440617}"
2026-06-22 00:00:00+00:00,1782086400,111,108,2128468,659448,2787916,2.7777777777777777,3.0,8363748.0,8363748.0,2026-08-07T11:44:12.257576+00:00,timeseries_24h,562,"{""timestamp"": 1782086400, ""avgHighPrice"": 111, ""avgLowPrice"": 108, ""highPriceVolume"": 2128468, ""lowPriceVolume"": 659448}"
2026-06-23 00:00:00+00:00,1782172800,112,109,4106487,2772568,6879055,2.7522935779816518,3.0,20637165.0,20637165.0,2026-08-07T11:44:12.257576+00:00,timeseries_24h,562,"{""timestamp"": 1782172800, ""avgHighPrice"": 112, ""avgLowPrice"": 109, ""highPriceVolume"": 4106487, ""lowPriceVolume"": 2772568}"
2026-06-24 00:00:00+00:00,1782259200,109,108,7537057,4528824,12065881,0.9259259259259258,1.0,12065881.0,12065881.0,2026-08-07T11:44:12.257576+00:00,timeseries_24h,562,"{""timestamp"": 1782259200, ""avgHighPrice"": 109, ""avgLowPrice"": 108, ""highPriceVolume"": 7537057, ""lowPriceVolume"": 4528824}"
2026-06-25 00:00:00+00:00,1782345600,109,107,3237205,2439265,5676470,1.8691588785046727,2.0,11352940.0,11352940.0,2026-08-07T11:44:12.257576+00:00,timeseries_24h,562,"{""timestamp"": 1782345600, ""avgHighPrice"": 109, ""avgLowPrice"": 107, ""highPriceVolume"": 3237205, ""lowPriceVolume"": 2439265}"
2026-06-26 00:00:00+00:00,1782432000,109,107,5566055,4021047,9587102,1.8691588785046727,2.0,19174204.0,19174204.0,2026-08-07T11:44:12.257576+00:00,timeseries_24h,562,"{""timestamp"": 1782432000, ""avgHighPrice"": 109, ""avgLowPrice"": 107, ""highPriceVolume"": 5566055, ""lowPriceVolume"": 4021047}"
2026-06-27 00:00:00+00:00,1782518400,109,108,3269476,2300954,5570430,0.9259259259259258,1.0,5570430.0,5570430.0,2026-08-07T11:44:12.257576+00:00,timeseries_24h,562,"{""timestamp"": 1782518400, ""avgHighPrice"": 109, ""avgLowPrice"": 108, ""highPriceVolume"": 3269476, ""lowPriceVolume"": 2300954}"
2026-06-28 00:00:00+00:00,1782604800,109,107,5221522,3120166,8341688,1.8691588785046727,2.0,16683376.0,16683376.0,2026-08-07T11:44:12.257576+00:00,timeseries_24h,562,"{""timestamp"": 1782604800, ""avgHighPrice"": 109, ""avgLowPrice"": 107, ""highPriceVolume"": 5221522, ""lowPriceVolume"": 3120166}"
2026-06-29 00:00:00+00:00,1782691200,109,107,5225287,6187062,11412349,1.8691588785046727,2.0,22824698.0,22824698.0,2026-08-07T11:44:12.257576+00:00,timeseries_24h,562,"{""timestamp"": 1782691200, ""avgHighPrice"": 109, ""avgLowPrice"": 107, ""highPriceVolume"": 5225287, ""lowPriceVolume"": 6187062}"
2026-06-30 00:00:00+00:00,1782777600,111,109,3953683,2933309,6886992,1.834862385321101,2.0,13773984.0,13773984.0,2026-08-07T11:44:12.257576+00:00,timeseries_24h,562,"{""timestamp"": 1782777600, ""avgHighPrice"": 111, ""avgLowPrice"": 109, ""highPriceVolume"": 3953683, ""lowPriceVolume"": 2933309}"
2026-07-01 00:00:00+00:00,1782864000,109,108,89662,27429,117091,0.9259259259259258,1.0,117091.0,117091.0,2026-08-07T11:44:12.257576+00:00,timeseries_24h,562,"{""timestamp"": 1782864000, ""avgHighPrice"": 109, ""avgLowPrice"": 108, ""highPriceVolume"": 89662, ""lowPriceVolume"": 27429}"
2026-07-02 00:00:00+00:00,1782950400,107,105,1831868,638228,2470096,1.9047619047619049,2.0,4940192.0,4940192.0,2026-08-07T11:44:12.257576+00:00,timeseries_24h,562,"{""timestamp"": 1782950400, ""avgHighPrice"": 107, ""avgLowPrice"": 105, ""highPriceVolume"": 1831868, ""lowPriceVolume"": 638228}"
2026-07-03 00:00:00+00:00,1783036800,107,105,1221870,843135,2065005,1.9047619047619049,2.0,4130010.0,4130010.0,2026-08-07T11:44:12.257576+00:00,timeseries_24h,562,"{""timestamp"": 1783036800, ""avgHighPrice"": 107, ""avgLowPrice"": 105, ""highPriceVolume"": 1221870, ""lowPriceVolume"": 843135}"
2026-07-04 00:00:00+00:00,1783123200,107,105,4610735,2299574,6910309,1.9047619047619049,2.0,13820618.0,13820618.0,2026-08-07T11:44:12.257576+00:00,timeseries_24h,562,"{""timestamp"": 1783123200, ""avgHighPrice"": 107, ""avgLowPrice"": 105, ""highPriceVolume"": 4610735, ""lowPriceVolume"": 2299574}"
2026-07-05 00:00:00+00:00,1783209600,107,105,3510921,2488177,5999098,1.9047619047619049,2.0,11998196.0,11998196.0,2026-08-07T11:44:12.257576+00:00,timeseries_24h,562,"{""timestamp"": 1783209600, ""avgHighPrice"": 107, ""avgLowPrice"": 105, ""highPriceVolume"": 3510921, ""lowPriceVolume"": 2488177}"
2026-07-06 00:00:00+00:00,1783296000,107,105,3580700,3014839,6595539,1.9047619047619049,2.0,13191078.0,13191078.0,2026-08-07T11:44:12.257576+00:00,timeseries_24h,562,"{""timestamp"": 1783296000, ""avgHighPrice"": 107, ""avgLowPrice"": 105, ""highPriceVolume"": 3580700, ""lowPriceVolume"": 3014839}"
2026-07-07 00:00:00+00:00,1783382400,107,105,3583653,2530513,6114166,1.9047619047619049,2.0,12228332.0,12228332.0,2026-08-07T11:44:12.257576+00:00,timeseries_24h,562,"{""timestamp"": 1783382400, ""avgHighPrice"": 107, ""avgLowPrice"": 105, ""highPriceVolume"": 3583653, ""lowPriceVolume"": 2530513}"
2026-07-08 00:00:00+00:00,1783468800,107,105,2282196,1892719,4174915,1.9047619047619049,2.0,8349830.0,8349830.0,2026-08-07T11:44:12.257576+00:00,timeseries_24h,562,"{""timestamp"": 1783468800, ""avgHighPrice"": 107, ""avgLowPrice"": 105, ""highPriceVolume"": 2282196, ""lowPriceVolume"": 1892719}"
2026-07-09 00:00:00+00:00,1783555200,107,105,4404879,2357836,6762715,1.9047619047619049,2.0,13525430.0,13525430.0,2026-08-07T11:44:12.257576+00:00,timeseries_24h,562,"{""timestamp"": 1783555200, ""avgHighPrice"": 107, ""avgLowPrice"": 105, ""highPriceVolume"": 4404879, ""lowPriceVolume"": 2357836}"
2026-07-10 00:00:00+00:00,1783641600,107,105,3533991,1636902,5170893,1.9047619047619049,2.0,10341786.0,10341786.0,2026-08-07T11:44:12.257576+00:00,timeseries_24h,562,"{""timestamp"": 1783641600, ""avgHighPrice"": 107, ""avgLowPrice"": 105, ""highPriceVolume"": 3533991, ""lowPriceVolume"": 1636902}"
2026-07-11 00:00:00+00:00,1783728000,113,110,4490880,3114733,7605613,2.727272727272727,3.0,22816839.0,22816839.0,2026-08-07T11:44:12.257576+00:00,timeseries_24h,562,"{""timestamp"": 1783728000, ""avgHighPrice"": 113, ""avgLowPrice"": 110, ""highPriceVolume"": 4490880, ""lowPriceVolume"": 3114733}"
2026-07-12 00:00:00+00:00,1783814400,109,107,4692656,2736985,7429641,1.8691588785046727,2.0,14859282.0,14859282.0,2026-08-07T11:44:12.257576+00:00,timeseries_24h,562,"{""timestamp"": 1783814400, ""avgHighPrice"": 109, ""avgLowPrice"": 107, ""highPriceVolume"": 4692656, ""lowPriceVolume"": 2736985}"
2026-07-13 00:00:00+00:00,1783900800,107,106,1565613,660455,2226068,0.9433962264150944,1.0,2226068.0,2226068.0,2026-08-07T11:44:12.257576+00:00,timeseries_24h,562,"{""timestamp"": 1783900800, ""avgHighPrice"": 107, ""avgLowPrice"": 106, ""highPriceVolume"": 1565613, ""lowPriceVolume"": 660455}"
2026-07-14 00:00:00+00:00,1783987200,108,106,4070734,2881644,6952378,1.8867924528301887,2.0,13904756.0,13904756.0,2026-08-07T11:44:12.257576+00:00,timeseries_24h,562,"{""timestamp"": 1783987200, ""avgHighPrice"": 108, ""avgLowPrice"": 106, ""highPriceVolume"": 4070734, ""lowPriceVolume"": 2881644}"
2026-07-15 00:00:00+00:00,1784073600,108,106,1363235,614040,1977275,1.8867924528301887,2.0,3954550.0,3954550.0,2026-08-07T11:44:12.257576+00:00,timeseries_24h,562,"{""timestamp"": 1784073600, ""avgHighPrice"": 108, ""avgLowPrice"": 106, ""highPriceVolume"": 1363235, ""lowPriceVolume"": 614040}"
2026-07-16 00:00:00+00:00,1784160000,108,106,7265214,4680999,11946213,1.8867924528301887,2.0,23892426.0,23892426.0,2026-08-07T11:44:12.257576+00:00,timeseries_24h,562,"{""timestamp"": 1784160000, ""avgHighPrice"": 108, ""avgLowPrice"": 106, ""highPriceVolume"": 7265214, ""lowPriceVolume"": 4680999}"
2026-07-17 00:00:00+00:00,1784246400,107,106,994512,653635,1648147,0.9433962264150944,1.0,1648147.0,1648147.0,2026-08-07T11:44:12.257576+00:00,timeseries_24h,562,"{""timestamp"": 1784246400, ""avgHighPrice"": 107, ""avgLowPrice"": 106, ""highPriceVolume"": 994512, ""lowPriceVolume"": 653635}"
2026-07-18 00:00:00+00:00,1784332800,109,107,4333574,2589213,6922787,1.8691588785046727,2.0,13845574.0,13845574.0,2026-08-07T11:44:12.257576+00:00,timeseries_24h,562,"{""timestamp"": 1784332800, ""avgHighPrice"": 109, ""avgLowPrice"": 107, ""highPriceVolume"": 4333574, ""lowPriceVolume"": 2589213}"
2026-07-19 00:00:00+00:00,1784419200,108,106,4069407,2493714,6563121,1.8867924528301887,2.0,13126242.0,13126242.0,2026-08-07T11:44:12.257576+00:00,timeseries_24h,562,"{""timestamp"": 1784419200, ""avgHighPrice"": 108, ""avgLowPrice"": 106, ""highPriceVolume"": 4069407, ""lowPriceVolume"": 2493714}"
2026-07-20 00:00:00+00:00,1784505600,107,105,1485662,944745,2430407,1.9047619047619049,2.0,4860814.0,4860814.0,2026-08-07T11:44:12.257576+00:00,timeseries_24h,562,"{""timestamp"": 1784505600, ""avgHighPrice"": 107, ""avgLowPrice"": 105, ""highPriceVolume"": 1485662, ""lowPriceVolume"": 944745}"
2026-07-21 00:00:00+00:00,1784592000,107,104,629748,233140,862888,2.8846153846153846,3.0,2588664.0,2588664.0,2026-08-07T11:44:12.257576+00:00,timeseries_24h,562,"{""timestamp"": 1784592000, ""avgHighPrice"": 107, ""avgLowPrice"": 104, ""highPriceVolume"": 629748, ""lowPriceVolume"": 233140}"
2026-07-22 00:00:00+00:00,1784678400,105,104,2084117,1681048,3765165,0.9615384615384616,1.0,3765165.0,3765165.0,2026-08-07T11:44:12.257576+00:00,timeseries_24h,562,"{""timestamp"": 1784678400, ""avgHighPrice"": 105, ""avgLowPrice"": 104, ""highPriceVolume"": 2084117, ""lowPriceVolume"": 1681048}"
2026-07-23 00:00:00+00:00,1784764800,105,102,4788410,2574703,7363113,2.941176470588235,3.0,22089339.0,22089339.0,2026-08-07T11:44:12.257576+00:00,timeseries_24h,562,"{""timestamp"": 1784764800, ""avgHighPrice"": 105, ""avgLowPrice"": 102, ""highPriceVolume"": 4788410, ""lowPriceVolume"": 2574703}"
2026-07-24 00:00:00+00:00,1784851200,105,103,25459091,18558455,44017546,1.9417475728155338,2.0,88035092.0,88035092.0,2026-08-07T11:44:12.257576+00:00,timeseries_24h,562,"{""timestamp"": 1784851200, ""avgHighPrice"": 105, ""avgLowPrice"": 103, ""highPriceVolume"": 25459091, ""lowPriceVolume"": 18558455}"
2026-07-25 00:00:00+00:00,1784937600,107,104,29918086,20777958,50696044,2.8846153846153846,3.0,152088132.0,152088132.0,2026-08-07T11:44:12.257576+00:00,timeseries_24h,562,"{""timestamp"": 1784937600, ""avgHighPrice"": 107, ""avgLowPrice"": 104, ""highPriceVolume"": 29918086, ""lowPriceVolume"": 20777958}"
2026-07-26 00:00:00+00:00,1785024000,108,105,37495887,22319130,59815017,2.857142857142857,3.0,179445051.0,179445051.0,2026-08-07T11:44:12.257576+00:00,timeseries_24h,562,"{""timestamp"": 1785024000, ""avgHighPrice"": 108, ""avgLowPrice"": 105, ""highPriceVolume"": 37495887, ""lowPriceVolume"": 22319130}"
2026-07-27 00:00:00+00:00,1785110400,108,105,34461086,20632123,55093209,2.857142857142857,3.0,165279627.0,165279627.0,2026-08-07T11:44:12.257576+00:00,timeseries_24h,562,"{""timestamp"": 1785110400, ""avgHighPrice"": 108, ""avgLowPrice"": 105, ""highPriceVolume"": 34461086, ""lowPriceVolume"": 20632123}"
2026-07-28 00:00:00+00:00,1785196800,107,105,31402675,19568352,50971027,1.9047619047619049,2.0,101942054.0,101942054.0,2026-08-07T11:44:12.257576+00:00,timeseries_24h,562,"{""timestamp"": 1785196800, ""avgHighPrice"": 107, ""avgLowPrice"": 105, ""highPriceVolume"": 31402675, ""lowPriceVolume"": 19568352}"
2026-07-29 00:00:00+00:00,1785283200,106,104,31817745,17939325,49757070,1.9230769230769231,2.0,99514140.0,99514140.0,2026-08-07T11:44:12.257576+00:00,timeseries_24h,562,"{""timestamp"": 1785283200, ""avgHighPrice"": 106, ""avgLowPrice"": 104, ""highPriceVolume"": 31817745, ""lowPriceVolume"": 17939325}"
2026-07-30 00:00:00+00:00,1785369600,105,103,31295787,18057017,49352804,1.9417475728155338,2.0,98705608.0,98705608.0,2026-08-07T11:44:12.257576+00:00,timeseries_24h,562,"{""timestamp"": 1785369600, ""avgHighPrice"": 105, ""avgLowPrice"": 103, ""highPriceVolume"": 31295787, ""lowPriceVolume"": 18057017}"
2026-07-31 00:00:00+00:00,1785456000,104,102,32148725,17074890,49223615,1.9607843137254901,2.0,98447230.0,98447230.0,2026-08-07T11:44:12.257576+00:00,timeseries_24h,562,"{""timestamp"": 1785456000, ""avgHighPrice"": 104, ""avgLowPrice"": 102, ""highPriceVolume"": 32148725, ""lowPriceVolume"": 17074890}"
2026-08-01 00:00:00+00:00,1785542400,105,102,27868156,21999062,49867218,2.941176470588235,3.0,149601654.0,149601654.0,2026-08-07T11:44:12.257576+00:00,timeseries_24h,562,"{""timestamp"": 1785542400, ""avgHighPrice"": 105, ""avgLowPrice"": 102, ""highPriceVolume"": 27868156, ""lowPriceVolume"": 21999062}"
2026-08-02 00:00:00+00:00,1785628800,106,103,31636963,25039114,56676077,2.912621359223301,3.0,170028231.0,170028231.0,2026-08-07T11:44:12.257576+00:00,timeseries_24h,562,"{""timestamp"": 1785628800, ""avgHighPrice"": 106, ""avgLowPrice"": 103, ""highPriceVolume"": 31636963, ""lowPriceVolume"": 25039114}"
2026-08-03 00:00:00+00:00,1785715200,108,105,33859510,20930938,54790448,2.857142857142857,3.0,164371344.0,164371344.0,2026-08-07T11:44:12.257576+00:00,timeseries_24h,562,"{""timestamp"": 1785715200, ""avgHighPrice"": 108, ""avgLowPrice"": 105, ""highPriceVolume"": 33859510, ""lowPriceVolume"": 20930938}"
2026-08-04 00:00:00+00:00,1785801600,108,105,29532690,20651573,50184263,2.857142857142857,3.0,150552789.0,150552789.0,2026-08-07T11:44:12.257576+00:00,timeseries_24h,562,"{""timestamp"": 1785801600, ""avgHighPrice"": 108, ""avgLowPrice"": 105, ""highPriceVolume"": 29532690, ""lowPriceVolume"": 20651573}"
2026-08-05 00:00:00+00:00,1785888000,108,105,26685631,20045940,46731571,2.857142857142857,3.0,140194713.0,140194713.0,2026-08-07T11:44:12.257576+00:00,timeseries_24h,562,"{""timestamp"": 1785888000, ""avgHighPrice"": 108, ""avgLowPrice"": 105, ""highPriceVolume"": 26685631, ""lowPriceVolume"": 20045940}"
