ds,timestamp,avgHighPrice,avgLowPrice,highPriceVolume,lowPriceVolume,daily_volume,roi,margin,potential_profit,margin_x_volume,fetched_at,source,item_id,_raw_json
2025-08-08 00:00:00+00:00,1754611200,4059775.0,3972380,699,736,1435,2.2000664588986956,87395.0,125411825.0,125411825.0,2026-08-07T15:43:50.620276+00:00,timeseries_24h,12929,"{""timestamp"": 1754611200, ""avgHighPrice"": 4059775, ""avgLowPrice"": 3972380, ""highPriceVolume"": 699, ""lowPriceVolume"": 736}"
2025-08-09 00:00:00+00:00,1754697600,4069547.0,3986030,964,891,1855,2.0952426349023967,83517.0,154924035.0,154924035.0,2026-08-07T15:43:50.620276+00:00,timeseries_24h,12929,"{""timestamp"": 1754697600, ""avgHighPrice"": 4069547, ""avgLowPrice"": 3986030, ""highPriceVolume"": 964, ""lowPriceVolume"": 891}"
2025-08-10 00:00:00+00:00,1754784000,4056150.0,3978860,1116,850,1966,1.9425161981069954,77290.0,151952140.0,151952140.0,2026-08-07T15:43:50.620276+00:00,timeseries_24h,12929,"{""timestamp"": 1754784000, ""avgHighPrice"": 4056150, ""avgLowPrice"": 3978860, ""highPriceVolume"": 1116, ""lowPriceVolume"": 850}"
2025-08-11 00:00:00+00:00,1754870400,4094981.0,4017894,969,840,1809,1.918592177892199,77087.0,139450383.0,139450383.0,2026-08-07T15:43:50.620276+00:00,timeseries_24h,12929,"{""timestamp"": 1754870400, ""avgHighPrice"": 4094981, ""avgLowPrice"": 4017894, ""highPriceVolume"": 969, ""lowPriceVolume"": 840}"
2025-08-12 00:00:00+00:00,1754956800,3971560.0,3888114,1038,877,1915,2.146181927793269,83446.0,159799090.0,159799090.0,2026-08-07T15:43:50.620276+00:00,timeseries_24h,12929,"{""timestamp"": 1754956800, ""avgHighPrice"": 3971560, ""avgLowPrice"": 3888114, ""highPriceVolume"": 1038, ""lowPriceVolume"": 877}"
2025-08-13 00:00:00+00:00,1755043200,3917555.0,3837429,964,829,1793,2.088012573001351,80126.0,143665918.0,143665918.0,2026-08-07T15:43:50.620276+00:00,timeseries_24h,12929,"{""timestamp"": 1755043200, ""avgHighPrice"": 3917555, ""avgLowPrice"": 3837429, ""highPriceVolume"": 964, ""lowPriceVolume"": 829}"
2025-08-14 00:00:00+00:00,1755129600,3800165.0,3728607,905,708,1613,1.9191617673839052,71558.0,115423054.0,115423054.0,2026-08-07T15:43:50.620276+00:00,timeseries_24h,12929,"{""timestamp"": 1755129600, ""avgHighPrice"": 3800165, ""avgLowPrice"": 3728607, ""highPriceVolume"": 905, ""lowPriceVolume"": 708}"
2025-08-15 00:00:00+00:00,1755216000,3861269.0,3792435,951,813,1764,1.8150344040174717,68834.0,121423176.0,121423176.0,2026-08-07T15:43:50.620276+00:00,timeseries_24h,12929,"{""timestamp"": 1755216000, ""avgHighPrice"": 3861269, ""avgLowPrice"": 3792435, ""highPriceVolume"": 951, ""lowPriceVolume"": 813}"
2025-08-16 00:00:00+00:00,1755302400,3673723.0,3601028,1233,744,1977,2.0187290962469606,72695.0,143718015.0,143718015.0,2026-08-07T15:43:50.620276+00:00,timeseries_24h,12929,"{""timestamp"": 1755302400, ""avgHighPrice"": 3673723, ""avgLowPrice"": 3601028, ""highPriceVolume"": 1233, ""lowPriceVolume"": 744}"
2025-08-17 00:00:00+00:00,1755388800,3546368.0,3466767,1298,906,2204,2.296116237405052,79601.0,175440604.0,175440604.0,2026-08-07T15:43:50.620276+00:00,timeseries_24h,12929,"{""timestamp"": 1755388800, ""avgHighPrice"": 3546368, ""avgLowPrice"": 3466767, ""highPriceVolume"": 1298, ""lowPriceVolume"": 906}"
2025-08-18 00:00:00+00:00,1755475200,3401521.0,3321519,1125,770,1895,2.4085967896013845,80002.0,151603790.0,151603790.0,2026-08-07T15:43:50.620276+00:00,timeseries_24h,12929,"{""timestamp"": 1755475200, ""avgHighPrice"": 3401521, ""avgLowPrice"": 3321519, ""highPriceVolume"": 1125, ""lowPriceVolume"": 770}"
2025-08-19 00:00:00+00:00,1755561600,3378912.0,3300949,991,780,1771,2.361835944754069,77963.0,138072473.0,138072473.0,2026-08-07T15:43:50.620276+00:00,timeseries_24h,12929,"{""timestamp"": 1755561600, ""avgHighPrice"": 3378912, ""avgLowPrice"": 3300949, ""highPriceVolume"": 991, ""lowPriceVolume"": 780}"
2025-08-20 00:00:00+00:00,1755648000,3302321.0,3233245,1030,855,1885,2.136429500393567,69076.0,130208260.0,130208260.0,2026-08-07T15:43:50.620276+00:00,timeseries_24h,12929,"{""timestamp"": 1755648000, ""avgHighPrice"": 3302321, ""avgLowPrice"": 3233245, ""highPriceVolume"": 1030, ""lowPriceVolume"": 855}"
2025-08-21 00:00:00+00:00,1755734400,3328812.0,3260707,893,780,1673,2.0886574598698995,68105.0,113939665.0,113939665.0,2026-08-07T15:43:50.620276+00:00,timeseries_24h,12929,"{""timestamp"": 1755734400, ""avgHighPrice"": 3328812, ""avgLowPrice"": 3260707, ""highPriceVolume"": 893, ""lowPriceVolume"": 780}"
2025-08-22 00:00:00+00:00,1755820800,3369244.0,3306926,1000,820,1820,1.8844691414322545,62318.0,113418760.0,113418760.0,2026-08-07T15:43:50.620276+00:00,timeseries_24h,12929,"{""timestamp"": 1755820800, ""avgHighPrice"": 3369244, ""avgLowPrice"": 3306926, ""highPriceVolume"": 1000, ""lowPriceVolume"": 820}"
2025-08-23 00:00:00+00:00,1755907200,3427796.0,3363385,1237,930,2167,1.9150647338916003,64411.0,139578637.0,139578637.0,2026-08-07T15:43:50.620276+00:00,timeseries_24h,12929,"{""timestamp"": 1755907200, ""avgHighPrice"": 3427796, ""avgLowPrice"": 3363385, ""highPriceVolume"": 1237, ""lowPriceVolume"": 930}"
2025-08-24 00:00:00+00:00,1755993600,3379560.0,3314864,1190,1063,2253,1.9516939458149716,64696.0,145760088.0,145760088.0,2026-08-07T15:43:50.620276+00:00,timeseries_24h,12929,"{""timestamp"": 1755993600, ""avgHighPrice"": 3379560, ""avgLowPrice"": 3314864, ""highPriceVolume"": 1190, ""lowPriceVolume"": 1063}"
2025-08-25 00:00:00+00:00,1756080000,3376685.0,3307242,976,850,1826,2.09972539052177,69443.0,126802918.0,126802918.0,2026-08-07T15:43:50.620276+00:00,timeseries_24h,12929,"{""timestamp"": 1756080000, ""avgHighPrice"": 3376685, ""avgLowPrice"": 3307242, ""highPriceVolume"": 976, ""lowPriceVolume"": 850}"
2025-08-26 00:00:00+00:00,1756166400,3432866.0,3360745,955,934,1889,2.1459825128059404,72121.0,136236569.0,136236569.0,2026-08-07T15:43:50.620276+00:00,timeseries_24h,12929,"{""timestamp"": 1756166400, ""avgHighPrice"": 3432866, ""avgLowPrice"": 3360745, ""highPriceVolume"": 955, ""lowPriceVolume"": 934}"
2025-08-27 00:00:00+00:00,1756252800,3363687.0,3293489,1064,909,1973,2.13141747247372,70198.0,138500654.0,138500654.0,2026-08-07T15:43:50.620276+00:00,timeseries_24h,12929,"{""timestamp"": 1756252800, ""avgHighPrice"": 3363687, ""avgLowPrice"": 3293489, ""highPriceVolume"": 1064, ""lowPriceVolume"": 909}"
2025-08-28 00:00:00+00:00,1756339200,3332543.0,3267568,748,756,1504,1.9884819535507754,64975.0,97722400.0,97722400.0,2026-08-07T15:43:50.620276+00:00,timeseries_24h,12929,"{""timestamp"": 1756339200, ""avgHighPrice"": 3332543, ""avgLowPrice"": 3267568, ""highPriceVolume"": 748, ""lowPriceVolume"": 756}"
2025-08-29 00:00:00+00:00,1756425600,3355022.0,3295480,992,834,1826,1.8067777683372377,59542.0,108723692.0,108723692.0,2026-08-07T15:43:50.620276+00:00,timeseries_24h,12929,"{""timestamp"": 1756425600, ""avgHighPrice"": 3355022, ""avgLowPrice"": 3295480, ""highPriceVolume"": 992, ""lowPriceVolume"": 834}"
2025-08-30 00:00:00+00:00,1756512000,3315330.0,3248924,1084,848,1932,2.043938239244747,66406.0,128296392.0,128296392.0,2026-08-07T15:43:50.620276+00:00,timeseries_24h,12929,"{""timestamp"": 1756512000, ""avgHighPrice"": 3315330, ""avgLowPrice"": 3248924, ""highPriceVolume"": 1084, ""lowPriceVolume"": 848}"
2025-08-31 00:00:00+00:00,1756598400,3378860.0,3314224,1118,895,2013,1.9502604531256789,64636.0,130112268.0,130112268.0,2026-08-07T15:43:50.620276+00:00,timeseries_24h,12929,"{""timestamp"": 1756598400, ""avgHighPrice"": 3378860, ""avgLowPrice"": 3314224, ""highPriceVolume"": 1118, ""lowPriceVolume"": 895}"
2025-09-01 00:00:00+00:00,1756684800,3431599.0,3367404,1121,955,2076,1.9063646654811837,64195.0,133268820.0,133268820.0,2026-08-07T15:43:50.620276+00:00,timeseries_24h,12929,"{""timestamp"": 1756684800, ""avgHighPrice"": 3431599, ""avgLowPrice"": 3367404, ""highPriceVolume"": 1121, ""lowPriceVolume"": 955}"
2025-09-02 00:00:00+00:00,1756771200,3454722.0,3399231,967,778,1745,1.6324574587605254,55491.0,96831795.0,96831795.0,2026-08-07T15:43:50.620276+00:00,timeseries_24h,12929,"{""timestamp"": 1756771200, ""avgHighPrice"": 3454722, ""avgLowPrice"": 3399231, ""highPriceVolume"": 967, ""lowPriceVolume"": 778}"
2025-09-03 00:00:00+00:00,1756857600,3456515.0,3391001,750,766,1516,1.931995891478652,65514.0,99319224.0,99319224.0,2026-08-07T15:43:50.620276+00:00,timeseries_24h,12929,"{""timestamp"": 1756857600, ""avgHighPrice"": 3456515, ""avgLowPrice"": 3391001, ""highPriceVolume"": 750, ""lowPriceVolume"": 766}"
2025-09-04 00:00:00+00:00,1756944000,3537464.0,3474378,935,762,1697,1.8157494665232163,63086.0,107056942.0,107056942.0,2026-08-07T15:43:50.620276+00:00,timeseries_24h,12929,"{""timestamp"": 1756944000, ""avgHighPrice"": 3537464, ""avgLowPrice"": 3474378, ""highPriceVolume"": 935, ""lowPriceVolume"": 762}"
2025-09-05 00:00:00+00:00,1757030400,3755612.0,3670948,824,940,1764,2.306325232610214,84664.0,149347296.0,149347296.0,2026-08-07T15:43:50.620276+00:00,timeseries_24h,12929,"{""timestamp"": 1757030400, ""avgHighPrice"": 3755612, ""avgLowPrice"": 3670948, ""highPriceVolume"": 824, ""lowPriceVolume"": 940}"
2025-09-06 00:00:00+00:00,1757116800,3832919.0,3759020,925,973,1898,1.9659113279524982,73899.0,140260302.0,140260302.0,2026-08-07T15:43:50.620276+00:00,timeseries_24h,12929,"{""timestamp"": 1757116800, ""avgHighPrice"": 3832919, ""avgLowPrice"": 3759020, ""highPriceVolume"": 925, ""lowPriceVolume"": 973}"
2025-09-07 00:00:00+00:00,1757203200,3993208.0,3913897,1183,1047,2230,2.0263946649592466,79311.0,176863530.0,176863530.0,2026-08-07T15:43:50.620276+00:00,timeseries_24h,12929,"{""timestamp"": 1757203200, ""avgHighPrice"": 3993208, ""avgLowPrice"": 3913897, ""highPriceVolume"": 1183, ""lowPriceVolume"": 1047}"
2025-09-08 00:00:00+00:00,1757289600,3988795.0,3915746,888,910,1798,1.865519367190824,73049.0,131342102.0,131342102.0,2026-08-07T15:43:50.620276+00:00,timeseries_24h,12929,"{""timestamp"": 1757289600, ""avgHighPrice"": 3988795, ""avgLowPrice"": 3915746, ""highPriceVolume"": 888, ""lowPriceVolume"": 910}"
2025-09-09 00:00:00+00:00,1757376000,3996176.0,3928700,905,770,1675,1.717514699518925,67476.0,113022300.0,113022300.0,2026-08-07T15:43:50.620276+00:00,timeseries_24h,12929,"{""timestamp"": 1757376000, ""avgHighPrice"": 3996176, ""avgLowPrice"": 3928700, ""highPriceVolume"": 905, ""lowPriceVolume"": 770}"
2025-09-10 00:00:00+00:00,1757462400,3989773.0,3913832,867,824,1691,1.9403234477105815,75941.0,128416231.0,128416231.0,2026-08-07T15:43:50.620276+00:00,timeseries_24h,12929,"{""timestamp"": 1757462400, ""avgHighPrice"": 3989773, ""avgLowPrice"": 3913832, ""highPriceVolume"": 867, ""lowPriceVolume"": 824}"
2025-09-11 00:00:00+00:00,1757548800,4102402.0,4041333,820,785,1605,1.5111103192931639,61069.0,98015745.0,98015745.0,2026-08-07T15:43:50.620276+00:00,timeseries_24h,12929,"{""timestamp"": 1757548800, ""avgHighPrice"": 4102402, ""avgLowPrice"": 4041333, ""highPriceVolume"": 820, ""lowPriceVolume"": 785}"
2025-09-12 00:00:00+00:00,1757635200,4111032.0,4035611,885,756,1641,1.8688867683233097,75421.0,123765861.0,123765861.0,2026-08-07T15:43:50.620276+00:00,timeseries_24h,12929,"{""timestamp"": 1757635200, ""avgHighPrice"": 4111032, ""avgLowPrice"": 4035611, ""highPriceVolume"": 885, ""lowPriceVolume"": 756}"
2025-09-13 00:00:00+00:00,1757721600,4356614.0,4270204,991,912,1903,2.0235567200068196,86410.0,164438230.0,164438230.0,2026-08-07T15:43:50.620276+00:00,timeseries_24h,12929,"{""timestamp"": 1757721600, ""avgHighPrice"": 4356614, ""avgLowPrice"": 4270204, ""highPriceVolume"": 991, ""lowPriceVolume"": 912}"
2025-09-14 00:00:00+00:00,1757808000,4306845.0,4231892,1085,939,2024,1.7711463336020865,74953.0,151704872.0,151704872.0,2026-08-07T15:43:50.620276+00:00,timeseries_24h,12929,"{""timestamp"": 1757808000, ""avgHighPrice"": 4306845, ""avgLowPrice"": 4231892, ""highPriceVolume"": 1085, ""lowPriceVolume"": 939}"
2025-09-15 00:00:00+00:00,1757894400,4207104.0,4119074,923,789,1712,2.137130821150579,88030.0,150707360.0,150707360.0,2026-08-07T15:43:50.620276+00:00,timeseries_24h,12929,"{""timestamp"": 1757894400, ""avgHighPrice"": 4207104, ""avgLowPrice"": 4119074, ""highPriceVolume"": 923, ""lowPriceVolume"": 789}"
2025-09-16 00:00:00+00:00,1757980800,4300402.0,4210115,764,755,1519,2.1445257433585545,90287.0,137145953.0,137145953.0,2026-08-07T15:43:50.620276+00:00,timeseries_24h,12929,"{""timestamp"": 1757980800, ""avgHighPrice"": 4300402, ""avgLowPrice"": 4210115, ""highPriceVolume"": 764, ""lowPriceVolume"": 755}"
2025-09-17 00:00:00+00:00,1758067200,4415824.0,4322500,796,893,1689,2.1590283400809716,93324.0,157624236.0,157624236.0,2026-08-07T15:43:50.620276+00:00,timeseries_24h,12929,"{""timestamp"": 1758067200, ""avgHighPrice"": 4415824, ""avgLowPrice"": 4322500, ""highPriceVolume"": 796, ""lowPriceVolume"": 893}"
2025-09-18 00:00:00+00:00,1758153600,4388214.0,4303129,801,686,1487,1.9772821126208393,85085.0,126521395.0,126521395.0,2026-08-07T15:43:50.620276+00:00,timeseries_24h,12929,"{""timestamp"": 1758153600, ""avgHighPrice"": 4388214, ""avgLowPrice"": 4303129, ""highPriceVolume"": 801, ""lowPriceVolume"": 686}"
2025-09-19 00:00:00+00:00,1758240000,4384068.0,4299915,733,691,1424,1.9570851981957782,84153.0,119833872.0,119833872.0,2026-08-07T15:43:50.620276+00:00,timeseries_24h,12929,"{""timestamp"": 1758240000, ""avgHighPrice"": 4384068, ""avgLowPrice"": 4299915, ""highPriceVolume"": 733, ""lowPriceVolume"": 691}"
2025-09-20 00:00:00+00:00,1758326400,4371338.0,4291147,856,776,1632,1.8687544379160166,80191.0,130871712.0,130871712.0,2026-08-07T15:43:50.620276+00:00,timeseries_24h,12929,"{""timestamp"": 1758326400, ""avgHighPrice"": 4371338, ""avgLowPrice"": 4291147, ""highPriceVolume"": 856, ""lowPriceVolume"": 776}"
2025-09-21 00:00:00+00:00,1758412800,4448192.0,4369307,875,847,1722,1.8054350495398928,78885.0,135839970.0,135839970.0,2026-08-07T15:43:50.620276+00:00,timeseries_24h,12929,"{""timestamp"": 1758412800, ""avgHighPrice"": 4448192, ""avgLowPrice"": 4369307, ""highPriceVolume"": 875, ""lowPriceVolume"": 847}"
2025-09-22 00:00:00+00:00,1758499200,4391572.0,4303110,822,637,1459,2.055768967095891,88462.0,129066058.0,129066058.0,2026-08-07T15:43:50.620276+00:00,timeseries_24h,12929,"{""timestamp"": 1758499200, ""avgHighPrice"": 4391572, ""avgLowPrice"": 4303110, ""highPriceVolume"": 822, ""lowPriceVolume"": 637}"
2025-09-23 00:00:00+00:00,1758585600,4374433.0,4292333,792,737,1529,1.912712736872931,82100.0,125530900.0,125530900.0,2026-08-07T15:43:50.620276+00:00,timeseries_24h,12929,"{""timestamp"": 1758585600, ""avgHighPrice"": 4374433, ""avgLowPrice"": 4292333, ""highPriceVolume"": 792, ""lowPriceVolume"": 737}"
2025-09-24 00:00:00+00:00,1758672000,4423142.0,4341048,735,704,1439,1.891110165102989,82094.0,118133266.0,118133266.0,2026-08-07T15:43:50.620276+00:00,timeseries_24h,12929,"{""timestamp"": 1758672000, ""avgHighPrice"": 4423142, ""avgLowPrice"": 4341048, ""highPriceVolume"": 735, ""lowPriceVolume"": 704}"
2025-09-25 00:00:00+00:00,1758758400,4386238.0,4308022,723,730,1453,1.8155896139806158,78216.0,113647848.0,113647848.0,2026-08-07T15:43:50.620276+00:00,timeseries_24h,12929,"{""timestamp"": 1758758400, ""avgHighPrice"": 4386238, ""avgLowPrice"": 4308022, ""highPriceVolume"": 723, ""lowPriceVolume"": 730}"
2025-09-26 00:00:00+00:00,1758844800,4378486.0,4290368,14,7,21,2.0538564524068796,88118.0,1850478.0,1850478.0,2026-08-07T15:43:50.620276+00:00,timeseries_24h,12929,"{""timestamp"": 1758844800, ""avgHighPrice"": 4378486, ""avgLowPrice"": 4290368, ""highPriceVolume"": 14, ""lowPriceVolume"": 7}"
2025-09-27 00:00:00+00:00,1758931200,4549810.0,4470601,888,924,1812,1.7717752042734298,79209.0,143526708.0,143526708.0,2026-08-07T15:43:50.620276+00:00,timeseries_24h,12929,"{""timestamp"": 1758931200, ""avgHighPrice"": 4549810, ""avgLowPrice"": 4470601, ""highPriceVolume"": 888, ""lowPriceVolume"": 924}"
2025-09-28 00:00:00+00:00,1759017600,4669900.0,4576224,945,774,1719,2.0470151810750523,93676.0,161029044.0,161029044.0,2026-08-07T15:43:50.620276+00:00,timeseries_24h,12929,"{""timestamp"": 1759017600, ""avgHighPrice"": 4669900, ""avgLowPrice"": 4576224, ""highPriceVolume"": 945, ""lowPriceVolume"": 774}"
2025-09-29 00:00:00+00:00,1759104000,4546819.0,4451331,888,694,1582,2.1451561341989622,95488.0,151062016.0,151062016.0,2026-08-07T15:43:50.620276+00:00,timeseries_24h,12929,"{""timestamp"": 1759104000, ""avgHighPrice"": 4546819, ""avgLowPrice"": 4451331, ""highPriceVolume"": 888, ""lowPriceVolume"": 694}"
2025-09-30 00:00:00+00:00,1759190400,4495121.0,4400124,867,690,1557,2.1589618838014566,94997.0,147910329.0,147910329.0,2026-08-07T15:43:50.620276+00:00,timeseries_24h,12929,"{""timestamp"": 1759190400, ""avgHighPrice"": 4495121, ""avgLowPrice"": 4400124, ""highPriceVolume"": 867, ""lowPriceVolume"": 690}"
2025-10-01 00:00:00+00:00,1759276800,4456043.0,4361245,771,760,1531,2.173645369613493,94798.0,145135738.0,145135738.0,2026-08-07T15:43:50.620276+00:00,timeseries_24h,12929,"{""timestamp"": 1759276800, ""avgHighPrice"": 4456043, ""avgLowPrice"": 4361245, ""highPriceVolume"": 771, ""lowPriceVolume"": 760}"
2025-10-02 00:00:00+00:00,1759363200,4403405.0,4318487,721,651,1372,1.9663831337225282,84918.0,116507496.0,116507496.0,2026-08-07T15:43:50.620276+00:00,timeseries_24h,12929,"{""timestamp"": 1759363200, ""avgHighPrice"": 4403405, ""avgLowPrice"": 4318487, ""highPriceVolume"": 721, ""lowPriceVolume"": 651}"
2025-10-03 00:00:00+00:00,1759449600,4334701.0,4246885,868,719,1587,2.067774380516543,87816.0,139363992.0,139363992.0,2026-08-07T15:43:50.620276+00:00,timeseries_24h,12929,"{""timestamp"": 1759449600, ""avgHighPrice"": 4334701, ""avgLowPrice"": 4246885, ""highPriceVolume"": 868, ""lowPriceVolume"": 719}"
2025-10-04 00:00:00+00:00,1759536000,4315570.0,4228511,977,848,1825,2.058857124883913,87059.0,158882675.0,158882675.0,2026-08-07T15:43:50.620276+00:00,timeseries_24h,12929,"{""timestamp"": 1759536000, ""avgHighPrice"": 4315570, ""avgLowPrice"": 4228511, ""highPriceVolume"": 977, ""lowPriceVolume"": 848}"
2025-10-05 00:00:00+00:00,1759622400,4291497.0,4214643,949,846,1795,1.8234996416066556,76854.0,137952930.0,137952930.0,2026-08-07T15:43:50.620276+00:00,timeseries_24h,12929,"{""timestamp"": 1759622400, ""avgHighPrice"": 4291497, ""avgLowPrice"": 4214643, ""highPriceVolume"": 949, ""lowPriceVolume"": 846}"
2025-10-06 00:00:00+00:00,1759708800,4260801.0,4175494,820,692,1512,2.043039697817791,85307.0,128984184.0,128984184.0,2026-08-07T15:43:50.620276+00:00,timeseries_24h,12929,"{""timestamp"": 1759708800, ""avgHighPrice"": 4260801, ""avgLowPrice"": 4175494, ""highPriceVolume"": 820, ""lowPriceVolume"": 692}"
2025-10-07 00:00:00+00:00,1759795200,4209309.0,4128705,805,679,1484,1.9522828586687593,80604.0,119616336.0,119616336.0,2026-08-07T15:43:50.620276+00:00,timeseries_24h,12929,"{""timestamp"": 1759795200, ""avgHighPrice"": 4209309, ""avgLowPrice"": 4128705, ""highPriceVolume"": 805, ""lowPriceVolume"": 679}"
2025-10-08 00:00:00+00:00,1759881600,4200621.0,4125672,753,706,1459,1.81664950582596,74949.0,109350591.0,109350591.0,2026-08-07T15:43:50.620276+00:00,timeseries_24h,12929,"{""timestamp"": 1759881600, ""avgHighPrice"": 4200621, ""avgLowPrice"": 4125672, ""highPriceVolume"": 753, ""lowPriceVolume"": 706}"
2025-10-09 00:00:00+00:00,1759968000,4187794.0,4097978,813,783,1596,2.191715036049486,89816.0,143346336.0,143346336.0,2026-08-07T15:43:50.620276+00:00,timeseries_24h,12929,"{""timestamp"": 1759968000, ""avgHighPrice"": 4187794, ""avgLowPrice"": 4097978, ""highPriceVolume"": 813, ""lowPriceVolume"": 783}"
2025-10-10 00:00:00+00:00,1760054400,4164527.0,4074425,752,756,1508,2.211404063150015,90102.0,135873816.0,135873816.0,2026-08-07T15:43:50.620276+00:00,timeseries_24h,12929,"{""timestamp"": 1760054400, ""avgHighPrice"": 4164527, ""avgLowPrice"": 4074425, ""highPriceVolume"": 752, ""lowPriceVolume"": 756}"
2025-10-11 00:00:00+00:00,1760140800,4235827.0,4145817,855,820,1675,2.171104030882212,90010.0,150766750.0,150766750.0,2026-08-07T15:43:50.620276+00:00,timeseries_24h,12929,"{""timestamp"": 1760140800, ""avgHighPrice"": 4235827, ""avgLowPrice"": 4145817, ""highPriceVolume"": 855, ""lowPriceVolume"": 820}"
2025-10-12 00:00:00+00:00,1760227200,4326986.0,4230639,874,863,1737,2.2773628286412526,96347.0,167354739.0,167354739.0,2026-08-07T15:43:50.620276+00:00,timeseries_24h,12929,"{""timestamp"": 1760227200, ""avgHighPrice"": 4326986, ""avgLowPrice"": 4230639, ""highPriceVolume"": 874, ""lowPriceVolume"": 863}"
2025-10-13 00:00:00+00:00,1760313600,4355662.0,4264431,665,733,1398,2.139347547187421,91231.0,127540938.0,127540938.0,2026-08-07T15:43:50.620276+00:00,timeseries_24h,12929,"{""timestamp"": 1760313600, ""avgHighPrice"": 4355662, ""avgLowPrice"": 4264431, ""highPriceVolume"": 665, ""lowPriceVolume"": 733}"
2025-10-14 00:00:00+00:00,1760400000,4262926.0,4166283,730,703,1433,2.3196455929662005,96643.0,138489419.0,138489419.0,2026-08-07T15:43:50.620276+00:00,timeseries_24h,12929,"{""timestamp"": 1760400000, ""avgHighPrice"": 4262926, ""avgLowPrice"": 4166283, ""highPriceVolume"": 730, ""lowPriceVolume"": 703}"
2025-10-15 00:00:00+00:00,1760486400,4270342.0,4178052,655,634,1289,2.2089241589142503,92290.0,118961810.0,118961810.0,2026-08-07T15:43:50.620276+00:00,timeseries_24h,12929,"{""timestamp"": 1760486400, ""avgHighPrice"": 4270342, ""avgLowPrice"": 4178052, ""highPriceVolume"": 655, ""lowPriceVolume"": 634}"
2025-10-16 00:00:00+00:00,1760572800,4401958.0,4311291,528,568,1096,2.103012763462267,90667.0,99371032.0,99371032.0,2026-08-07T15:43:50.620276+00:00,timeseries_24h,12929,"{""timestamp"": 1760572800, ""avgHighPrice"": 4401958, ""avgLowPrice"": 4311291, ""highPriceVolume"": 528, ""lowPriceVolume"": 568}"
2025-10-17 00:00:00+00:00,1760659200,4456169.0,4365929,539,489,1028,2.066914051969237,90240.0,92766720.0,92766720.0,2026-08-07T15:43:50.620276+00:00,timeseries_24h,12929,"{""timestamp"": 1760659200, ""avgHighPrice"": 4456169, ""avgLowPrice"": 4365929, ""highPriceVolume"": 539, ""lowPriceVolume"": 489}"
2025-10-18 00:00:00+00:00,1760745600,4423097.0,4324185,639,604,1243,2.28741369761007,98912.0,122947616.0,122947616.0,2026-08-07T15:43:50.620276+00:00,timeseries_24h,12929,"{""timestamp"": 1760745600, ""avgHighPrice"": 4423097, ""avgLowPrice"": 4324185, ""highPriceVolume"": 639, ""lowPriceVolume"": 604}"
2025-10-19 00:00:00+00:00,1760832000,4491023.0,4386772,630,656,1286,2.3764854886463214,104251.0,134066786.0,134066786.0,2026-08-07T15:43:50.620276+00:00,timeseries_24h,12929,"{""timestamp"": 1760832000, ""avgHighPrice"": 4491023, ""avgLowPrice"": 4386772, ""highPriceVolume"": 630, ""lowPriceVolume"": 656}"
2025-10-20 00:00:00+00:00,1760918400,4439665.0,4344051,610,577,1187,2.201033091001924,95614.0,113493818.0,113493818.0,2026-08-07T15:43:50.620276+00:00,timeseries_24h,12929,"{""timestamp"": 1760918400, ""avgHighPrice"": 4439665, ""avgLowPrice"": 4344051, ""highPriceVolume"": 610, ""lowPriceVolume"": 577}"
2025-10-21 00:00:00+00:00,1761004800,4470308.0,4385199,623,602,1225,1.9408241222348177,85109.0,104258525.0,104258525.0,2026-08-07T15:43:50.620276+00:00,timeseries_24h,12929,"{""timestamp"": 1761004800, ""avgHighPrice"": 4470308, ""avgLowPrice"": 4385199, ""highPriceVolume"": 623, ""lowPriceVolume"": 602}"
2025-10-22 00:00:00+00:00,1761091200,4564015.0,4479530,636,638,1274,1.8860237569566451,84485.0,107633890.0,107633890.0,2026-08-07T15:43:50.620276+00:00,timeseries_24h,12929,"{""timestamp"": 1761091200, ""avgHighPrice"": 4564015, ""avgLowPrice"": 4479530, ""highPriceVolume"": 636, ""lowPriceVolume"": 638}"
2025-10-23 00:00:00+00:00,1761177600,4478755.0,4390599,582,620,1202,2.0078353773596724,88156.0,105963512.0,105963512.0,2026-08-07T15:43:50.620276+00:00,timeseries_24h,12929,"{""timestamp"": 1761177600, ""avgHighPrice"": 4478755, ""avgLowPrice"": 4390599, ""highPriceVolume"": 582, ""lowPriceVolume"": 620}"
2025-10-24 00:00:00+00:00,1761264000,4848191.0,4755942,734,677,1411,1.9396578007048866,92249.0,130163339.0,130163339.0,2026-08-07T15:43:50.620276+00:00,timeseries_24h,12929,"{""timestamp"": 1761264000, ""avgHighPrice"": 4848191, ""avgLowPrice"": 4755942, ""highPriceVolume"": 734, ""lowPriceVolume"": 677}"
2025-10-25 00:00:00+00:00,1761350400,4692179.0,4602808,859,748,1607,1.9416625677195314,89371.0,143619197.0,143619197.0,2026-08-07T15:43:50.620276+00:00,timeseries_24h,12929,"{""timestamp"": 1761350400, ""avgHighPrice"": 4692179, ""avgLowPrice"": 4602808, ""highPriceVolume"": 859, ""lowPriceVolume"": 748}"
2025-10-26 00:00:00+00:00,1761436800,4543651.0,4445466,905,816,1721,2.2086548406848685,98185.0,168976385.0,168976385.0,2026-08-07T15:43:50.620276+00:00,timeseries_24h,12929,"{""timestamp"": 1761436800, ""avgHighPrice"": 4543651, ""avgLowPrice"": 4445466, ""highPriceVolume"": 905, ""lowPriceVolume"": 816}"
2025-10-27 00:00:00+00:00,1761523200,4538487.0,4440154,672,649,1321,2.2146303934503173,98333.0,129897893.0,129897893.0,2026-08-07T15:43:50.620276+00:00,timeseries_24h,12929,"{""timestamp"": 1761523200, ""avgHighPrice"": 4538487, ""avgLowPrice"": 4440154, ""highPriceVolume"": 672, ""lowPriceVolume"": 649}"
2025-10-28 00:00:00+00:00,1761609600,4571752.0,4479879,713,681,1394,2.0507919968374146,91873.0,128070962.0,128070962.0,2026-08-07T15:43:50.620276+00:00,timeseries_24h,12929,"{""timestamp"": 1761609600, ""avgHighPrice"": 4571752, ""avgLowPrice"": 4479879, ""highPriceVolume"": 713, ""lowPriceVolume"": 681}"
2025-10-29 00:00:00+00:00,1761696000,4629666.0,4529912,637,717,1354,2.2021178336356204,99754.0,135066916.0,135066916.0,2026-08-07T15:43:50.620276+00:00,timeseries_24h,12929,"{""timestamp"": 1761696000, ""avgHighPrice"": 4629666, ""avgLowPrice"": 4529912, ""highPriceVolume"": 637, ""lowPriceVolume"": 717}"
2025-10-30 00:00:00+00:00,1761782400,4605987.0,4519471,705,731,1436,1.9142948367187222,86516.0,124236976.0,124236976.0,2026-08-07T15:43:50.620276+00:00,timeseries_24h,12929,"{""timestamp"": 1761782400, ""avgHighPrice"": 4605987, ""avgLowPrice"": 4519471, ""highPriceVolume"": 705, ""lowPriceVolume"": 731}"
2025-10-31 00:00:00+00:00,1761868800,4688675.0,4592542,662,628,1290,2.093241607806744,96133.0,124011570.0,124011570.0,2026-08-07T15:43:50.620276+00:00,timeseries_24h,12929,"{""timestamp"": 1761868800, ""avgHighPrice"": 4688675, ""avgLowPrice"": 4592542, ""highPriceVolume"": 662, ""lowPriceVolume"": 628}"
2025-11-01 00:00:00+00:00,1761955200,4648046.0,4540580,786,789,1575,2.366790145752305,107466.0,169258950.0,169258950.0,2026-08-07T15:43:50.620276+00:00,timeseries_24h,12929,"{""timestamp"": 1761955200, ""avgHighPrice"": 4648046, ""avgLowPrice"": 4540580, ""highPriceVolume"": 786, ""lowPriceVolume"": 789}"
2025-11-02 00:00:00+00:00,1762041600,4579105.0,4476870,865,735,1600,2.283626730282541,102235.0,163576000.0,163576000.0,2026-08-07T15:43:50.620276+00:00,timeseries_24h,12929,"{""timestamp"": 1762041600, ""avgHighPrice"": 4579105, ""avgLowPrice"": 4476870, ""highPriceVolume"": 865, ""lowPriceVolume"": 735}"
2025-11-03 00:00:00+00:00,1762128000,4510811.0,4409104,730,716,1446,2.3067498521241503,101707.0,147068322.0,147068322.0,2026-08-07T15:43:50.620276+00:00,timeseries_24h,12929,"{""timestamp"": 1762128000, ""avgHighPrice"": 4510811, ""avgLowPrice"": 4409104, ""highPriceVolume"": 730, ""lowPriceVolume"": 716}"
2025-11-04 00:00:00+00:00,1762214400,4487746.0,4393344,735,662,1397,2.1487504734434637,94402.0,131879594.0,131879594.0,2026-08-07T15:43:50.620276+00:00,timeseries_24h,12929,"{""timestamp"": 1762214400, ""avgHighPrice"": 4487746, ""avgLowPrice"": 4393344, ""highPriceVolume"": 735, ""lowPriceVolume"": 662}"
2025-11-05 00:00:00+00:00,1762300800,4381508.0,4269594,740,709,1449,2.621185995670783,111914.0,162163386.0,162163386.0,2026-08-07T15:43:50.620276+00:00,timeseries_24h,12929,"{""timestamp"": 1762300800, ""avgHighPrice"": 4381508, ""avgLowPrice"": 4269594, ""highPriceVolume"": 740, ""lowPriceVolume"": 709}"
2025-11-06 00:00:00+00:00,1762387200,4253102.0,4168890,800,560,1360,2.0200101225985816,84212.0,114528320.0,114528320.0,2026-08-07T15:43:50.620276+00:00,timeseries_24h,12929,"{""timestamp"": 1762387200, ""avgHighPrice"": 4253102, ""avgLowPrice"": 4168890, ""highPriceVolume"": 800, ""lowPriceVolume"": 560}"
2025-11-07 00:00:00+00:00,1762473600,4044488.0,3961651,815,598,1413,2.090971668125234,82837.0,117048681.0,117048681.0,2026-08-07T15:43:50.620276+00:00,timeseries_24h,12929,"{""timestamp"": 1762473600, ""avgHighPrice"": 4044488, ""avgLowPrice"": 3961651, ""highPriceVolume"": 815, ""lowPriceVolume"": 598}"
2025-11-08 00:00:00+00:00,1762560000,4083380.0,3995562,863,879,1742,2.1978885573543847,87818.0,152978956.0,152978956.0,2026-08-07T15:43:50.620276+00:00,timeseries_24h,12929,"{""timestamp"": 1762560000, ""avgHighPrice"": 4083380, ""avgLowPrice"": 3995562, ""highPriceVolume"": 863, ""lowPriceVolume"": 879}"
2025-11-09 00:00:00+00:00,1762646400,4080964.0,3988728,896,755,1651,2.312416389385288,92236.0,152281636.0,152281636.0,2026-08-07T15:43:50.620276+00:00,timeseries_24h,12929,"{""timestamp"": 1762646400, ""avgHighPrice"": 4080964, ""avgLowPrice"": 3988728, ""highPriceVolume"": 896, ""lowPriceVolume"": 755}"
2025-11-10 00:00:00+00:00,1762732800,4056141.0,3975116,758,664,1422,2.0383052972542184,81025.0,115217550.0,115217550.0,2026-08-07T15:43:50.620276+00:00,timeseries_24h,12929,"{""timestamp"": 1762732800, ""avgHighPrice"": 4056141, ""avgLowPrice"": 3975116, ""highPriceVolume"": 758, ""lowPriceVolume"": 664}"
2025-11-11 00:00:00+00:00,1762819200,4210449.0,4114875,732,732,1464,2.3226464959445914,95574.0,139920336.0,139920336.0,2026-08-07T15:43:50.620276+00:00,timeseries_24h,12929,"{""timestamp"": 1762819200, ""avgHighPrice"": 4210449, ""avgLowPrice"": 4114875, ""highPriceVolume"": 732, ""lowPriceVolume"": 732}"
2025-11-12 00:00:00+00:00,1762905600,4258938.0,4162997,675,663,1338,2.3046137193949456,95941.0,128369058.0,128369058.0,2026-08-07T15:43:50.620276+00:00,timeseries_24h,12929,"{""timestamp"": 1762905600, ""avgHighPrice"": 4258938, ""avgLowPrice"": 4162997, ""highPriceVolume"": 675, ""lowPriceVolume"": 663}"
2025-11-13 00:00:00+00:00,1762992000,4272219.0,4176814,401,356,757,2.2841572547879796,95405.0,72221585.0,72221585.0,2026-08-07T15:43:50.620276+00:00,timeseries_24h,12929,"{""timestamp"": 1762992000, ""avgHighPrice"": 4272219, ""avgLowPrice"": 4176814, ""highPriceVolume"": 401, ""lowPriceVolume"": 356}"
2025-11-14 00:00:00+00:00,1763078400,4276410.0,4190213,123,93,216,2.057103063734469,86197.0,18618552.0,18618552.0,2026-08-07T15:43:50.620276+00:00,timeseries_24h,12929,"{""timestamp"": 1763078400, ""avgHighPrice"": 4276410, ""avgLowPrice"": 4190213, ""highPriceVolume"": 123, ""lowPriceVolume"": 93}"
2025-11-15 00:00:00+00:00,1763164800,4203678.0,4104206,111,107,218,2.42366002096386,99472.0,21684896.0,21684896.0,2026-08-07T15:43:50.620276+00:00,timeseries_24h,12929,"{""timestamp"": 1763164800, ""avgHighPrice"": 4203678, ""avgLowPrice"": 4104206, ""highPriceVolume"": 111, ""lowPriceVolume"": 107}"
2025-11-16 00:00:00+00:00,1763251200,4339248.0,4242856,75,76,151,2.2718659318157393,96392.0,14555192.0,14555192.0,2026-08-07T15:43:50.620276+00:00,timeseries_24h,12929,"{""timestamp"": 1763251200, ""avgHighPrice"": 4339248, ""avgLowPrice"": 4242856, ""highPriceVolume"": 75, ""lowPriceVolume"": 76}"
2025-11-17 00:00:00+00:00,1763337600,4215263.0,4119637,127,112,239,2.3212239330795406,95626.0,22854614.0,22854614.0,2026-08-07T15:43:50.620276+00:00,timeseries_24h,12929,"{""timestamp"": 1763337600, ""avgHighPrice"": 4215263, ""avgLowPrice"": 4119637, ""highPriceVolume"": 127, ""lowPriceVolume"": 112}"
2025-11-18 00:00:00+00:00,1763424000,4182555.0,4089194,118,117,235,2.2831149610412225,93361.0,21939835.0,21939835.0,2026-08-07T15:43:50.620276+00:00,timeseries_24h,12929,"{""timestamp"": 1763424000, ""avgHighPrice"": 4182555, ""avgLowPrice"": 4089194, ""highPriceVolume"": 118, ""lowPriceVolume"": 117}"
2025-11-19 00:00:00+00:00,1763510400,4095544.0,4006097,233,216,449,2.2327716977397203,89447.0,40161703.0,40161703.0,2026-08-07T15:43:50.620276+00:00,timeseries_24h,12929,"{""timestamp"": 1763510400, ""avgHighPrice"": 4095544, ""avgLowPrice"": 4006097, ""highPriceVolume"": 233, ""lowPriceVolume"": 216}"
2025-11-20 00:00:00+00:00,1763596800,4349392.0,4230610,2,2,4,2.8076802163281416,118782.0,475128.0,475128.0,2026-08-07T15:43:50.620276+00:00,timeseries_24h,12929,"{""timestamp"": 1763596800, ""avgHighPrice"": 4349392, ""avgLowPrice"": 4230610, ""highPriceVolume"": 2, ""lowPriceVolume"": 2}"
2025-11-21 00:00:00+00:00,1763683200,4553578.0,4459504,463,424,887,2.109517112216964,94074.0,83443638.0,83443638.0,2026-08-07T15:43:50.620276+00:00,timeseries_24h,12929,"{""timestamp"": 1763683200, ""avgHighPrice"": 4553578, ""avgLowPrice"": 4459504, ""highPriceVolume"": 463, ""lowPriceVolume"": 424}"
2025-11-22 00:00:00+00:00,1763769600,4320298.0,4218216,435,429,864,2.4200278032229736,102082.0,88198848.0,88198848.0,2026-08-07T15:43:50.620276+00:00,timeseries_24h,12929,"{""timestamp"": 1763769600, ""avgHighPrice"": 4320298, ""avgLowPrice"": 4218216, ""highPriceVolume"": 435, ""lowPriceVolume"": 429}"
2025-11-23 00:00:00+00:00,1763856000,4501591.0,4395986,461,403,864,2.402305193874594,105605.0,91242720.0,91242720.0,2026-08-07T15:43:50.620276+00:00,timeseries_24h,12929,"{""timestamp"": 1763856000, ""avgHighPrice"": 4501591, ""avgLowPrice"": 4395986, ""highPriceVolume"": 461, ""lowPriceVolume"": 403}"
2025-11-24 00:00:00+00:00,1763942400,4554543.0,4452468,587,558,1145,2.292548761720466,102075.0,116875875.0,116875875.0,2026-08-07T15:43:50.620276+00:00,timeseries_24h,12929,"{""timestamp"": 1763942400, ""avgHighPrice"": 4554543, ""avgLowPrice"": 4452468, ""highPriceVolume"": 587, ""lowPriceVolume"": 558}"
2025-11-25 00:00:00+00:00,1764028800,4574287.0,4480366,558,518,1076,2.0962796342977335,93921.0,101058996.0,101058996.0,2026-08-07T15:43:50.620276+00:00,timeseries_24h,12929,"{""timestamp"": 1764028800, ""avgHighPrice"": 4574287, ""avgLowPrice"": 4480366, ""highPriceVolume"": 558, ""lowPriceVolume"": 518}"
2025-11-26 00:00:00+00:00,1764115200,4668032.0,4553822,578,577,1155,2.508003167449233,114210.0,131912550.0,131912550.0,2026-08-07T15:43:50.620276+00:00,timeseries_24h,12929,"{""timestamp"": 1764115200, ""avgHighPrice"": 4668032, ""avgLowPrice"": 4553822, ""highPriceVolume"": 578, ""lowPriceVolume"": 577}"
2025-11-27 00:00:00+00:00,1764201600,4853262.0,4730573,533,621,1154,2.5935335951902654,122689.0,141583106.0,141583106.0,2026-08-07T15:43:50.620276+00:00,timeseries_24h,12929,"{""timestamp"": 1764201600, ""avgHighPrice"": 4853262, ""avgLowPrice"": 4730573, ""highPriceVolume"": 533, ""lowPriceVolume"": 621}"
2025-11-28 00:00:00+00:00,1764288000,4694330.0,4587118,569,544,1113,2.3372409430060443,107212.0,119326956.0,119326956.0,2026-08-07T15:43:50.620276+00:00,timeseries_24h,12929,"{""timestamp"": 1764288000, ""avgHighPrice"": 4694330, ""avgLowPrice"": 4587118, ""highPriceVolume"": 569, ""lowPriceVolume"": 544}"
2025-11-29 00:00:00+00:00,1764374400,4839609.0,4726624,703,638,1341,2.3903953434840597,112985.0,151512885.0,151512885.0,2026-08-07T15:43:50.620276+00:00,timeseries_24h,12929,"{""timestamp"": 1764374400, ""avgHighPrice"": 4839609, ""avgLowPrice"": 4726624, ""highPriceVolume"": 703, ""lowPriceVolume"": 638}"
2025-11-30 00:00:00+00:00,1764460800,4830589.0,4719676,788,663,1451,2.350013009367592,110913.0,160934763.0,160934763.0,2026-08-07T15:43:50.620276+00:00,timeseries_24h,12929,"{""timestamp"": 1764460800, ""avgHighPrice"": 4830589, ""avgLowPrice"": 4719676, ""highPriceVolume"": 788, ""lowPriceVolume"": 663}"
2025-12-01 00:00:00+00:00,1764547200,4687287.0,4588669,563,648,1211,2.1491635156076847,98618.0,119426398.0,119426398.0,2026-08-07T15:43:50.620276+00:00,timeseries_24h,12929,"{""timestamp"": 1764547200, ""avgHighPrice"": 4687287, ""avgLowPrice"": 4588669, ""highPriceVolume"": 563, ""lowPriceVolume"": 648}"
2025-12-02 00:00:00+00:00,1764633600,4698402.0,4590024,634,575,1209,2.361164124632028,108378.0,131029002.0,131029002.0,2026-08-07T15:43:50.620276+00:00,timeseries_24h,12929,"{""timestamp"": 1764633600, ""avgHighPrice"": 4698402, ""avgLowPrice"": 4590024, ""highPriceVolume"": 634, ""lowPriceVolume"": 575}"
2025-12-03 00:00:00+00:00,1764720000,4681533.0,4605742,136,169,305,1.645576326246672,75791.0,23116255.0,23116255.0,2026-08-07T15:43:50.620276+00:00,timeseries_24h,12929,"{""timestamp"": 1764720000, ""avgHighPrice"": 4681533, ""avgLowPrice"": 4605742, ""highPriceVolume"": 136, ""lowPriceVolume"": 169}"
2025-12-04 00:00:00+00:00,1764806400,4717549.0,4612739,185,168,353,2.2721857880968335,104810.0,36997930.0,36997930.0,2026-08-07T15:43:50.620276+00:00,timeseries_24h,12929,"{""timestamp"": 1764806400, ""avgHighPrice"": 4717549, ""avgLowPrice"": 4612739, ""highPriceVolume"": 185, ""lowPriceVolume"": 168}"
2025-12-05 00:00:00+00:00,1764892800,4809833.0,4707654,431,405,836,2.170486616051222,102179.0,85421644.0,85421644.0,2026-08-07T15:43:50.620276+00:00,timeseries_24h,12929,"{""timestamp"": 1764892800, ""avgHighPrice"": 4809833, ""avgLowPrice"": 4707654, ""highPriceVolume"": 431, ""lowPriceVolume"": 405}"
2025-12-06 00:00:00+00:00,1764979200,4878868.0,4758181,201,190,391,2.536410447605923,120687.0,47188617.0,47188617.0,2026-08-07T15:43:50.620276+00:00,timeseries_24h,12929,"{""timestamp"": 1764979200, ""avgHighPrice"": 4878868, ""avgLowPrice"": 4758181, ""highPriceVolume"": 201, ""lowPriceVolume"": 190}"
2025-12-07 00:00:00+00:00,1765065600,4943771.0,4841346,671,708,1379,2.115630653128283,102425.0,141244075.0,141244075.0,2026-08-07T15:43:50.620276+00:00,timeseries_24h,12929,"{""timestamp"": 1765065600, ""avgHighPrice"": 4943771, ""avgLowPrice"": 4841346, ""highPriceVolume"": 671, ""lowPriceVolume"": 708}"
2025-12-08 00:00:00+00:00,1765152000,4876283.0,4773321,626,641,1267,2.157030712998351,102962.0,130452854.0,130452854.0,2026-08-07T15:43:50.620276+00:00,timeseries_24h,12929,"{""timestamp"": 1765152000, ""avgHighPrice"": 4876283, ""avgLowPrice"": 4773321, ""highPriceVolume"": 626, ""lowPriceVolume"": 641}"
2025-12-09 00:00:00+00:00,1765238400,4913411.0,4807305,627,557,1184,2.2071826106311128,106106.0,125629504.0,125629504.0,2026-08-07T15:43:50.620276+00:00,timeseries_24h,12929,"{""timestamp"": 1765238400, ""avgHighPrice"": 4913411, ""avgLowPrice"": 4807305, ""highPriceVolume"": 627, ""lowPriceVolume"": 557}"
2025-12-10 00:00:00+00:00,1765324800,4817971.0,4702296,637,570,1207,2.459968491987744,115675.0,139619725.0,139619725.0,2026-08-07T15:43:50.620276+00:00,timeseries_24h,12929,"{""timestamp"": 1765324800, ""avgHighPrice"": 4817971, ""avgLowPrice"": 4702296, ""highPriceVolume"": 637, ""lowPriceVolume"": 570}"
2025-12-11 00:00:00+00:00,1765411200,4773445.0,4663333,159,172,331,2.361229618386677,110112.0,36447072.0,36447072.0,2026-08-07T15:43:50.620276+00:00,timeseries_24h,12929,"{""timestamp"": 1765411200, ""avgHighPrice"": 4773445, ""avgLowPrice"": 4663333, ""highPriceVolume"": 159, ""lowPriceVolume"": 172}"
2025-12-12 00:00:00+00:00,1765497600,4747032.0,4646130,405,401,806,2.1717429344422134,100902.0,81327012.0,81327012.0,2026-08-07T15:43:50.620276+00:00,timeseries_24h,12929,"{""timestamp"": 1765497600, ""avgHighPrice"": 4747032, ""avgLowPrice"": 4646130, ""highPriceVolume"": 405, ""lowPriceVolume"": 401}"
2025-12-13 00:00:00+00:00,1765584000,4768162.0,4668402,503,511,1014,2.1369196568761644,99760.0,101156640.0,101156640.0,2026-08-07T15:43:50.620276+00:00,timeseries_24h,12929,"{""timestamp"": 1765584000, ""avgHighPrice"": 4768162, ""avgLowPrice"": 4668402, ""highPriceVolume"": 503, ""lowPriceVolume"": 511}"
2025-12-14 00:00:00+00:00,1765670400,4871083.0,4764949,570,460,1030,2.227390051813776,106134.0,109318020.0,109318020.0,2026-08-07T15:43:50.620276+00:00,timeseries_24h,12929,"{""timestamp"": 1765670400, ""avgHighPrice"": 4871083, ""avgLowPrice"": 4764949, ""highPriceVolume"": 570, ""lowPriceVolume"": 460}"
2025-12-15 00:00:00+00:00,1765756800,4835940.0,4739180,504,433,937,2.041703417046831,96760.0,90664120.0,90664120.0,2026-08-07T15:43:50.620276+00:00,timeseries_24h,12929,"{""timestamp"": 1765756800, ""avgHighPrice"": 4835940, ""avgLowPrice"": 4739180, ""highPriceVolume"": 504, ""lowPriceVolume"": 433}"
2025-12-16 00:00:00+00:00,1765843200,4883785.0,4744628,403,408,811,2.932938051202328,139157.0,112856327.0,112856327.0,2026-08-07T15:43:50.620276+00:00,timeseries_24h,12929,"{""timestamp"": 1765843200, ""avgHighPrice"": 4883785, ""avgLowPrice"": 4744628, ""highPriceVolume"": 403, ""lowPriceVolume"": 408}"
2025-12-17 00:00:00+00:00,1765929600,4871066.0,4765607,660,536,1196,2.212918522236517,105459.0,126128964.0,126128964.0,2026-08-07T15:43:50.620276+00:00,timeseries_24h,12929,"{""timestamp"": 1765929600, ""avgHighPrice"": 4871066, ""avgLowPrice"": 4765607, ""highPriceVolume"": 660, ""lowPriceVolume"": 536}"
2025-12-18 00:00:00+00:00,1766016000,4865264.0,4754513,696,583,1279,2.329386837305945,110751.0,141650529.0,141650529.0,2026-08-07T15:43:50.620276+00:00,timeseries_24h,12929,"{""timestamp"": 1766016000, ""avgHighPrice"": 4865264, ""avgLowPrice"": 4754513, ""highPriceVolume"": 696, ""lowPriceVolume"": 583}"
2025-12-19 00:00:00+00:00,1766102400,4836753.0,4729801,666,624,1290,2.261236783534868,106952.0,137968080.0,137968080.0,2026-08-07T15:43:50.620276+00:00,timeseries_24h,12929,"{""timestamp"": 1766102400, ""avgHighPrice"": 4836753, ""avgLowPrice"": 4729801, ""highPriceVolume"": 666, ""lowPriceVolume"": 624}"
2025-12-20 00:00:00+00:00,1766188800,4801164.0,4697898,638,667,1305,2.198132015637632,103266.0,134762130.0,134762130.0,2026-08-07T15:43:50.620276+00:00,timeseries_24h,12929,"{""timestamp"": 1766188800, ""avgHighPrice"": 4801164, ""avgLowPrice"": 4697898, ""highPriceVolume"": 638, ""lowPriceVolume"": 667}"
2025-12-21 00:00:00+00:00,1766275200,4879599.0,4777487,722,804,1526,2.1373579875779884,102112.0,155822912.0,155822912.0,2026-08-07T15:43:50.620276+00:00,timeseries_24h,12929,"{""timestamp"": 1766275200, ""avgHighPrice"": 4879599, ""avgLowPrice"": 4777487, ""highPriceVolume"": 722, ""lowPriceVolume"": 804}"
2025-12-22 00:00:00+00:00,1766361600,4724989.0,4621048,218,180,398,2.249294965124794,103941.0,41368518.0,41368518.0,2026-08-07T15:43:50.620276+00:00,timeseries_24h,12929,"{""timestamp"": 1766361600, ""avgHighPrice"": 4724989, ""avgLowPrice"": 4621048, ""highPriceVolume"": 218, ""lowPriceVolume"": 180}"
2025-12-23 00:00:00+00:00,1766448000,4796399.0,4699880,464,461,925,2.0536481782513594,96519.0,89280075.0,89280075.0,2026-08-07T15:43:50.620276+00:00,timeseries_24h,12929,"{""timestamp"": 1766448000, ""avgHighPrice"": 4796399, ""avgLowPrice"": 4699880, ""highPriceVolume"": 464, ""lowPriceVolume"": 461}"
2025-12-24 00:00:00+00:00,1766534400,4758671.0,4667070,226,176,402,1.9627089372989908,91601.0,36823602.0,36823602.0,2026-08-07T15:43:50.620276+00:00,timeseries_24h,12929,"{""timestamp"": 1766534400, ""avgHighPrice"": 4758671, ""avgLowPrice"": 4667070, ""highPriceVolume"": 226, ""lowPriceVolume"": 176}"
2025-12-25 00:00:00+00:00,1766620800,4827326.0,4745558,161,153,314,1.72304289611464,81768.0,25675152.0,25675152.0,2026-08-07T15:43:50.620276+00:00,timeseries_24h,12929,"{""timestamp"": 1766620800, ""avgHighPrice"": 4827326, ""avgLowPrice"": 4745558, ""highPriceVolume"": 161, ""lowPriceVolume"": 153}"
2025-12-26 00:00:00+00:00,1766707200,4762440.0,4666882,175,116,291,2.04757694752085,95558.0,27807378.0,27807378.0,2026-08-07T15:43:50.620276+00:00,timeseries_24h,12929,"{""timestamp"": 1766707200, ""avgHighPrice"": 4762440, ""avgLowPrice"": 4666882, ""highPriceVolume"": 175, ""lowPriceVolume"": 116}"
2025-12-27 00:00:00+00:00,1766793600,4766609.0,4673471,227,244,471,1.9929084827957637,93138.0,43867998.0,43867998.0,2026-08-07T15:43:50.620276+00:00,timeseries_24h,12929,"{""timestamp"": 1766793600, ""avgHighPrice"": 4766609, ""avgLowPrice"": 4673471, ""highPriceVolume"": 227, ""lowPriceVolume"": 244}"
2025-12-28 00:00:00+00:00,1766880000,4829710.0,4738955,232,162,394,1.9150846547392832,90755.0,35757470.0,35757470.0,2026-08-07T15:43:50.620276+00:00,timeseries_24h,12929,"{""timestamp"": 1766880000, ""avgHighPrice"": 4829710, ""avgLowPrice"": 4738955, ""highPriceVolume"": 232, ""lowPriceVolume"": 162}"
2025-12-29 00:00:00+00:00,1766966400,4745323.0,4636092,226,196,422,2.356100784885201,109231.0,46095482.0,46095482.0,2026-08-07T15:43:50.620276+00:00,timeseries_24h,12929,"{""timestamp"": 1766966400, ""avgHighPrice"": 4745323, ""avgLowPrice"": 4636092, ""highPriceVolume"": 226, ""lowPriceVolume"": 196}"
2025-12-30 00:00:00+00:00,1767052800,4801244.0,4716436,238,199,437,1.798137407143869,84808.0,37061096.0,37061096.0,2026-08-07T15:43:50.620276+00:00,timeseries_24h,12929,"{""timestamp"": 1767052800, ""avgHighPrice"": 4801244, ""avgLowPrice"": 4716436, ""highPriceVolume"": 238, ""lowPriceVolume"": 199}"
2025-12-31 00:00:00+00:00,1767139200,4628862.0,4544022,212,208,420,1.8670684252849128,84840.0,35632800.0,35632800.0,2026-08-07T15:43:50.620276+00:00,timeseries_24h,12929,"{""timestamp"": 1767139200, ""avgHighPrice"": 4628862, ""avgLowPrice"": 4544022, ""highPriceVolume"": 212, ""lowPriceVolume"": 208}"
2026-01-01 00:00:00+00:00,1767225600,4606078.0,4518836,26,14,40,1.9306299232811284,87242.0,3489680.0,3489680.0,2026-08-07T15:43:50.620276+00:00,timeseries_24h,12929,"{""timestamp"": 1767225600, ""avgHighPrice"": 4606078, ""avgLowPrice"": 4518836, ""highPriceVolume"": 26, ""lowPriceVolume"": 14}"
2026-01-02 00:00:00+00:00,1767312000,4587852.0,4496083,241,221,462,2.041087764616445,91769.0,42397278.0,42397278.0,2026-08-07T15:43:50.620276+00:00,timeseries_24h,12929,"{""timestamp"": 1767312000, ""avgHighPrice"": 4587852, ""avgLowPrice"": 4496083, ""highPriceVolume"": 241, ""lowPriceVolume"": 221}"
2026-01-03 00:00:00+00:00,1767398400,4674440.0,4575076,1010,829,1839,2.1718546314859033,99364.0,182730396.0,182730396.0,2026-08-07T15:43:50.620276+00:00,timeseries_24h,12929,"{""timestamp"": 1767398400, ""avgHighPrice"": 4674440, ""avgLowPrice"": 4575076, ""highPriceVolume"": 1010, ""lowPriceVolume"": 829}"
2026-01-04 00:00:00+00:00,1767484800,4580516.0,4494831,277,210,487,1.9063008153143022,85685.0,41728595.0,41728595.0,2026-08-07T15:43:50.620276+00:00,timeseries_24h,12929,"{""timestamp"": 1767484800, ""avgHighPrice"": 4580516, ""avgLowPrice"": 4494831, ""highPriceVolume"": 277, ""lowPriceVolume"": 210}"
2026-01-05 00:00:00+00:00,1767571200,4526332.0,4425621,306,210,516,2.275635441896177,100711.0,51966876.0,51966876.0,2026-08-07T15:43:50.620276+00:00,timeseries_24h,12929,"{""timestamp"": 1767571200, ""avgHighPrice"": 4526332, ""avgLowPrice"": 4425621, ""highPriceVolume"": 306, ""lowPriceVolume"": 210}"
2026-01-06 00:00:00+00:00,1767657600,4473649.0,4384691,687,644,1331,2.028831678218602,88958.0,118403098.0,118403098.0,2026-08-07T15:43:50.620276+00:00,timeseries_24h,12929,"{""timestamp"": 1767657600, ""avgHighPrice"": 4473649, ""avgLowPrice"": 4384691, ""highPriceVolume"": 687, ""lowPriceVolume"": 644}"
2026-01-07 00:00:00+00:00,1767744000,4505360.0,4405256,106,63,169,2.272376452129002,100104.0,16917576.0,16917576.0,2026-08-07T15:43:50.620276+00:00,timeseries_24h,12929,"{""timestamp"": 1767744000, ""avgHighPrice"": 4505360, ""avgLowPrice"": 4405256, ""highPriceVolume"": 106, ""lowPriceVolume"": 63}"
2026-01-08 00:00:00+00:00,1767830400,4540929.0,4444285,223,197,420,2.1745680126274527,96644.0,40590480.0,40590480.0,2026-08-07T15:43:50.620276+00:00,timeseries_24h,12929,"{""timestamp"": 1767830400, ""avgHighPrice"": 4540929, ""avgLowPrice"": 4444285, ""highPriceVolume"": 223, ""lowPriceVolume"": 197}"
2026-01-09 00:00:00+00:00,1767916800,4356890.0,4275373,258,199,457,1.9066640501308307,81517.0,37253269.0,37253269.0,2026-08-07T15:43:50.620276+00:00,timeseries_24h,12929,"{""timestamp"": 1767916800, ""avgHighPrice"": 4356890, ""avgLowPrice"": 4275373, ""highPriceVolume"": 258, ""lowPriceVolume"": 199}"
2026-01-10 00:00:00+00:00,1768003200,4049446.0,3968299,296,177,473,2.0448811946882026,81147.0,38382531.0,38382531.0,2026-08-07T15:43:50.620276+00:00,timeseries_24h,12929,"{""timestamp"": 1768003200, ""avgHighPrice"": 4049446, ""avgLowPrice"": 3968299, ""highPriceVolume"": 296, ""lowPriceVolume"": 177}"
2026-01-11 00:00:00+00:00,1768089600,3773058.0,3685573,494,305,799,2.373715023416983,87485.0,69900515.0,69900515.0,2026-08-07T15:43:50.620276+00:00,timeseries_24h,12929,"{""timestamp"": 1768089600, ""avgHighPrice"": 3773058, ""avgLowPrice"": 3685573, ""highPriceVolume"": 494, ""lowPriceVolume"": 305}"
2026-01-12 00:00:00+00:00,1768176000,3284177.0,3195565,902,616,1518,2.772968160560026,88612.0,134513016.0,134513016.0,2026-08-07T15:43:50.620276+00:00,timeseries_24h,12929,"{""timestamp"": 1768176000, ""avgHighPrice"": 3284177, ""avgLowPrice"": 3195565, ""highPriceVolume"": 902, ""lowPriceVolume"": 616}"
2026-01-13 00:00:00+00:00,1768262400,3439865.0,3358709,849,640,1489,2.4162855430464503,81156.0,120841284.0,120841284.0,2026-08-07T15:43:50.620276+00:00,timeseries_24h,12929,"{""timestamp"": 1768262400, ""avgHighPrice"": 3439865, ""avgLowPrice"": 3358709, ""highPriceVolume"": 849, ""lowPriceVolume"": 640}"
2026-01-14 00:00:00+00:00,1768348800,3531785.0,3452539,852,713,1565,2.2952963022285915,79246.0,124019990.0,124019990.0,2026-08-07T15:43:50.620276+00:00,timeseries_24h,12929,"{""timestamp"": 1768348800, ""avgHighPrice"": 3531785, ""avgLowPrice"": 3452539, ""highPriceVolume"": 852, ""lowPriceVolume"": 713}"
2026-01-15 00:00:00+00:00,1768435200,3620092.0,3536327,604,548,1152,2.368700632039967,83765.0,96497280.0,96497280.0,2026-08-07T15:43:50.620276+00:00,timeseries_24h,12929,"{""timestamp"": 1768435200, ""avgHighPrice"": 3620092, ""avgLowPrice"": 3536327, ""highPriceVolume"": 604, ""lowPriceVolume"": 548}"
2026-01-16 00:00:00+00:00,1768521600,3708402.0,3639984,903,719,1622,1.8796236466973482,68418.0,110973996.0,110973996.0,2026-08-07T15:43:50.620276+00:00,timeseries_24h,12929,"{""timestamp"": 1768521600, ""avgHighPrice"": 3708402, ""avgLowPrice"": 3639984, ""highPriceVolume"": 903, ""lowPriceVolume"": 719}"
2026-01-17 00:00:00+00:00,1768608000,3585578.0,3515671,987,737,1724,1.988439760148205,69907.0,120519668.0,120519668.0,2026-08-07T15:43:50.620276+00:00,timeseries_24h,12929,"{""timestamp"": 1768608000, ""avgHighPrice"": 3585578, ""avgLowPrice"": 3515671, ""highPriceVolume"": 987, ""lowPriceVolume"": 737}"
2026-01-18 00:00:00+00:00,1768694400,3544033.0,3462593,1146,796,1942,2.351994589026201,81440.0,158156480.0,158156480.0,2026-08-07T15:43:50.620276+00:00,timeseries_24h,12929,"{""timestamp"": 1768694400, ""avgHighPrice"": 3544033, ""avgLowPrice"": 3462593, ""highPriceVolume"": 1146, ""lowPriceVolume"": 796}"
2026-01-19 00:00:00+00:00,1768780800,3466578.0,3393953,913,642,1555,2.1398351715536426,72625.0,112931875.0,112931875.0,2026-08-07T15:43:50.620276+00:00,timeseries_24h,12929,"{""timestamp"": 1768780800, ""avgHighPrice"": 3466578, ""avgLowPrice"": 3393953, ""highPriceVolume"": 913, ""lowPriceVolume"": 642}"
2026-01-20 00:00:00+00:00,1768867200,3422339.0,3350988,607,517,1124,2.12925262638959,71351.0,80198524.0,80198524.0,2026-08-07T15:43:50.620276+00:00,timeseries_24h,12929,"{""timestamp"": 1768867200, ""avgHighPrice"": 3422339, ""avgLowPrice"": 3350988, ""highPriceVolume"": 607, ""lowPriceVolume"": 517}"
2026-01-21 00:00:00+00:00,1768953600,3435515.0,3370319,226,216,442,1.9344162970923524,65196.0,28816632.0,28816632.0,2026-08-07T15:43:50.620276+00:00,timeseries_24h,12929,"{""timestamp"": 1768953600, ""avgHighPrice"": 3435515, ""avgLowPrice"": 3370319, ""highPriceVolume"": 226, ""lowPriceVolume"": 216}"
2026-01-22 00:00:00+00:00,1769040000,3538351.0,3457084,279,251,530,2.3507383679424625,81267.0,43071510.0,43071510.0,2026-08-07T15:43:50.620276+00:00,timeseries_24h,12929,"{""timestamp"": 1769040000, ""avgHighPrice"": 3538351, ""avgLowPrice"": 3457084, ""highPriceVolume"": 279, ""lowPriceVolume"": 251}"
2026-01-23 00:00:00+00:00,1769126400,3651881.0,3565748,279,232,511,2.415566102820502,86133.0,44013963.0,44013963.0,2026-08-07T15:43:50.620276+00:00,timeseries_24h,12929,"{""timestamp"": 1769126400, ""avgHighPrice"": 3651881, ""avgLowPrice"": 3565748, ""highPriceVolume"": 279, ""lowPriceVolume"": 232}"
2026-01-24 00:00:00+00:00,1769212800,3600176.0,3537039,348,181,529,1.785024140248383,63137.0,33399473.0,33399473.0,2026-08-07T15:43:50.620276+00:00,timeseries_24h,12929,"{""timestamp"": 1769212800, ""avgHighPrice"": 3600176, ""avgLowPrice"": 3537039, ""highPriceVolume"": 348, ""lowPriceVolume"": 181}"
2026-01-25 00:00:00+00:00,1769299200,3614244.0,3537858,302,258,560,2.1591030504898727,76386.0,42776160.0,42776160.0,2026-08-07T15:43:50.620276+00:00,timeseries_24h,12929,"{""timestamp"": 1769299200, ""avgHighPrice"": 3614244, ""avgLowPrice"": 3537858, ""highPriceVolume"": 302, ""lowPriceVolume"": 258}"
2026-01-26 00:00:00+00:00,1769385600,3576327.0,3500552,271,271,542,2.164658602414705,75775.0,41070050.0,41070050.0,2026-08-07T15:43:50.620276+00:00,timeseries_24h,12929,"{""timestamp"": 1769385600, ""avgHighPrice"": 3576327, ""avgLowPrice"": 3500552, ""highPriceVolume"": 271, ""lowPriceVolume"": 271}"
2026-01-27 00:00:00+00:00,1769472000,3636913.0,3566287,274,245,519,1.9803790328708821,70626.0,36654894.0,36654894.0,2026-08-07T15:43:50.620276+00:00,timeseries_24h,12929,"{""timestamp"": 1769472000, ""avgHighPrice"": 3636913, ""avgLowPrice"": 3566287, ""highPriceVolume"": 274, ""lowPriceVolume"": 245}"
2026-01-28 00:00:00+00:00,1769558400,3536916.0,3451820,279,211,490,2.465250215828172,85096.0,41697040.0,41697040.0,2026-08-07T15:43:50.620276+00:00,timeseries_24h,12929,"{""timestamp"": 1769558400, ""avgHighPrice"": 3536916, ""avgLowPrice"": 3451820, ""highPriceVolume"": 279, ""lowPriceVolume"": 211}"
2026-01-29 00:00:00+00:00,1769644800,3570783.0,3486399,945,857,1802,2.4203770136464584,84384.0,152059968.0,152059968.0,2026-08-07T15:43:50.620276+00:00,timeseries_24h,12929,"{""timestamp"": 1769644800, ""avgHighPrice"": 3570783, ""avgLowPrice"": 3486399, ""highPriceVolume"": 945, ""lowPriceVolume"": 857}"
2026-01-30 00:00:00+00:00,1769731200,3600398.0,3511349,288,268,556,2.536033871882288,89049.0,49511244.0,49511244.0,2026-08-07T15:43:50.620276+00:00,timeseries_24h,12929,"{""timestamp"": 1769731200, ""avgHighPrice"": 3600398, ""avgLowPrice"": 3511349, ""highPriceVolume"": 288, ""lowPriceVolume"": 268}"
2026-01-31 00:00:00+00:00,1769817600,3826297.0,3722915,549,572,1121,2.7769100288349318,103382.0,115891222.0,115891222.0,2026-08-07T15:43:50.620276+00:00,timeseries_24h,12929,"{""timestamp"": 1769817600, ""avgHighPrice"": 3826297, ""avgLowPrice"": 3722915, ""highPriceVolume"": 549, ""lowPriceVolume"": 572}"
2026-02-01 00:00:00+00:00,1769904000,3810428.0,3724055,959,818,1777,2.3193266479684107,86373.0,153484821.0,153484821.0,2026-08-07T15:43:50.620276+00:00,timeseries_24h,12929,"{""timestamp"": 1769904000, ""avgHighPrice"": 3810428, ""avgLowPrice"": 3724055, ""highPriceVolume"": 959, ""lowPriceVolume"": 818}"
2026-02-02 00:00:00+00:00,1769990400,3761597.0,3667853,246,192,438,2.5558276190458016,93744.0,41059872.0,41059872.0,2026-08-07T15:43:50.620276+00:00,timeseries_24h,12929,"{""timestamp"": 1769990400, ""avgHighPrice"": 3761597, ""avgLowPrice"": 3667853, ""highPriceVolume"": 246, ""lowPriceVolume"": 192}"
2026-02-03 00:00:00+00:00,1770076800,3689645.0,3614789,544,427,971,2.0708262639949386,74856.0,72685176.0,72685176.0,2026-08-07T15:43:50.620276+00:00,timeseries_24h,12929,"{""timestamp"": 1770076800, ""avgHighPrice"": 3689645, ""avgLowPrice"": 3614789, ""highPriceVolume"": 544, ""lowPriceVolume"": 427}"
2026-02-04 00:00:00+00:00,1770163200,3698537.0,3623881,440,421,861,2.060111797269281,74656.0,64278816.0,64278816.0,2026-08-07T15:43:50.620276+00:00,timeseries_24h,12929,"{""timestamp"": 1770163200, ""avgHighPrice"": 3698537, ""avgLowPrice"": 3623881, ""highPriceVolume"": 440, ""lowPriceVolume"": 421}"
2026-02-05 00:00:00+00:00,1770249600,3713075.0,3634675,728,668,1396,2.157001657644769,78400.0,109446400.0,109446400.0,2026-08-07T15:43:50.620276+00:00,timeseries_24h,12929,"{""timestamp"": 1770249600, ""avgHighPrice"": 3713075, ""avgLowPrice"": 3634675, ""highPriceVolume"": 728, ""lowPriceVolume"": 668}"
2026-02-06 00:00:00+00:00,1770336000,3843188.0,3764991,78,102,180,2.0769505159507684,78197.0,14075460.0,14075460.0,2026-08-07T15:43:50.620276+00:00,timeseries_24h,12929,"{""timestamp"": 1770336000, ""avgHighPrice"": 3843188, ""avgLowPrice"": 3764991, ""highPriceVolume"": 78, ""lowPriceVolume"": 102}"
2026-02-07 00:00:00+00:00,1770422400,3812469.0,3744689,36,27,63,1.810030152036658,67780.0,4270140.0,4270140.0,2026-08-07T15:43:50.620276+00:00,timeseries_24h,12929,"{""timestamp"": 1770422400, ""avgHighPrice"": 3812469, ""avgLowPrice"": 3744689, ""highPriceVolume"": 36, ""lowPriceVolume"": 27}"
2026-02-08 00:00:00+00:00,1770508800,4063599.0,4002634,32,57,89,1.523122024147099,60965.0,5425885.0,5425885.0,2026-08-07T15:43:50.620276+00:00,timeseries_24h,12929,"{""timestamp"": 1770508800, ""avgHighPrice"": 4063599, ""avgLowPrice"": 4002634, ""highPriceVolume"": 32, ""lowPriceVolume"": 57}"
2026-02-09 00:00:00+00:00,1770595200,4018768.0,3952040,78,60,138,1.6884444489428247,66728.0,9208464.0,9208464.0,2026-08-07T15:43:50.620276+00:00,timeseries_24h,12929,"{""timestamp"": 1770595200, ""avgHighPrice"": 4018768, ""avgLowPrice"": 3952040, ""highPriceVolume"": 78, ""lowPriceVolume"": 60}"
2026-02-10 00:00:00+00:00,1770681600,3875778.0,3794640,121,119,240,2.138226551135286,81138.0,19473120.0,19473120.0,2026-08-07T15:43:50.620276+00:00,timeseries_24h,12929,"{""timestamp"": 1770681600, ""avgHighPrice"": 3875778, ""avgLowPrice"": 3794640, ""highPriceVolume"": 121, ""lowPriceVolume"": 119}"
2026-02-11 00:00:00+00:00,1770768000,3766740.0,3687235,651,586,1237,2.156222752279147,79505.0,98347685.0,98347685.0,2026-08-07T15:43:50.620276+00:00,timeseries_24h,12929,"{""timestamp"": 1770768000, ""avgHighPrice"": 3766740, ""avgLowPrice"": 3687235, ""highPriceVolume"": 651, ""lowPriceVolume"": 586}"
2026-02-12 00:00:00+00:00,1770854400,3726801.0,3662039,103,112,215,1.7684683314404896,64762.0,13923830.0,13923830.0,2026-08-07T15:43:50.620276+00:00,timeseries_24h,12929,"{""timestamp"": 1770854400, ""avgHighPrice"": 3726801, ""avgLowPrice"": 3662039, ""highPriceVolume"": 103, ""lowPriceVolume"": 112}"
2026-02-13 00:00:00+00:00,1770940800,3848107.0,3768923,751,649,1400,2.1009715507586653,79184.0,110857600.0,110857600.0,2026-08-07T15:43:50.620276+00:00,timeseries_24h,12929,"{""timestamp"": 1770940800, ""avgHighPrice"": 3848107, ""avgLowPrice"": 3768923, ""highPriceVolume"": 751, ""lowPriceVolume"": 649}"
2026-02-14 00:00:00+00:00,1771027200,3841044.0,3763692,803,772,1575,2.05521599535775,77352.0,121829400.0,121829400.0,2026-08-07T15:43:50.620276+00:00,timeseries_24h,12929,"{""timestamp"": 1771027200, ""avgHighPrice"": 3841044, ""avgLowPrice"": 3763692, ""highPriceVolume"": 803, ""lowPriceVolume"": 772}"
2026-02-15 00:00:00+00:00,1771113600,3867127.0,3786987,339,231,570,2.1161942198375647,80140.0,45679800.0,45679800.0,2026-08-07T15:43:50.620276+00:00,timeseries_24h,12929,"{""timestamp"": 1771113600, ""avgHighPrice"": 3867127, ""avgLowPrice"": 3786987, ""highPriceVolume"": 339, ""lowPriceVolume"": 231}"
2026-02-16 00:00:00+00:00,1771200000,3814915.0,3723119,573,461,1034,2.465567176337904,91796.0,94917064.0,94917064.0,2026-08-07T15:43:50.620276+00:00,timeseries_24h,12929,"{""timestamp"": 1771200000, ""avgHighPrice"": 3814915, ""avgLowPrice"": 3723119, ""highPriceVolume"": 573, ""lowPriceVolume"": 461}"
2026-02-17 00:00:00+00:00,1771286400,3862986.0,3772247,250,197,447,2.4054363354255432,90739.0,40560333.0,40560333.0,2026-08-07T15:43:50.620276+00:00,timeseries_24h,12929,"{""timestamp"": 1771286400, ""avgHighPrice"": 3862986, ""avgLowPrice"": 3772247, ""highPriceVolume"": 250, ""lowPriceVolume"": 197}"
2026-02-18 00:00:00+00:00,1771372800,3825868.0,3750377,229,178,407,2.012890970694413,75491.0,30724837.0,30724837.0,2026-08-07T15:43:50.620276+00:00,timeseries_24h,12929,"{""timestamp"": 1771372800, ""avgHighPrice"": 3825868, ""avgLowPrice"": 3750377, ""highPriceVolume"": 229, ""lowPriceVolume"": 178}"
2026-02-19 00:00:00+00:00,1771459200,3817199.0,3731178,266,200,466,2.305464922874224,86021.0,40085786.0,40085786.0,2026-08-07T15:43:50.620276+00:00,timeseries_24h,12929,"{""timestamp"": 1771459200, ""avgHighPrice"": 3817199, ""avgLowPrice"": 3731178, ""highPriceVolume"": 266, ""lowPriceVolume"": 200}"
2026-02-20 00:00:00+00:00,1771545600,3795808.0,3724076,406,297,703,1.9261690685152506,71732.0,50427596.0,50427596.0,2026-08-07T15:43:50.620276+00:00,timeseries_24h,12929,"{""timestamp"": 1771545600, ""avgHighPrice"": 3795808, ""avgLowPrice"": 3724076, ""highPriceVolume"": 406, ""lowPriceVolume"": 297}"
2026-02-21 00:00:00+00:00,1771632000,4003360.0,3919065,159,167,326,2.150895685578065,84295.0,27480170.0,27480170.0,2026-08-07T15:43:50.620276+00:00,timeseries_24h,12929,"{""timestamp"": 1771632000, ""avgHighPrice"": 4003360, ""avgLowPrice"": 3919065, ""highPriceVolume"": 159, ""lowPriceVolume"": 167}"
2026-02-22 00:00:00+00:00,1771718400,4110718.0,4019997,654,630,1284,2.2567429776688885,90721.0,116485764.0,116485764.0,2026-08-07T15:43:50.620276+00:00,timeseries_24h,12929,"{""timestamp"": 1771718400, ""avgHighPrice"": 4110718, ""avgLowPrice"": 4019997, ""highPriceVolume"": 654, ""lowPriceVolume"": 630}"
2026-02-23 00:00:00+00:00,1771804800,4079577.0,4003064,295,197,492,1.9113608975524747,76513.0,37644396.0,37644396.0,2026-08-07T15:43:50.620276+00:00,timeseries_24h,12929,"{""timestamp"": 1771804800, ""avgHighPrice"": 4079577, ""avgLowPrice"": 4003064, ""highPriceVolume"": 295, ""lowPriceVolume"": 197}"
2026-02-24 00:00:00+00:00,1771891200,3995369.0,3905062,107,68,175,2.3125625150125657,90307.0,15803725.0,15803725.0,2026-08-07T15:43:50.620276+00:00,timeseries_24h,12929,"{""timestamp"": 1771891200, ""avgHighPrice"": 3995369, ""avgLowPrice"": 3905062, ""highPriceVolume"": 107, ""lowPriceVolume"": 68}"
2026-02-25 00:00:00+00:00,1771977600,3927452.0,3851068,392,332,724,1.98344978587758,76384.0,55302016.0,55302016.0,2026-08-07T15:43:50.620276+00:00,timeseries_24h,12929,"{""timestamp"": 1771977600, ""avgHighPrice"": 3927452, ""avgLowPrice"": 3851068, ""highPriceVolume"": 392, ""lowPriceVolume"": 332}"
2026-02-26 00:00:00+00:00,1772064000,3909437.0,3818716,417,311,728,2.375693819598001,90721.0,66044888.0,66044888.0,2026-08-07T15:43:50.620276+00:00,timeseries_24h,12929,"{""timestamp"": 1772064000, ""avgHighPrice"": 3909437, ""avgLowPrice"": 3818716, ""highPriceVolume"": 417, ""lowPriceVolume"": 311}"
2026-02-27 00:00:00+00:00,1772150400,3992948.0,3912515,664,603,1267,2.055787645542573,80433.0,101908611.0,101908611.0,2026-08-07T15:43:50.620276+00:00,timeseries_24h,12929,"{""timestamp"": 1772150400, ""avgHighPrice"": 3992948, ""avgLowPrice"": 3912515, ""highPriceVolume"": 664, ""lowPriceVolume"": 603}"
2026-02-28 00:00:00+00:00,1772236800,4185138.0,4095859,945,890,1835,2.1797381208679303,89279.0,163826965.0,163826965.0,2026-08-07T15:43:50.620276+00:00,timeseries_24h,12929,"{""timestamp"": 1772236800, ""avgHighPrice"": 4185138, ""avgLowPrice"": 4095859, ""highPriceVolume"": 945, ""lowPriceVolume"": 890}"
2026-03-01 00:00:00+00:00,1772323200,4227798.0,4132265,1138,1008,2146,2.31187980441719,95533.0,205013818.0,205013818.0,2026-08-07T15:43:50.620276+00:00,timeseries_24h,12929,"{""timestamp"": 1772323200, ""avgHighPrice"": 4227798, ""avgLowPrice"": 4132265, ""highPriceVolume"": 1138, ""lowPriceVolume"": 1008}"
2026-03-02 00:00:00+00:00,1772409600,4114378.0,4027798,797,701,1498,2.149561621511307,86580.0,129696840.0,129696840.0,2026-08-07T15:43:50.620276+00:00,timeseries_24h,12929,"{""timestamp"": 1772409600, ""avgHighPrice"": 4114378, ""avgLowPrice"": 4027798, ""highPriceVolume"": 797, ""lowPriceVolume"": 701}"
2026-03-03 00:00:00+00:00,1772496000,4072947.0,3989537,827,712,1539,2.0907187976950707,83410.0,128367990.0,128367990.0,2026-08-07T15:43:50.620276+00:00,timeseries_24h,12929,"{""timestamp"": 1772496000, ""avgHighPrice"": 4072947, ""avgLowPrice"": 3989537, ""highPriceVolume"": 827, ""lowPriceVolume"": 712}"
2026-03-04 00:00:00+00:00,1772582400,4075576.0,3979860,883,729,1612,2.4050092214298995,95716.0,154294192.0,154294192.0,2026-08-07T15:43:50.620276+00:00,timeseries_24h,12929,"{""timestamp"": 1772582400, ""avgHighPrice"": 4075576, ""avgLowPrice"": 3979860, ""highPriceVolume"": 883, ""lowPriceVolume"": 729}"
2026-03-05 00:00:00+00:00,1772668800,4023941.0,3930496,823,686,1509,2.3774353160517148,93445.0,141008505.0,141008505.0,2026-08-07T15:43:50.620276+00:00,timeseries_24h,12929,"{""timestamp"": 1772668800, ""avgHighPrice"": 4023941, ""avgLowPrice"": 3930496, ""highPriceVolume"": 823, ""lowPriceVolume"": 686}"
2026-03-06 00:00:00+00:00,1772755200,4020031.0,3930967,337,266,603,2.2657020524466374,89064.0,53705592.0,53705592.0,2026-08-07T15:43:50.620276+00:00,timeseries_24h,12929,"{""timestamp"": 1772755200, ""avgHighPrice"": 4020031, ""avgLowPrice"": 3930967, ""highPriceVolume"": 337, ""lowPriceVolume"": 266}"
2026-03-07 00:00:00+00:00,1772841600,3965451.0,3873799,159,134,293,2.3659461939042266,91652.0,26854036.0,26854036.0,2026-08-07T15:43:50.620276+00:00,timeseries_24h,12929,"{""timestamp"": 1772841600, ""avgHighPrice"": 3965451, ""avgLowPrice"": 3873799, ""highPriceVolume"": 159, ""lowPriceVolume"": 134}"
2026-03-08 00:00:00+00:00,1772928000,3912670.0,3833098,393,359,752,2.075918747707468,79572.0,59838144.0,59838144.0,2026-08-07T15:43:50.620276+00:00,timeseries_24h,12929,"{""timestamp"": 1772928000, ""avgHighPrice"": 3912670, ""avgLowPrice"": 3833098, ""highPriceVolume"": 393, ""lowPriceVolume"": 359}"
2026-03-09 00:00:00+00:00,1773014400,3906614.0,3823852,106,92,198,2.16436200982674,82762.0,16386876.0,16386876.0,2026-08-07T15:43:50.620276+00:00,timeseries_24h,12929,"{""timestamp"": 1773014400, ""avgHighPrice"": 3906614, ""avgLowPrice"": 3823852, ""highPriceVolume"": 106, ""lowPriceVolume"": 92}"
2026-03-10 00:00:00+00:00,1773100800,3811003.0,3720770,325,324,649,2.425116306570952,90233.0,58561217.0,58561217.0,2026-08-07T15:43:50.620276+00:00,timeseries_24h,12929,"{""timestamp"": 1773100800, ""avgHighPrice"": 3811003, ""avgLowPrice"": 3720770, ""highPriceVolume"": 325, ""lowPriceVolume"": 324}"
2026-03-11 00:00:00+00:00,1773187200,3768313.0,3684036,356,330,686,2.287626939584738,84277.0,57814022.0,57814022.0,2026-08-07T15:43:50.620276+00:00,timeseries_24h,12929,"{""timestamp"": 1773187200, ""avgHighPrice"": 3768313, ""avgLowPrice"": 3684036, ""highPriceVolume"": 356, ""lowPriceVolume"": 330}"
2026-03-12 00:00:00+00:00,1773273600,3816362.0,3739998,729,680,1409,2.0418192737001464,76364.0,107596876.0,107596876.0,2026-08-07T15:43:50.620276+00:00,timeseries_24h,12929,"{""timestamp"": 1773273600, ""avgHighPrice"": 3816362, ""avgLowPrice"": 3739998, ""highPriceVolume"": 729, ""lowPriceVolume"": 680}"
2026-03-13 00:00:00+00:00,1773360000,3848420.0,3768652,289,214,503,2.116618886540864,79768.0,40123304.0,40123304.0,2026-08-07T15:43:50.620276+00:00,timeseries_24h,12929,"{""timestamp"": 1773360000, ""avgHighPrice"": 3848420, ""avgLowPrice"": 3768652, ""highPriceVolume"": 289, ""lowPriceVolume"": 214}"
2026-03-14 00:00:00+00:00,1773446400,3795648.0,3721714,148,117,265,1.986557806430048,73934.0,19592510.0,19592510.0,2026-08-07T15:43:50.620276+00:00,timeseries_24h,12929,"{""timestamp"": 1773446400, ""avgHighPrice"": 3795648, ""avgLowPrice"": 3721714, ""highPriceVolume"": 148, ""lowPriceVolume"": 117}"
2026-03-15 00:00:00+00:00,1773532800,3858620.0,3779014,447,375,822,2.106528316645559,79606.0,65436132.0,65436132.0,2026-08-07T15:43:50.620276+00:00,timeseries_24h,12929,"{""timestamp"": 1773532800, ""avgHighPrice"": 3858620, ""avgLowPrice"": 3779014, ""highPriceVolume"": 447, ""lowPriceVolume"": 375}"
2026-03-16 00:00:00+00:00,1773619200,3793789.0,3708485,457,366,823,2.30023850709926,85304.0,70205192.0,70205192.0,2026-08-07T15:43:50.620276+00:00,timeseries_24h,12929,"{""timestamp"": 1773619200, ""avgHighPrice"": 3793789, ""avgLowPrice"": 3708485, ""highPriceVolume"": 457, ""lowPriceVolume"": 366}"
2026-03-17 00:00:00+00:00,1773705600,3741679.0,3657164,193,217,410,2.310943671106901,84515.0,34651150.0,34651150.0,2026-08-07T15:43:50.620276+00:00,timeseries_24h,12929,"{""timestamp"": 1773705600, ""avgHighPrice"": 3741679, ""avgLowPrice"": 3657164, ""highPriceVolume"": 193, ""lowPriceVolume"": 217}"
2026-03-18 00:00:00+00:00,1773792000,3859773.0,3783658,693,695,1388,2.011677588196396,76115.0,105647620.0,105647620.0,2026-08-07T15:43:50.620276+00:00,timeseries_24h,12929,"{""timestamp"": 1773792000, ""avgHighPrice"": 3859773, ""avgLowPrice"": 3783658, ""highPriceVolume"": 693, ""lowPriceVolume"": 695}"
2026-03-19 00:00:00+00:00,1773878400,3804783.0,3716680,317,264,581,2.3704758009836735,88103.0,51187843.0,51187843.0,2026-08-07T15:43:50.620276+00:00,timeseries_24h,12929,"{""timestamp"": 1773878400, ""avgHighPrice"": 3804783, ""avgLowPrice"": 3716680, ""highPriceVolume"": 317, ""lowPriceVolume"": 264}"
2026-03-20 00:00:00+00:00,1773964800,3773299.0,3695368,681,692,1373,2.108883337194022,77931.0,106999263.0,106999263.0,2026-08-07T15:43:50.620276+00:00,timeseries_24h,12929,"{""timestamp"": 1773964800, ""avgHighPrice"": 3773299, ""avgLowPrice"": 3695368, ""highPriceVolume"": 681, ""lowPriceVolume"": 692}"
2026-03-21 00:00:00+00:00,1774051200,3801559.0,3725262,515,407,922,2.048097556628232,76297.0,70345834.0,70345834.0,2026-08-07T15:43:50.620276+00:00,timeseries_24h,12929,"{""timestamp"": 1774051200, ""avgHighPrice"": 3801559, ""avgLowPrice"": 3725262, ""highPriceVolume"": 515, ""lowPriceVolume"": 407}"
2026-03-22 00:00:00+00:00,1774137600,3789451.0,3718203,168,136,304,1.9161944627552612,71248.0,21659392.0,21659392.0,2026-08-07T15:43:50.620276+00:00,timeseries_24h,12929,"{""timestamp"": 1774137600, ""avgHighPrice"": 3789451, ""avgLowPrice"": 3718203, ""highPriceVolume"": 168, ""lowPriceVolume"": 136}"
2026-03-23 00:00:00+00:00,1774224000,3724125.0,3648077,537,433,970,2.084605122095833,76048.0,73766560.0,73766560.0,2026-08-07T15:43:50.620276+00:00,timeseries_24h,12929,"{""timestamp"": 1774224000, ""avgHighPrice"": 3724125, ""avgLowPrice"": 3648077, ""highPriceVolume"": 537, ""lowPriceVolume"": 433}"
2026-03-24 00:00:00+00:00,1774310400,3747422.0,3670103,763,692,1455,2.10672561505767,77319.0,112499145.0,112499145.0,2026-08-07T15:43:50.620276+00:00,timeseries_24h,12929,"{""timestamp"": 1774310400, ""avgHighPrice"": 3747422, ""avgLowPrice"": 3670103, ""highPriceVolume"": 763, ""lowPriceVolume"": 692}"
2026-03-25 00:00:00+00:00,1774396800,3778259.0,3702186,666,665,1331,2.05481302127986,76073.0,101253163.0,101253163.0,2026-08-07T15:43:50.620276+00:00,timeseries_24h,12929,"{""timestamp"": 1774396800, ""avgHighPrice"": 3778259, ""avgLowPrice"": 3702186, ""highPriceVolume"": 666, ""lowPriceVolume"": 665}"
2026-03-26 00:00:00+00:00,1774483200,3795227.0,3692825,37,33,70,2.772998991287158,102402.0,7168140.0,7168140.0,2026-08-07T15:43:50.620276+00:00,timeseries_24h,12929,"{""timestamp"": 1774483200, ""avgHighPrice"": 3795227, ""avgLowPrice"": 3692825, ""highPriceVolume"": 37, ""lowPriceVolume"": 33}"
2026-03-27 00:00:00+00:00,1774569600,3760763.0,3673650,768,757,1525,2.3712928558790303,87113.0,132847325.0,132847325.0,2026-08-07T15:43:50.620276+00:00,timeseries_24h,12929,"{""timestamp"": 1774569600, ""avgHighPrice"": 3760763, ""avgLowPrice"": 3673650, ""highPriceVolume"": 768, ""lowPriceVolume"": 757}"
2026-03-28 00:00:00+00:00,1774656000,3750198.0,3671845,211,173,384,2.133886370475878,78353.0,30087552.0,30087552.0,2026-08-07T15:43:50.620276+00:00,timeseries_24h,12929,"{""timestamp"": 1774656000, ""avgHighPrice"": 3750198, ""avgLowPrice"": 3671845, ""highPriceVolume"": 211, ""lowPriceVolume"": 173}"
2026-03-29 00:00:00+00:00,1774742400,3753498.0,3706267,12,4,16,1.2743550316261618,47231.0,755696.0,755696.0,2026-08-07T15:43:50.620276+00:00,timeseries_24h,12929,"{""timestamp"": 1774742400, ""avgHighPrice"": 3753498, ""avgLowPrice"": 3706267, ""highPriceVolume"": 12, ""lowPriceVolume"": 4}"
2026-03-30 00:00:00+00:00,1774828800,3709827.0,3636677,392,313,705,2.011451663152928,73150.0,51570750.0,51570750.0,2026-08-07T15:43:50.620276+00:00,timeseries_24h,12929,"{""timestamp"": 1774828800, ""avgHighPrice"": 3709827, ""avgLowPrice"": 3636677, ""highPriceVolume"": 392, ""lowPriceVolume"": 313}"
2026-03-31 00:00:00+00:00,1774915200,3701341.0,3622603,205,167,372,2.173519979970204,78738.0,29290536.0,29290536.0,2026-08-07T15:43:50.620276+00:00,timeseries_24h,12929,"{""timestamp"": 1774915200, ""avgHighPrice"": 3701341, ""avgLowPrice"": 3622603, ""highPriceVolume"": 205, ""lowPriceVolume"": 167}"
2026-04-01 00:00:00+00:00,1775001600,3754314.0,3679044,180,150,330,2.0459119271201978,75270.0,24839100.0,24839100.0,2026-08-07T15:43:50.620276+00:00,timeseries_24h,12929,"{""timestamp"": 1775001600, ""avgHighPrice"": 3754314, ""avgLowPrice"": 3679044, ""highPriceVolume"": 180, ""lowPriceVolume"": 150}"
2026-04-02 00:00:00+00:00,1775088000,3718654.0,3643729,336,271,607,2.0562725713136185,74925.0,45479475.0,45479475.0,2026-08-07T15:43:50.620276+00:00,timeseries_24h,12929,"{""timestamp"": 1775088000, ""avgHighPrice"": 3718654, ""avgLowPrice"": 3643729, ""highPriceVolume"": 336, ""lowPriceVolume"": 271}"
2026-04-03 00:00:00+00:00,1775174400,3737718.0,3663562,326,298,624,2.0241502668714215,74156.0,46273344.0,46273344.0,2026-08-07T15:43:50.620276+00:00,timeseries_24h,12929,"{""timestamp"": 1775174400, ""avgHighPrice"": 3737718, ""avgLowPrice"": 3663562, ""highPriceVolume"": 326, ""lowPriceVolume"": 298}"
2026-04-04 00:00:00+00:00,1775260800,3747141.0,3675548,222,178,400,1.947818393338898,71593.0,28637200.0,28637200.0,2026-08-07T15:43:50.620276+00:00,timeseries_24h,12929,"{""timestamp"": 1775260800, ""avgHighPrice"": 3747141, ""avgLowPrice"": 3675548, ""highPriceVolume"": 222, ""lowPriceVolume"": 178}"
2026-04-05 00:00:00+00:00,1775347200,3764316.0,3688108,271,181,452,2.0663169299814435,76208.0,34446016.0,34446016.0,2026-08-07T15:43:50.620276+00:00,timeseries_24h,12929,"{""timestamp"": 1775347200, ""avgHighPrice"": 3764316, ""avgLowPrice"": 3688108, ""highPriceVolume"": 271, ""lowPriceVolume"": 181}"
2026-04-06 00:00:00+00:00,1775433600,3703232.0,3616603,248,177,425,2.395314055758954,86629.0,36817325.0,36817325.0,2026-08-07T15:43:50.620276+00:00,timeseries_24h,12929,"{""timestamp"": 1775433600, ""avgHighPrice"": 3703232, ""avgLowPrice"": 3616603, ""highPriceVolume"": 248, ""lowPriceVolume"": 177}"
2026-04-07 00:00:00+00:00,1775520000,3713493.0,3632979,191,177,368,2.216197781490066,80514.0,29629152.0,29629152.0,2026-08-07T15:43:50.620276+00:00,timeseries_24h,12929,"{""timestamp"": 1775520000, ""avgHighPrice"": 3713493, ""avgLowPrice"": 3632979, ""highPriceVolume"": 191, ""lowPriceVolume"": 177}"
2026-04-08 00:00:00+00:00,1775606400,3693361.0,3621370,637,553,1190,1.9879493120007068,71991.0,85669290.0,85669290.0,2026-08-07T15:43:50.620276+00:00,timeseries_24h,12929,"{""timestamp"": 1775606400, ""avgHighPrice"": 3693361, ""avgLowPrice"": 3621370, ""highPriceVolume"": 637, ""lowPriceVolume"": 553}"
2026-04-09 00:00:00+00:00,1775692800,3598183.0,3563809,638,644,1282,0.9645298050484749,34374.0,44067468.0,44067468.0,2026-08-07T15:43:50.620276+00:00,timeseries_24h,12929,"{""timestamp"": 1775692800, ""avgHighPrice"": 3598183, ""avgLowPrice"": 3563809, ""highPriceVolume"": 638, ""lowPriceVolume"": 644}"
2026-04-10 00:00:00+00:00,1775779200,3655639.0,3589410,729,547,1276,1.8451221788539065,66229.0,84508204.0,84508204.0,2026-08-07T15:43:50.620276+00:00,timeseries_24h,12929,"{""timestamp"": 1775779200, ""avgHighPrice"": 3655639, ""avgLowPrice"": 3589410, ""highPriceVolume"": 729, ""lowPriceVolume"": 547}"
2026-04-11 00:00:00+00:00,1775865600,3653731.0,3588917,216,181,397,1.8059487026309051,64814.0,25731158.0,25731158.0,2026-08-07T15:43:50.620276+00:00,timeseries_24h,12929,"{""timestamp"": 1775865600, ""avgHighPrice"": 3653731, ""avgLowPrice"": 3588917, ""highPriceVolume"": 216, ""lowPriceVolume"": 181}"
2026-04-12 00:00:00+00:00,1775952000,3608752.0,3526980,464,377,841,2.3184707596867575,81772.0,68770252.0,68770252.0,2026-08-07T15:43:50.620276+00:00,timeseries_24h,12929,"{""timestamp"": 1775952000, ""avgHighPrice"": 3608752, ""avgLowPrice"": 3526980, ""highPriceVolume"": 464, ""lowPriceVolume"": 377}"
2026-04-13 00:00:00+00:00,1776038400,3577859.0,3505640,746,597,1343,2.0600803277005055,72219.0,96990117.0,96990117.0,2026-08-07T15:43:50.620276+00:00,timeseries_24h,12929,"{""timestamp"": 1776038400, ""avgHighPrice"": 3577859, ""avgLowPrice"": 3505640, ""highPriceVolume"": 746, ""lowPriceVolume"": 597}"
2026-04-14 00:00:00+00:00,1776124800,3584025.0,3501972,162,182,344,2.343051286532274,82053.0,28226232.0,28226232.0,2026-08-07T15:43:50.620276+00:00,timeseries_24h,12929,"{""timestamp"": 1776124800, ""avgHighPrice"": 3584025, ""avgLowPrice"": 3501972, ""highPriceVolume"": 162, ""lowPriceVolume"": 182}"
2026-04-15 00:00:00+00:00,1776211200,3591120.0,3512947,518,499,1017,2.2252826473043856,78173.0,79501941.0,79501941.0,2026-08-07T15:43:50.620276+00:00,timeseries_24h,12929,"{""timestamp"": 1776211200, ""avgHighPrice"": 3591120, ""avgLowPrice"": 3512947, ""highPriceVolume"": 518, ""lowPriceVolume"": 499}"
2026-04-16 00:00:00+00:00,1776297600,3605559.0,3529671,400,409,809,2.1500020823470516,75888.0,61393392.0,61393392.0,2026-08-07T15:43:50.620276+00:00,timeseries_24h,12929,"{""timestamp"": 1776297600, ""avgHighPrice"": 3605559, ""avgLowPrice"": 3529671, ""highPriceVolume"": 400, ""lowPriceVolume"": 409}"
2026-04-17 00:00:00+00:00,1776384000,3602788.0,3526923,438,453,891,2.1510251287028384,75865.0,67595715.0,67595715.0,2026-08-07T15:43:50.620276+00:00,timeseries_24h,12929,"{""timestamp"": 1776384000, ""avgHighPrice"": 3602788, ""avgLowPrice"": 3526923, ""highPriceVolume"": 438, ""lowPriceVolume"": 453}"
2026-04-18 00:00:00+00:00,1776470400,3623203.0,3550515,257,189,446,2.047252300018448,72688.0,32418848.0,32418848.0,2026-08-07T15:43:50.620276+00:00,timeseries_24h,12929,"{""timestamp"": 1776470400, ""avgHighPrice"": 3623203, ""avgLowPrice"": 3550515, ""highPriceVolume"": 257, ""lowPriceVolume"": 189}"
2026-04-19 00:00:00+00:00,1776556800,3585891.0,3510247,145,138,283,2.1549480706058577,75644.0,21407252.0,21407252.0,2026-08-07T15:43:50.620276+00:00,timeseries_24h,12929,"{""timestamp"": 1776556800, ""avgHighPrice"": 3585891, ""avgLowPrice"": 3510247, ""highPriceVolume"": 145, ""lowPriceVolume"": 138}"
2026-04-20 00:00:00+00:00,1776643200,3665547.0,3594745,424,406,830,1.9695972871511054,70802.0,58765660.0,58765660.0,2026-08-07T15:43:50.620276+00:00,timeseries_24h,12929,"{""timestamp"": 1776643200, ""avgHighPrice"": 3665547, ""avgLowPrice"": 3594745, ""highPriceVolume"": 424, ""lowPriceVolume"": 406}"
2026-04-21 00:00:00+00:00,1776729600,3648607.0,3571914,415,373,788,2.147112164514599,76693.0,60434084.0,60434084.0,2026-08-07T15:43:50.620276+00:00,timeseries_24h,12929,"{""timestamp"": 1776729600, ""avgHighPrice"": 3648607, ""avgLowPrice"": 3571914, ""highPriceVolume"": 415, ""lowPriceVolume"": 373}"
2026-04-22 00:00:00+00:00,1776816000,3664717.0,3592038,264,237,501,2.0233360560216793,72679.0,36412179.0,36412179.0,2026-08-07T15:43:50.620276+00:00,timeseries_24h,12929,"{""timestamp"": 1776816000, ""avgHighPrice"": 3664717, ""avgLowPrice"": 3592038, ""highPriceVolume"": 264, ""lowPriceVolume"": 237}"
2026-04-23 00:00:00+00:00,1776902400,3728327.0,3648713,187,185,372,2.181974849762094,79614.0,29616408.0,29616408.0,2026-08-07T15:43:50.620276+00:00,timeseries_24h,12929,"{""timestamp"": 1776902400, ""avgHighPrice"": 3728327, ""avgLowPrice"": 3648713, ""highPriceVolume"": 187, ""lowPriceVolume"": 185}"
2026-04-24 00:00:00+00:00,1776988800,3778329.0,3702203,196,133,329,2.056235165926882,76126.0,25045454.0,25045454.0,2026-08-07T15:43:50.620276+00:00,timeseries_24h,12929,"{""timestamp"": 1776988800, ""avgHighPrice"": 3778329, ""avgLowPrice"": 3702203, ""highPriceVolume"": 196, ""lowPriceVolume"": 133}"
2026-04-25 00:00:00+00:00,1777075200,3819017.0,3737523,246,190,436,2.1804280535531153,81494.0,35531384.0,35531384.0,2026-08-07T15:43:50.620276+00:00,timeseries_24h,12929,"{""timestamp"": 1777075200, ""avgHighPrice"": 3819017, ""avgLowPrice"": 3737523, ""highPriceVolume"": 246, ""lowPriceVolume"": 190}"
2026-04-26 00:00:00+00:00,1777161600,3809535.0,3734327,120,85,205,2.0139639619133516,75208.0,15417640.0,15417640.0,2026-08-07T15:43:50.620276+00:00,timeseries_24h,12929,"{""timestamp"": 1777161600, ""avgHighPrice"": 3809535, ""avgLowPrice"": 3734327, ""highPriceVolume"": 120, ""lowPriceVolume"": 85}"
2026-04-27 00:00:00+00:00,1777248000,3767414.0,3684882,451,346,797,2.2397460759937498,82532.0,65778004.0,65778004.0,2026-08-07T15:43:50.620276+00:00,timeseries_24h,12929,"{""timestamp"": 1777248000, ""avgHighPrice"": 3767414, ""avgLowPrice"": 3684882, ""highPriceVolume"": 451, ""lowPriceVolume"": 346}"
2026-04-28 00:00:00+00:00,1777334400,3749357.0,3659033,241,211,452,2.468521054606504,90324.0,40826448.0,40826448.0,2026-08-07T15:43:50.620276+00:00,timeseries_24h,12929,"{""timestamp"": 1777334400, ""avgHighPrice"": 3749357, ""avgLowPrice"": 3659033, ""highPriceVolume"": 241, ""lowPriceVolume"": 211}"
2026-04-29 00:00:00+00:00,1777420800,3748717.0,3667552,313,292,605,2.213056556525988,81165.0,49104825.0,49104825.0,2026-08-07T15:43:50.620276+00:00,timeseries_24h,12929,"{""timestamp"": 1777420800, ""avgHighPrice"": 3748717, ""avgLowPrice"": 3667552, ""highPriceVolume"": 313, ""lowPriceVolume"": 292}"
2026-04-30 00:00:00+00:00,1777507200,3720256.0,3650325,169,170,339,1.915747227986549,69931.0,23706609.0,23706609.0,2026-08-07T15:43:50.620276+00:00,timeseries_24h,12929,"{""timestamp"": 1777507200, ""avgHighPrice"": 3720256, ""avgLowPrice"": 3650325, ""highPriceVolume"": 169, ""lowPriceVolume"": 170}"
2026-05-01 00:00:00+00:00,1777593600,3896633.0,3806146,304,306,610,2.3773917238067064,90487.0,55197070.0,55197070.0,2026-08-07T15:43:50.620276+00:00,timeseries_24h,12929,"{""timestamp"": 1777593600, ""avgHighPrice"": 3896633, ""avgLowPrice"": 3806146, ""highPriceVolume"": 304, ""lowPriceVolume"": 306}"
2026-05-02 00:00:00+00:00,1777680000,3857251.0,3767493,113,76,189,2.3824330927754875,89758.0,16964262.0,16964262.0,2026-08-07T15:43:50.620276+00:00,timeseries_24h,12929,"{""timestamp"": 1777680000, ""avgHighPrice"": 3857251, ""avgLowPrice"": 3767493, ""highPriceVolume"": 113, ""lowPriceVolume"": 76}"
2026-05-03 00:00:00+00:00,1777766400,3867552.0,3782881,422,383,805,2.238267606091759,84671.0,68160155.0,68160155.0,2026-08-07T15:43:50.620276+00:00,timeseries_24h,12929,"{""timestamp"": 1777766400, ""avgHighPrice"": 3867552, ""avgLowPrice"": 3782881, ""highPriceVolume"": 422, ""lowPriceVolume"": 383}"
2026-05-04 00:00:00+00:00,1777852800,3764255.0,3684768,368,315,683,2.15717787388514,79487.0,54289621.0,54289621.0,2026-08-07T15:43:50.620276+00:00,timeseries_24h,12929,"{""timestamp"": 1777852800, ""avgHighPrice"": 3764255, ""avgLowPrice"": 3684768, ""highPriceVolume"": 368, ""lowPriceVolume"": 315}"
2026-05-05 00:00:00+00:00,1777939200,3764619.0,3693021,321,271,592,1.9387379600603407,71598.0,42386016.0,42386016.0,2026-08-07T15:43:50.620276+00:00,timeseries_24h,12929,"{""timestamp"": 1777939200, ""avgHighPrice"": 3764619, ""avgLowPrice"": 3693021, ""highPriceVolume"": 321, ""lowPriceVolume"": 271}"
2026-05-06 00:00:00+00:00,1778025600,3774425.0,3690844,223,162,385,2.2645497886120354,83581.0,32178685.0,32178685.0,2026-08-07T15:43:50.620276+00:00,timeseries_24h,12929,"{""timestamp"": 1778025600, ""avgHighPrice"": 3774425, ""avgLowPrice"": 3690844, ""highPriceVolume"": 223, ""lowPriceVolume"": 162}"
2026-05-07 00:00:00+00:00,1778112000,3703970.0,3625013,214,224,438,2.178116326755242,78957.0,34583166.0,34583166.0,2026-08-07T15:43:50.620276+00:00,timeseries_24h,12929,"{""timestamp"": 1778112000, ""avgHighPrice"": 3703970, ""avgLowPrice"": 3625013, ""highPriceVolume"": 214, ""lowPriceVolume"": 224}"
2026-05-08 00:00:00+00:00,1778198400,3737486.0,3662512,375,380,755,2.047064965247895,74974.0,56605370.0,56605370.0,2026-08-07T15:43:50.620276+00:00,timeseries_24h,12929,"{""timestamp"": 1778198400, ""avgHighPrice"": 3737486, ""avgLowPrice"": 3662512, ""highPriceVolume"": 375, ""lowPriceVolume"": 380}"
2026-05-09 00:00:00+00:00,1778284800,3746222.0,3677602,220,203,423,1.8658897836144315,68620.0,29026260.0,29026260.0,2026-08-07T15:43:50.620276+00:00,timeseries_24h,12929,"{""timestamp"": 1778284800, ""avgHighPrice"": 3746222, ""avgLowPrice"": 3677602, ""highPriceVolume"": 220, ""lowPriceVolume"": 203}"
2026-05-10 00:00:00+00:00,1778371200,3761655.0,3690369,171,163,334,1.9316767510240844,71286.0,23809524.0,23809524.0,2026-08-07T15:43:50.620276+00:00,timeseries_24h,12929,"{""timestamp"": 1778371200, ""avgHighPrice"": 3761655, ""avgLowPrice"": 3690369, ""highPriceVolume"": 171, ""lowPriceVolume"": 163}"
2026-05-11 00:00:00+00:00,1778457600,3752078.0,3673746,192,171,363,2.1322105556562705,78332.0,28434516.0,28434516.0,2026-08-07T15:43:50.620276+00:00,timeseries_24h,12929,"{""timestamp"": 1778457600, ""avgHighPrice"": 3752078, ""avgLowPrice"": 3673746, ""highPriceVolume"": 192, ""lowPriceVolume"": 171}"
2026-05-12 00:00:00+00:00,1778544000,3743355.0,3676238,207,186,393,1.8256979009520058,67117.0,26376981.0,26376981.0,2026-08-07T15:43:50.620276+00:00,timeseries_24h,12929,"{""timestamp"": 1778544000, ""avgHighPrice"": 3743355, ""avgLowPrice"": 3676238, ""highPriceVolume"": 207, ""lowPriceVolume"": 186}"
2026-05-13 00:00:00+00:00,1778630400,3733130.0,3656403,164,120,284,2.0984284281573995,76727.0,21790468.0,21790468.0,2026-08-07T15:43:50.620276+00:00,timeseries_24h,12929,"{""timestamp"": 1778630400, ""avgHighPrice"": 3733130, ""avgLowPrice"": 3656403, ""highPriceVolume"": 164, ""lowPriceVolume"": 120}"
2026-05-14 00:00:00+00:00,1778716800,3720556.0,3645471,151,121,272,2.0596789824963633,75085.0,20423120.0,20423120.0,2026-08-07T15:43:50.620276+00:00,timeseries_24h,12929,"{""timestamp"": 1778716800, ""avgHighPrice"": 3720556, ""avgLowPrice"": 3645471, ""highPriceVolume"": 151, ""lowPriceVolume"": 121}"
2026-05-15 00:00:00+00:00,1778803200,3719462.0,3641384,142,134,276,2.144184738549958,78078.0,21549528.0,21549528.0,2026-08-07T15:43:50.620276+00:00,timeseries_24h,12929,"{""timestamp"": 1778803200, ""avgHighPrice"": 3719462, ""avgLowPrice"": 3641384, ""highPriceVolume"": 142, ""lowPriceVolume"": 134}"
2026-05-16 00:00:00+00:00,1778889600,3685233.0,3604514,103,146,249,2.239386502590918,80719.0,20099031.0,20099031.0,2026-08-07T15:43:50.620276+00:00,timeseries_24h,12929,"{""timestamp"": 1778889600, ""avgHighPrice"": 3685233, ""avgLowPrice"": 3604514, ""highPriceVolume"": 103, ""lowPriceVolume"": 146}"
2026-05-17 00:00:00+00:00,1778976000,3630367.0,3544562,209,157,366,2.4207504340451655,85805.0,31404630.0,31404630.0,2026-08-07T15:43:50.620276+00:00,timeseries_24h,12929,"{""timestamp"": 1778976000, ""avgHighPrice"": 3630367, ""avgLowPrice"": 3544562, ""highPriceVolume"": 209, ""lowPriceVolume"": 157}"
2026-05-18 00:00:00+00:00,1779062400,3623480.0,3550380,150,115,265,2.0589345365848164,73100.0,19371500.0,19371500.0,2026-08-07T15:43:50.620276+00:00,timeseries_24h,12929,"{""timestamp"": 1779062400, ""avgHighPrice"": 3623480, ""avgLowPrice"": 3550380, ""highPriceVolume"": 150, ""lowPriceVolume"": 115}"
2026-05-19 00:00:00+00:00,1779148800,3633865.0,3561159,165,137,302,2.0416386912238407,72706.0,21957212.0,21957212.0,2026-08-07T15:43:50.620276+00:00,timeseries_24h,12929,"{""timestamp"": 1779148800, ""avgHighPrice"": 3633865, ""avgLowPrice"": 3561159, ""highPriceVolume"": 165, ""lowPriceVolume"": 137}"
2026-05-20 00:00:00+00:00,1779235200,3625453.0,3536392,75,63,138,2.5184142481942047,89061.0,12290418.0,12290418.0,2026-08-07T15:43:50.620276+00:00,timeseries_24h,12929,"{""timestamp"": 1779235200, ""avgHighPrice"": 3625453, ""avgLowPrice"": 3536392, ""highPriceVolume"": 75, ""lowPriceVolume"": 63}"
2026-05-21 00:00:00+00:00,1779321600,3598407.0,3521838,150,105,255,2.174120445063061,76569.0,19525095.0,19525095.0,2026-08-07T15:43:50.620276+00:00,timeseries_24h,12929,"{""timestamp"": 1779321600, ""avgHighPrice"": 3598407, ""avgLowPrice"": 3521838, ""highPriceVolume"": 150, ""lowPriceVolume"": 105}"
2026-05-22 00:00:00+00:00,1779408000,3606817.0,3536600,144,127,271,1.9854379912910705,70217.0,19028807.0,19028807.0,2026-08-07T15:43:50.620276+00:00,timeseries_24h,12929,"{""timestamp"": 1779408000, ""avgHighPrice"": 3606817, ""avgLowPrice"": 3536600, ""highPriceVolume"": 144, ""lowPriceVolume"": 127}"
2026-05-23 00:00:00+00:00,1779494400,3631973.0,3554628,38,22,60,2.1758957618068613,77345.0,4640700.0,4640700.0,2026-08-07T15:43:50.620276+00:00,timeseries_24h,12929,"{""timestamp"": 1779494400, ""avgHighPrice"": 3631973, ""avgLowPrice"": 3554628, ""highPriceVolume"": 38, ""lowPriceVolume"": 22}"
2026-05-24 00:00:00+00:00,1779580800,3658216.0,3587657,107,65,172,1.9667153242352877,70559.0,12136148.0,12136148.0,2026-08-07T15:43:50.620276+00:00,timeseries_24h,12929,"{""timestamp"": 1779580800, ""avgHighPrice"": 3658216, ""avgLowPrice"": 3587657, ""highPriceVolume"": 107, ""lowPriceVolume"": 65}"
2026-05-25 00:00:00+00:00,1779667200,3658931.0,3581418,84,85,169,2.16431033741384,77513.0,13099697.0,13099697.0,2026-08-07T15:43:50.620276+00:00,timeseries_24h,12929,"{""timestamp"": 1779667200, ""avgHighPrice"": 3658931, ""avgLowPrice"": 3581418, ""highPriceVolume"": 84, ""lowPriceVolume"": 85}"
2026-05-26 00:00:00+00:00,1779753600,3662151.0,3589449,120,90,210,2.025436215976324,72702.0,15267420.0,15267420.0,2026-08-07T15:43:50.620276+00:00,timeseries_24h,12929,"{""timestamp"": 1779753600, ""avgHighPrice"": 3662151, ""avgLowPrice"": 3589449, ""highPriceVolume"": 120, ""lowPriceVolume"": 90}"
2026-05-27 00:00:00+00:00,1779840000,3669334.0,3588695,92,70,162,2.2470285159368517,80639.0,13063518.0,13063518.0,2026-08-07T15:43:50.620276+00:00,timeseries_24h,12929,"{""timestamp"": 1779840000, ""avgHighPrice"": 3669334, ""avgLowPrice"": 3588695, ""highPriceVolume"": 92, ""lowPriceVolume"": 70}"
2026-05-28 00:00:00+00:00,1779926400,3642005.0,3572588,52,53,105,1.9430452098030897,69417.0,7288785.0,7288785.0,2026-08-07T15:43:50.620276+00:00,timeseries_24h,12929,"{""timestamp"": 1779926400, ""avgHighPrice"": 3642005, ""avgLowPrice"": 3572588, ""highPriceVolume"": 52, ""lowPriceVolume"": 53}"
2026-05-29 00:00:00+00:00,1780012800,3677321.0,3602446,315,241,556,2.0784489205389893,74875.0,41630500.0,41630500.0,2026-08-07T15:43:50.620276+00:00,timeseries_24h,12929,"{""timestamp"": 1780012800, ""avgHighPrice"": 3677321, ""avgLowPrice"": 3602446, ""highPriceVolume"": 315, ""lowPriceVolume"": 241}"
2026-05-30 00:00:00+00:00,1780099200,3689015.0,3627658,150,162,312,1.6913667164876072,61357.0,19143384.0,19143384.0,2026-08-07T15:43:50.620276+00:00,timeseries_24h,12929,"{""timestamp"": 1780099200, ""avgHighPrice"": 3689015, ""avgLowPrice"": 3627658, ""highPriceVolume"": 150, ""lowPriceVolume"": 162}"
2026-05-31 00:00:00+00:00,1780185600,3730262.0,3653987,166,163,329,2.087445850245225,76275.0,25094475.0,25094475.0,2026-08-07T15:43:50.620276+00:00,timeseries_24h,12929,"{""timestamp"": 1780185600, ""avgHighPrice"": 3730262, ""avgLowPrice"": 3653987, ""highPriceVolume"": 166, ""lowPriceVolume"": 163}"
2026-06-01 00:00:00+00:00,1780272000,3718249.0,3647261,84,78,162,1.9463372651422532,70988.0,11500056.0,11500056.0,2026-08-07T15:43:50.620276+00:00,timeseries_24h,12929,"{""timestamp"": 1780272000, ""avgHighPrice"": 3718249, ""avgLowPrice"": 3647261, ""highPriceVolume"": 84, ""lowPriceVolume"": 78}"
2026-06-02 00:00:00+00:00,1780358400,3750707.0,3669745,259,202,461,2.20620233830961,80962.0,37323482.0,37323482.0,2026-08-07T15:43:50.620276+00:00,timeseries_24h,12929,"{""timestamp"": 1780358400, ""avgHighPrice"": 3750707, ""avgLowPrice"": 3669745, ""highPriceVolume"": 259, ""lowPriceVolume"": 202}"
2026-06-03 00:00:00+00:00,1780444800,3676018.0,3592559,148,148,296,2.3231072892609417,83459.0,24703864.0,24703864.0,2026-08-07T15:43:50.620276+00:00,timeseries_24h,12929,"{""timestamp"": 1780444800, ""avgHighPrice"": 3676018, ""avgLowPrice"": 3592559, ""highPriceVolume"": 148, ""lowPriceVolume"": 148}"
2026-06-04 00:00:00+00:00,1780531200,3734926.0,3653596,163,134,297,2.22602608498586,81330.0,24155010.0,24155010.0,2026-08-07T15:43:50.620276+00:00,timeseries_24h,12929,"{""timestamp"": 1780531200, ""avgHighPrice"": 3734926, ""avgLowPrice"": 3653596, ""highPriceVolume"": 163, ""lowPriceVolume"": 134}"
2026-06-05 00:00:00+00:00,1780617600,3731903.0,3651769,96,111,207,2.1943885278614284,80134.0,16587738.0,16587738.0,2026-08-07T15:43:50.620276+00:00,timeseries_24h,12929,"{""timestamp"": 1780617600, ""avgHighPrice"": 3731903, ""avgLowPrice"": 3651769, ""highPriceVolume"": 96, ""lowPriceVolume"": 111}"
2026-06-06 00:00:00+00:00,1780704000,3691183.0,3623145,91,103,194,1.8778712968981366,68038.0,13199372.0,13199372.0,2026-08-07T15:43:50.620276+00:00,timeseries_24h,12929,"{""timestamp"": 1780704000, ""avgHighPrice"": 3691183, ""avgLowPrice"": 3623145, ""highPriceVolume"": 91, ""lowPriceVolume"": 103}"
2026-06-07 00:00:00+00:00,1780790400,3695975.0,3616480,125,80,205,2.198131885147989,79495.0,16296475.0,16296475.0,2026-08-07T15:43:50.620276+00:00,timeseries_24h,12929,"{""timestamp"": 1780790400, ""avgHighPrice"": 3695975, ""avgLowPrice"": 3616480, ""highPriceVolume"": 125, ""lowPriceVolume"": 80}"
2026-06-08 00:00:00+00:00,1780876800,3677308.0,3600230,139,174,313,2.140918774633843,77078.0,24125414.0,24125414.0,2026-08-07T15:43:50.620276+00:00,timeseries_24h,12929,"{""timestamp"": 1780876800, ""avgHighPrice"": 3677308, ""avgLowPrice"": 3600230, ""highPriceVolume"": 139, ""lowPriceVolume"": 174}"
2026-06-09 00:00:00+00:00,1780963200,3540088.0,3472934,93,64,157,1.9336388195111107,67154.0,10543178.0,10543178.0,2026-08-07T15:43:50.620276+00:00,timeseries_24h,12929,"{""timestamp"": 1780963200, ""avgHighPrice"": 3540088, ""avgLowPrice"": 3472934, ""highPriceVolume"": 93, ""lowPriceVolume"": 64}"
2026-06-10 00:00:00+00:00,1781049600,3674376.0,3583613,107,67,174,2.5327232600171947,90763.0,15792762.0,15792762.0,2026-08-07T15:43:50.620276+00:00,timeseries_24h,12929,"{""timestamp"": 1781049600, ""avgHighPrice"": 3674376, ""avgLowPrice"": 3583613, ""highPriceVolume"": 107, ""lowPriceVolume"": 67}"
2026-06-11 00:00:00+00:00,1781136000,3656612.0,3588699,164,112,276,1.8924128214709564,67913.0,18743988.0,18743988.0,2026-08-07T15:43:50.620276+00:00,timeseries_24h,12929,"{""timestamp"": 1781136000, ""avgHighPrice"": 3656612, ""avgLowPrice"": 3588699, ""highPriceVolume"": 164, ""lowPriceVolume"": 112}"
2026-06-12 00:00:00+00:00,1781222400,3674528.0,3600052,93,97,190,2.0687478958637264,74476.0,14150440.0,14150440.0,2026-08-07T15:43:50.620276+00:00,timeseries_24h,12929,"{""timestamp"": 1781222400, ""avgHighPrice"": 3674528, ""avgLowPrice"": 3600052, ""highPriceVolume"": 93, ""lowPriceVolume"": 97}"
2026-06-13 00:00:00+00:00,1781308800,3672322.0,3603505,103,76,179,1.909724004823082,68817.0,12318243.0,12318243.0,2026-08-07T15:43:50.620276+00:00,timeseries_24h,12929,"{""timestamp"": 1781308800, ""avgHighPrice"": 3672322, ""avgLowPrice"": 3603505, ""highPriceVolume"": 103, ""lowPriceVolume"": 76}"
2026-06-14 00:00:00+00:00,1781395200,3691184.0,3621725,116,65,181,1.917843016794483,69459.0,12572079.0,12572079.0,2026-08-07T15:43:50.620276+00:00,timeseries_24h,12929,"{""timestamp"": 1781395200, ""avgHighPrice"": 3691184, ""avgLowPrice"": 3621725, ""highPriceVolume"": 116, ""lowPriceVolume"": 65}"
2026-06-15 00:00:00+00:00,1781481600,3669709.0,3612202,93,78,171,1.5920206012842029,57507.0,9833697.0,9833697.0,2026-08-07T15:43:50.620276+00:00,timeseries_24h,12929,"{""timestamp"": 1781481600, ""avgHighPrice"": 3669709, ""avgLowPrice"": 3612202, ""highPriceVolume"": 93, ""lowPriceVolume"": 78}"
2026-06-16 00:00:00+00:00,1781568000,3731129.0,3652642,135,92,227,2.148773408398633,78487.0,17816549.0,17816549.0,2026-08-07T15:43:50.620276+00:00,timeseries_24h,12929,"{""timestamp"": 1781568000, ""avgHighPrice"": 3731129, ""avgLowPrice"": 3652642, ""highPriceVolume"": 135, ""lowPriceVolume"": 92}"
2026-06-17 00:00:00+00:00,1781654400,3828458.0,3741898,134,153,287,2.313264551839735,86560.0,24842720.0,24842720.0,2026-08-07T15:43:50.620276+00:00,timeseries_24h,12929,"{""timestamp"": 1781654400, ""avgHighPrice"": 3828458, ""avgLowPrice"": 3741898, ""highPriceVolume"": 134, ""lowPriceVolume"": 153}"
2026-06-18 00:00:00+00:00,1781740800,3767805.0,3692815,21,18,39,2.030700156926356,74990.0,2924610.0,2924610.0,2026-08-07T15:43:50.620276+00:00,timeseries_24h,12929,"{""timestamp"": 1781740800, ""avgHighPrice"": 3767805, ""avgLowPrice"": 3692815, ""highPriceVolume"": 21, ""lowPriceVolume"": 18}"
2026-06-19 00:00:00+00:00,1781827200,3718406.0,3627221,90,100,190,2.513908030417777,91185.0,17325150.0,17325150.0,2026-08-07T15:43:50.620276+00:00,timeseries_24h,12929,"{""timestamp"": 1781827200, ""avgHighPrice"": 3718406, ""avgLowPrice"": 3627221, ""highPriceVolume"": 90, ""lowPriceVolume"": 100}"
2026-06-20 00:00:00+00:00,1781913600,3697908.0,3622369,114,78,192,2.0853480139654463,75539.0,14503488.0,14503488.0,2026-08-07T15:43:50.620276+00:00,timeseries_24h,12929,"{""timestamp"": 1781913600, ""avgHighPrice"": 3697908, ""avgLowPrice"": 3622369, ""highPriceVolume"": 114, ""lowPriceVolume"": 78}"
2026-06-21 00:00:00+00:00,1782000000,3671553.0,3594020,243,172,415,2.157277922771715,77533.0,32176195.0,32176195.0,2026-08-07T15:43:50.620276+00:00,timeseries_24h,12929,"{""timestamp"": 1782000000, ""avgHighPrice"": 3671553, ""avgLowPrice"": 3594020, ""highPriceVolume"": 243, ""lowPriceVolume"": 172}"
2026-06-22 00:00:00+00:00,1782086400,3710265.0,3638904,48,31,79,1.9610575052268486,71361.0,5637519.0,5637519.0,2026-08-07T15:43:50.620276+00:00,timeseries_24h,12929,"{""timestamp"": 1782086400, ""avgHighPrice"": 3710265, ""avgLowPrice"": 3638904, ""highPriceVolume"": 48, ""lowPriceVolume"": 31}"
2026-06-23 00:00:00+00:00,1782172800,3671466.0,3605617,86,81,167,1.8262893701688228,65849.0,10996783.0,10996783.0,2026-08-07T15:43:50.620276+00:00,timeseries_24h,12929,"{""timestamp"": 1782172800, ""avgHighPrice"": 3671466, ""avgLowPrice"": 3605617, ""highPriceVolume"": 86, ""lowPriceVolume"": 81}"
2026-06-24 00:00:00+00:00,1782259200,3654681.0,3584956,148,162,310,1.9449332153588497,69725.0,21614750.0,21614750.0,2026-08-07T15:43:50.620276+00:00,timeseries_24h,12929,"{""timestamp"": 1782259200, ""avgHighPrice"": 3654681, ""avgLowPrice"": 3584956, ""highPriceVolume"": 148, ""lowPriceVolume"": 162}"
2026-06-25 00:00:00+00:00,1782345600,3618059.0,3539433,97,90,187,2.2214292515213594,78626.0,14703062.0,14703062.0,2026-08-07T15:43:50.620276+00:00,timeseries_24h,12929,"{""timestamp"": 1782345600, ""avgHighPrice"": 3618059, ""avgLowPrice"": 3539433, ""highPriceVolume"": 97, ""lowPriceVolume"": 90}"
2026-06-26 00:00:00+00:00,1782432000,3630448.0,3570002,169,137,306,1.6931643175550044,60446.0,18496476.0,18496476.0,2026-08-07T15:43:50.620276+00:00,timeseries_24h,12929,"{""timestamp"": 1782432000, ""avgHighPrice"": 3630448, ""avgLowPrice"": 3570002, ""highPriceVolume"": 169, ""lowPriceVolume"": 137}"
2026-06-27 00:00:00+00:00,1782518400,3621097.0,3535155,119,88,207,2.431067378940952,85942.0,17789994.0,17789994.0,2026-08-07T15:43:50.620276+00:00,timeseries_24h,12929,"{""timestamp"": 1782518400, ""avgHighPrice"": 3621097, ""avgLowPrice"": 3535155, ""highPriceVolume"": 119, ""lowPriceVolume"": 88}"
2026-06-28 00:00:00+00:00,1782604800,3599335.0,3533510,108,106,214,1.8628785541854982,65825.0,14086550.0,14086550.0,2026-08-07T15:43:50.620276+00:00,timeseries_24h,12929,"{""timestamp"": 1782604800, ""avgHighPrice"": 3599335, ""avgLowPrice"": 3533510, ""highPriceVolume"": 108, ""lowPriceVolume"": 106}"
2026-06-29 00:00:00+00:00,1782691200,3588641.0,3507162,175,164,339,2.323217461868029,81479.0,27621381.0,27621381.0,2026-08-07T15:43:50.620276+00:00,timeseries_24h,12929,"{""timestamp"": 1782691200, ""avgHighPrice"": 3588641, ""avgLowPrice"": 3507162, ""highPriceVolume"": 175, ""lowPriceVolume"": 164}"
2026-06-30 00:00:00+00:00,1782777600,3617513.0,3550659,144,89,233,1.8828617448197644,66854.0,15576982.0,15576982.0,2026-08-07T15:43:50.620276+00:00,timeseries_24h,12929,"{""timestamp"": 1782777600, ""avgHighPrice"": 3617513, ""avgLowPrice"": 3550659, ""highPriceVolume"": 144, ""lowPriceVolume"": 89}"
2026-07-01 00:00:00+00:00,1782864000,,3436346,0,3,3,,,,,2026-08-07T15:43:50.620276+00:00,timeseries_24h,12929,"{""timestamp"": 1782864000, ""avgHighPrice"": null, ""avgLowPrice"": 3436346, ""highPriceVolume"": 0, ""lowPriceVolume"": 3}"
2026-07-02 00:00:00+00:00,1782950400,3492871.0,3408640,39,35,74,2.4711028445362375,84231.0,6233094.0,6233094.0,2026-08-07T15:43:50.620276+00:00,timeseries_24h,12929,"{""timestamp"": 1782950400, ""avgHighPrice"": 3492871, ""avgLowPrice"": 3408640, ""highPriceVolume"": 39, ""lowPriceVolume"": 35}"
2026-07-03 00:00:00+00:00,1783036800,3652176.0,3553384,57,35,92,2.780223021210204,98792.0,9088864.0,9088864.0,2026-08-07T15:43:50.620276+00:00,timeseries_24h,12929,"{""timestamp"": 1783036800, ""avgHighPrice"": 3652176, ""avgLowPrice"": 3553384, ""highPriceVolume"": 57, ""lowPriceVolume"": 35}"
2026-07-04 00:00:00+00:00,1783123200,3897284.0,3779108,158,159,317,3.127087132730792,118176.0,37461792.0,37461792.0,2026-08-07T15:43:50.620276+00:00,timeseries_24h,12929,"{""timestamp"": 1783123200, ""avgHighPrice"": 3897284, ""avgLowPrice"": 3779108, ""highPriceVolume"": 158, ""lowPriceVolume"": 159}"
2026-07-05 00:00:00+00:00,1783209600,3880010.0,3793945,136,98,234,2.2684830697334832,86065.0,20139210.0,20139210.0,2026-08-07T15:43:50.620276+00:00,timeseries_24h,12929,"{""timestamp"": 1783209600, ""avgHighPrice"": 3880010, ""avgLowPrice"": 3793945, ""highPriceVolume"": 136, ""lowPriceVolume"": 98}"
2026-07-06 00:00:00+00:00,1783296000,3888269.0,3805256,147,130,277,2.181535223911348,83013.0,22994601.0,22994601.0,2026-08-07T15:43:50.620276+00:00,timeseries_24h,12929,"{""timestamp"": 1783296000, ""avgHighPrice"": 3888269, ""avgLowPrice"": 3805256, ""highPriceVolume"": 147, ""lowPriceVolume"": 130}"
2026-07-07 00:00:00+00:00,1783382400,3904376.0,3816551,111,139,250,2.3011614413118022,87825.0,21956250.0,21956250.0,2026-08-07T15:43:50.620276+00:00,timeseries_24h,12929,"{""timestamp"": 1783382400, ""avgHighPrice"": 3904376, ""avgLowPrice"": 3816551, ""highPriceVolume"": 111, ""lowPriceVolume"": 139}"
2026-07-08 00:00:00+00:00,1783468800,3893314.0,3816131,111,81,192,2.022545871721909,77183.0,14819136.0,14819136.0,2026-08-07T15:43:50.620276+00:00,timeseries_24h,12929,"{""timestamp"": 1783468800, ""avgHighPrice"": 3893314, ""avgLowPrice"": 3816131, ""highPriceVolume"": 111, ""lowPriceVolume"": 81}"
2026-07-09 00:00:00+00:00,1783555200,3916307.0,3848419,124,91,215,1.7640490809342748,67888.0,14595920.0,14595920.0,2026-08-07T15:43:50.620276+00:00,timeseries_24h,12929,"{""timestamp"": 1783555200, ""avgHighPrice"": 3916307, ""avgLowPrice"": 3848419, ""highPriceVolume"": 124, ""lowPriceVolume"": 91}"
2026-07-10 00:00:00+00:00,1783641600,3887108.0,3809375,125,100,225,2.0405709598031176,77733.0,17489925.0,17489925.0,2026-08-07T15:43:50.620276+00:00,timeseries_24h,12929,"{""timestamp"": 1783641600, ""avgHighPrice"": 3887108, ""avgLowPrice"": 3809375, ""highPriceVolume"": 125, ""lowPriceVolume"": 100}"
2026-07-11 00:00:00+00:00,1783728000,3883583.0,3796445,183,138,321,2.295252532303247,87138.0,27971298.0,27971298.0,2026-08-07T15:43:50.620276+00:00,timeseries_24h,12929,"{""timestamp"": 1783728000, ""avgHighPrice"": 3883583, ""avgLowPrice"": 3796445, ""highPriceVolume"": 183, ""lowPriceVolume"": 138}"
2026-07-12 00:00:00+00:00,1783814400,3828451.0,3736266,126,105,231,2.4673029168694094,92185.0,21294735.0,21294735.0,2026-08-07T15:43:50.620276+00:00,timeseries_24h,12929,"{""timestamp"": 1783814400, ""avgHighPrice"": 3828451, ""avgLowPrice"": 3736266, ""highPriceVolume"": 126, ""lowPriceVolume"": 105}"
2026-07-13 00:00:00+00:00,1783900800,3707695.0,3612156,63,27,90,2.644930063928579,95539.0,8598510.0,8598510.0,2026-08-07T15:43:50.620276+00:00,timeseries_24h,12929,"{""timestamp"": 1783900800, ""avgHighPrice"": 3707695, ""avgLowPrice"": 3612156, ""highPriceVolume"": 63, ""lowPriceVolume"": 27}"
2026-07-14 00:00:00+00:00,1783987200,3631513.0,3539944,181,113,294,2.586735835369147,91569.0,26921286.0,26921286.0,2026-08-07T15:43:50.620276+00:00,timeseries_24h,12929,"{""timestamp"": 1783987200, ""avgHighPrice"": 3631513, ""avgLowPrice"": 3539944, ""highPriceVolume"": 181, ""lowPriceVolume"": 113}"
2026-07-15 00:00:00+00:00,1784073600,3614888.0,3526265,52,39,91,2.513225750191775,88623.0,8064693.0,8064693.0,2026-08-07T15:43:50.620276+00:00,timeseries_24h,12929,"{""timestamp"": 1784073600, ""avgHighPrice"": 3614888, ""avgLowPrice"": 3526265, ""highPriceVolume"": 52, ""lowPriceVolume"": 39}"
2026-07-16 00:00:00+00:00,1784160000,3600344.0,3521788,246,231,477,2.2305715165137707,78556.0,37471212.0,37471212.0,2026-08-07T15:43:50.620276+00:00,timeseries_24h,12929,"{""timestamp"": 1784160000, ""avgHighPrice"": 3600344, ""avgLowPrice"": 3521788, ""highPriceVolume"": 246, ""lowPriceVolume"": 231}"
2026-07-17 00:00:00+00:00,1784246400,3584213.0,3519146,50,36,86,1.8489428969414738,65067.0,5595762.0,5595762.0,2026-08-07T15:43:50.620276+00:00,timeseries_24h,12929,"{""timestamp"": 1784246400, ""avgHighPrice"": 3584213, ""avgLowPrice"": 3519146, ""highPriceVolume"": 50, ""lowPriceVolume"": 36}"
2026-07-18 00:00:00+00:00,1784332800,3676310.0,3582583,168,103,271,2.616185026278526,93727.0,25400017.0,25400017.0,2026-08-07T15:43:50.620276+00:00,timeseries_24h,12929,"{""timestamp"": 1784332800, ""avgHighPrice"": 3676310, ""avgLowPrice"": 3582583, ""highPriceVolume"": 168, ""lowPriceVolume"": 103}"
2026-07-19 00:00:00+00:00,1784419200,3710197.0,3646021,133,108,241,1.7601653967434638,64176.0,15466416.0,15466416.0,2026-08-07T15:43:50.620276+00:00,timeseries_24h,12929,"{""timestamp"": 1784419200, ""avgHighPrice"": 3710197, ""avgLowPrice"": 3646021, ""highPriceVolume"": 133, ""lowPriceVolume"": 108}"
2026-07-20 00:00:00+00:00,1784505600,3666176.0,3576469,30,32,62,2.508256048074232,89707.0,5561834.0,5561834.0,2026-08-07T15:43:50.620276+00:00,timeseries_24h,12929,"{""timestamp"": 1784505600, ""avgHighPrice"": 3666176, ""avgLowPrice"": 3576469, ""highPriceVolume"": 30, ""lowPriceVolume"": 32}"
2026-07-21 00:00:00+00:00,1784592000,3633246.0,3519865,31,20,51,3.221174675733302,113381.0,5782431.0,5782431.0,2026-08-07T15:43:50.620276+00:00,timeseries_24h,12929,"{""timestamp"": 1784592000, ""avgHighPrice"": 3633246, ""avgLowPrice"": 3519865, ""highPriceVolume"": 31, ""lowPriceVolume"": 20}"
2026-07-22 00:00:00+00:00,1784678400,3614649.0,3521151,70,63,133,2.655324920743246,93498.0,12435234.0,12435234.0,2026-08-07T15:43:50.620276+00:00,timeseries_24h,12929,"{""timestamp"": 1784678400, ""avgHighPrice"": 3614649, ""avgLowPrice"": 3521151, ""highPriceVolume"": 70, ""lowPriceVolume"": 63}"
2026-07-23 00:00:00+00:00,1784764800,3665983.0,3577004,160,137,297,2.48752866924387,88979.0,26426763.0,26426763.0,2026-08-07T15:43:50.620276+00:00,timeseries_24h,12929,"{""timestamp"": 1784764800, ""avgHighPrice"": 3665983, ""avgLowPrice"": 3577004, ""highPriceVolume"": 160, ""lowPriceVolume"": 137}"
2026-07-24 00:00:00+00:00,1784851200,3593297.0,3514772,847,737,1584,2.2341420723734,78525.0,124383600.0,124383600.0,2026-08-07T15:43:50.620276+00:00,timeseries_24h,12929,"{""timestamp"": 1784851200, ""avgHighPrice"": 3593297, ""avgLowPrice"": 3514772, ""highPriceVolume"": 847, ""lowPriceVolume"": 737}"
2026-07-25 00:00:00+00:00,1784937600,3474075.0,3386759,978,891,1869,2.5781580561238635,87316.0,163193604.0,163193604.0,2026-08-07T15:43:50.620276+00:00,timeseries_24h,12929,"{""timestamp"": 1784937600, ""avgHighPrice"": 3474075, ""avgLowPrice"": 3386759, ""highPriceVolume"": 978, ""lowPriceVolume"": 891}"
2026-07-26 00:00:00+00:00,1785024000,3410632.0,3333339,892,818,1710,2.318786058063701,77293.0,132171030.0,132171030.0,2026-08-07T15:43:50.620276+00:00,timeseries_24h,12929,"{""timestamp"": 1785024000, ""avgHighPrice"": 3410632, ""avgLowPrice"": 3333339, ""highPriceVolume"": 892, ""lowPriceVolume"": 818}"
2026-07-27 00:00:00+00:00,1785110400,3377518.0,3302225,907,807,1714,2.280068741530332,75293.0,129052202.0,129052202.0,2026-08-07T15:43:50.620276+00:00,timeseries_24h,12929,"{""timestamp"": 1785110400, ""avgHighPrice"": 3377518, ""avgLowPrice"": 3302225, ""highPriceVolume"": 907, ""lowPriceVolume"": 807}"
2026-07-28 00:00:00+00:00,1785196800,3299410.0,3219202,808,644,1452,2.491549147894416,80208.0,116462016.0,116462016.0,2026-08-07T15:43:50.620276+00:00,timeseries_24h,12929,"{""timestamp"": 1785196800, ""avgHighPrice"": 3299410, ""avgLowPrice"": 3219202, ""highPriceVolume"": 808, ""lowPriceVolume"": 644}"
2026-07-29 00:00:00+00:00,1785283200,3329114.0,3253446,705,769,1474,2.3257801113035224,75668.0,111534632.0,111534632.0,2026-08-07T15:43:50.620276+00:00,timeseries_24h,12929,"{""timestamp"": 1785283200, ""avgHighPrice"": 3329114, ""avgLowPrice"": 3253446, ""highPriceVolume"": 705, ""lowPriceVolume"": 769}"
2026-07-30 00:00:00+00:00,1785369600,3303757.0,3224268,822,773,1595,2.465334767457296,79489.0,126784955.0,126784955.0,2026-08-07T15:43:50.620276+00:00,timeseries_24h,12929,"{""timestamp"": 1785369600, ""avgHighPrice"": 3303757, ""avgLowPrice"": 3224268, ""highPriceVolume"": 822, ""lowPriceVolume"": 773}"
2026-07-31 00:00:00+00:00,1785456000,3188935.0,3112737,867,684,1551,2.447942116536026,76198.0,118183098.0,118183098.0,2026-08-07T15:43:50.620276+00:00,timeseries_24h,12929,"{""timestamp"": 1785456000, ""avgHighPrice"": 3188935, ""avgLowPrice"": 3112737, ""highPriceVolume"": 867, ""lowPriceVolume"": 684}"
2026-08-01 00:00:00+00:00,1785542400,3197225.0,3118230,950,878,1828,2.5333282022172834,78995.0,144402860.0,144402860.0,2026-08-07T15:43:50.620276+00:00,timeseries_24h,12929,"{""timestamp"": 1785542400, ""avgHighPrice"": 3197225, ""avgLowPrice"": 3118230, ""highPriceVolume"": 950, ""lowPriceVolume"": 878}"
2026-08-02 00:00:00+00:00,1785628800,3203727.0,3133450,1052,890,1942,2.2427994702324914,70277.0,136477934.0,136477934.0,2026-08-07T15:43:50.620276+00:00,timeseries_24h,12929,"{""timestamp"": 1785628800, ""avgHighPrice"": 3203727, ""avgLowPrice"": 3133450, ""highPriceVolume"": 1052, ""lowPriceVolume"": 890}"
2026-08-03 00:00:00+00:00,1785715200,3184797.0,3120651,758,730,1488,2.055532643669542,64146.0,95449248.0,95449248.0,2026-08-07T15:43:50.620276+00:00,timeseries_24h,12929,"{""timestamp"": 1785715200, ""avgHighPrice"": 3184797, ""avgLowPrice"": 3120651, ""highPriceVolume"": 758, ""lowPriceVolume"": 730}"
2026-08-04 00:00:00+00:00,1785801600,3215290.0,3148355,721,691,1412,2.1260308954993956,66935.0,94512220.0,94512220.0,2026-08-07T15:43:50.620276+00:00,timeseries_24h,12929,"{""timestamp"": 1785801600, ""avgHighPrice"": 3215290, ""avgLowPrice"": 3148355, ""highPriceVolume"": 721, ""lowPriceVolume"": 691}"
2026-08-05 00:00:00+00:00,1785888000,3193524.0,3125842,665,654,1319,2.16524059757339,67682.0,89272558.0,89272558.0,2026-08-07T15:43:50.620276+00:00,timeseries_24h,12929,"{""timestamp"": 1785888000, ""avgHighPrice"": 3193524, ""avgLowPrice"": 3125842, ""highPriceVolume"": 665, ""lowPriceVolume"": 654}"
